Date,Adj Close,MYRUSD Close,High,Low,Open,Volume
03/01/2022,0.239520952,0.239520952,0.24003841,0.239721909,0.24003841,0
04/01/2022,0.239808142,0.239808142,0.239750654,0.23900573,0.239406273,0
05/01/2022,0.23900573,0.23900573,0.238948628,0.238521159,0.238948628,0
06/01/2022,0.23854962,0.23854962,0.23854962,0.237473279,0.238435879,0
07/01/2022,0.237473279,0.237473279,0.238095254,0.237247914,0.237247914,0
10/01/2022,0.237699091,0.237699091,0.238265425,0.237699091,0.238265425,0
11/01/2022,0.238208666,0.238208666,0.238748953,0.238151953,0.238180295,0
12/01/2022,0.23866348,0.23866348,0.239549652,0.23866348,0.238863006,0
13/01/2022,0.23903431,0.23903431,0.239865661,0.23900573,0.239607036,0
14/01/2022,0.239520952,0.239520952,0.239721909,0.239102885,0.239635766,0
17/01/2022,0.239520952,0.239520952,0.239291698,0.2388345,0.23900573,0
18/01/2022,0.239177212,0.239177212,0.239406273,0.239177212,0.239177212,0
19/01/2022,0.239177212,0.239177212,0.239120036,0.238464281,0.238817364,0
20/01/2022,0.238606542,0.238606542,0.239120036,0.238606542,0.238777444,0
21/01/2022,0.2388345,0.2388345,0.239234462,0.238492742,0.238691971,0
24/01/2022,0.238948628,0.238948628,0.239177212,0.23866348,0.238977164,0
25/01/2022,0.238863006,0.238863006,0.23903431,0.238805965,0.238948628,0
26/01/2022,0.238777444,0.238777444,0.238863006,0.238635018,0.2388345,0
27/01/2022,0.23866348,0.23866348,0.23866348,0.237868696,0.238038555,0
28/01/2022,0.238379017,0.238379017,0.238920078,0.238180295,0.238350615,0
31/01/2022,0.238777444,0.238777444,0.239291698,0.238777444,0.238863006,0
01/02/2022,0.23900573,0.23900573,0.239062876,0.23900573,0.239062876,0
02/02/2022,0.23900573,0.23900573,0.239062876,0.23900573,0.239062876,0
03/02/2022,0.239177212,0.239177212,0.239520952,0.23900573,0.239320323,0
04/02/2022,0.239120036,0.239120036,0.239578351,0.23900573,0.23917152,0
07/02/2022,0.239348978,0.239348978,0.239348978,0.23903431,0.239148632,0
08/02/2022,0.23903431,0.23903431,0.239274532,0.238748953,0.239234462,0
09/02/2022,0.239102885,0.239102885,0.239177212,0.23900573,0.239148632,0
10/02/2022,0.239062876,0.239062876,0.239234462,0.239017144,0.239234462,0
11/02/2022,0.239120036,0.239120036,0.239120036,0.238805965,0.238920078,0
14/02/2022,0.238777444,0.238777444,0.238805965,0.238589466,0.238720447,0
15/02/2022,0.238777444,0.238777444,0.239062876,0.238777444,0.238891557,0
16/02/2022,0.239017144,0.239017144,0.239234462,0.2388345,0.239234462,0
17/02/2022,0.23903431,0.23903431,0.239291698,0.238948628,0.239291698,0
18/02/2022,0.238948628,0.238948628,0.239177212,0.238948628,0.239120036,0
21/02/2022,0.23900573,0.23900573,0.239549652,0.2388345,0.238863006,0
22/02/2022,0.239406273,0.239406273,0.239263058,0.23900573,0.239263058,0
23/02/2022,0.239062876,0.239062876,0.239245892,0.23903431,0.239205837,0
24/02/2022,0.23900573,0.23900573,0.23900573,0.237812132,0.23900573,0
25/02/2022,0.238180295,0.238180295,0.238521159,0.238066897,0.238066897,0
28/02/2022,0.238180295,0.238180295,0.23866348,0.237953603,0.237953603,0
01/03/2022,0.238322213,0.238322213,0.238691971,0.238293827,0.238407433,0
02/03/2022,0.238635018,0.238635018,0.238863006,0.238350615,0.238379017,0
03/03/2022,0.238492742,0.238492742,0.23903431,0.238492742,0.238492742,0
04/03/2022,0.23900573,0.23900573,0.239808142,0.238748953,0.238977164,0
07/03/2022,0.239463598,0.239463598,0.239635766,0.239320323,0.239377633,0
08/03/2022,0.239549652,0.239549652,0.239520952,0.23900573,0.239205837,0
09/03/2022,0.239234462,0.239234462,0.239291698,0.238748953,0.239062876,0
10/03/2022,0.238948628,0.238948628,0.239234462,0.238777444,0.239205837,0
11/03/2022,0.238891557,0.238891557,0.238920078,0.238492742,0.2388345,0
14/03/2022,0.23854962,0.23854962,0.238948628,0.237699091,0.238498405,0
15/03/2022,0.237953603,0.237953603,0.237981901,0.237586126,0.237755597,0
16/03/2022,0.237812132,0.237812132,0.238407433,0.237897009,0.238095254,0
17/03/2022,0.23866348,0.23866348,0.239205837,0.238379017,0.23866348,0
18/03/2022,0.238379017,0.238379017,0.238777444,0.237981901,0.238521159,0
21/03/2022,0.238606542,0.238606542,0.238635018,0.237953603,0.238379017,0
22/03/2022,0.237953603,0.237953603,0.237868696,0.233236164,0.237868696,0
23/03/2022,0.237247914,0.237247914,0.237529695,0.236826539,0.237445086,0
24/03/2022,0.236854568,0.236854568,0.236854568,0.236071765,0.236854568,0
25/03/2022,0.236742422,0.236742422,0.237642571,0.236658379,0.236854568,0
28/03/2022,0.237642571,0.237642571,0.237840399,0.236966833,0.237642571,0
29/03/2022,0.237304211,0.237304211,0.237473279,0.236540824,0.237304211,0
30/03/2022,0.237416908,0.237416908,0.238208666,0.237416908,0.237416908,0
31/03/2022,0.237953603,0.237953603,0.238151953,0.237840399,0.237953603,0
01/04/2022,0.237925291,0.237925291,0.237936631,0.237557918,0.237925291,0
04/04/2022,0.237642571,0.237642571,0.237642571,0.237107277,0.237642571,0
05/04/2022,0.237247914,0.237247914,0.237964913,0.237107277,0.237247914,0
06/04/2022,0.237586126,0.237586126,0.237614363,0.237107277,0.237586126,0
07/04/2022,0.237360567,0.237360567,0.237360567,0.237163529,0.237360567,0
08/04/2022,0.237202913,0.237202913,0.237202913,0.236938745,0.237202913,0
11/04/2022,0.237022996,0.237022996,0.237022996,0.236406624,0.236966833,0
12/04/2022,0.236518443,0.236518443,0.237022996,0.235876873,0.236406624,0
13/04/2022,0.23637867,0.23637867,0.236742422,0.236350745,0.23637867,0
14/04/2022,0.236462519,0.236462519,0.236966833,0.236462519,0.236462519,0
15/04/2022,0.236406624,0.236406624,0.236406624,0.236239091,0.236406624,0
18/04/2022,0.236239091,0.236239091,0.236266971,0.235045254,0.236239091,0
19/04/2022,0.235183448,0.235183448,0.235183448,0.235128164,0.235183448,0
20/04/2022,0.235128164,0.235128164,0.235183448,0.233100235,0.235128164,0
21/04/2022,0.233699471,0.233699471,0.233699471,0.232937321,0.233699471,0
22/04/2022,0.233181775,0.233181775,0.233181775,0.231294081,0.233181775,0
25/04/2022,0.231347591,0.231347591,0.231347591,0.229673862,0.231347591,0
26/04/2022,0.229621127,0.229621127,0.231347591,0.229726613,0.229621127,0
27/04/2022,0.231347591,0.231347591,0.229726613,0.229436725,0.231347591,0
28/04/2022,0.229489386,0.229489386,0.229594752,0.22904259,0.229489386,0
29/04/2022,0.229278922,0.229278922,0.230070174,0.229331508,0.229278922,0
02/05/2022,0.229832232,0.229832232,0.229832232,0.229779392,0.229832232,0
03/05/2022,0.229779392,0.229779392,0.229832232,0.229779392,0.229779392,0
04/05/2022,0.229779392,0.229779392,0.229832232,0.229779392,0.229779392,0
05/05/2022,0.229779392,0.229779392,0.23085092,0.229779392,0.229779392,0
06/05/2022,0.23001726,0.23001726,0.230043709,0.228649825,0.23001726,0
09/05/2022,0.228963941,0.228963941,0.228963941,0.228206307,0.228963941,0
10/05/2022,0.228258386,0.228258386,0.228728265,0.228206307,0.228258386,0
11/05/2022,0.228336573,0.228336573,0.228623688,0.228154242,0.228336573,0
12/05/2022,0.228623688,0.228623688,0.22857143,0.22774893,0.228623688,0
13/05/2022,0.227738574,0.227738574,0.227790445,0.227505401,0.227738574,0
16/05/2022,0.227505401,0.227505401,0.227505401,0.227479532,0.227505401,0
17/05/2022,0.227505401,0.227505401,0.237925291,0.227505401,0.227505401,0
18/05/2022,0.228180259,0.228180259,0.22812821,0.227634862,0.228180259,0
19/05/2022,0.227608979,0.227608979,0.227608979,0.22701475,0.227608979,0
20/05/2022,0.227272719,0.227272719,0.22802417,0.22714366,0.227272719,0
23/05/2022,0.227972195,0.227972195,0.228388712,0.227738574,0.227972195,0
24/05/2022,0.227946207,0.227946207,0.228102192,0.227583066,0.227946207,0
25/05/2022,0.227634862,0.227634862,0.228050157,0.227531284,0.227634862,0
26/05/2022,0.227634862,0.227634862,0.227738574,0.227350235,0.227634862,0
27/05/2022,0.227505401,0.227505401,0.228519201,0.227479532,0.227505401,0
30/05/2022,0.22849308,0.22849308,0.229173824,0.22849308,0.22849308,0
31/05/2022,0.229158074,0.229158074,0.229068831,0.228336573,0.229158074,0
01/06/2022,0.228519201,0.228519201,0.228519201,0.227946207,0.228519201,0
02/06/2022,0.228284448,0.228284448,0.228284448,0.22766079,0.228284448,0
03/06/2022,0.227842331,0.227842331,0.228466988,0.227842331,0.227842331,0
06/06/2022,0.227868274,0.227868274,0.227946207,0.227842331,0.227868274,0
07/06/2022,0.227842331,0.227842331,0.227946207,0.227505401,0.227842331,0
08/06/2022,0.227634862,0.227634862,0.227920234,0.227634862,0.227634862,0
09/06/2022,0.227712631,0.227712631,0.227816373,0.227583066,0.227712631,0
10/06/2022,0.227738574,0.227738574,0.227686688,0.227267548,0.227738574,0
13/06/2022,0.227298558,0.227298558,0.227298558,0.226346746,0.227298558,0
14/06/2022,0.226449281,0.226449281,0.226449281,0.226065323,0.226449281,0
15/06/2022,0.226244345,0.226244345,0.226705968,0.226244345,0.226244345,0
16/06/2022,0.226705968,0.226705968,0.227557182,0.226757377,0.226705968,0
17/06/2022,0.227272719,0.227272719,0.227634862,0.227272719,0.227272719,0
20/06/2022,0.227298558,0.227298558,0.227401927,0.227272719,0.227298558,0
21/06/2022,0.227324381,0.227324381,0.227557182,0.227272719,0.227324381,0
22/06/2022,0.227479532,0.227479532,0.227479532,0.227117881,0.227479532,0
23/06/2022,0.227117881,0.227117881,0.227272719,0.22701475,0.227117881,0
24/06/2022,0.227066308,0.227066308,0.227324381,0.227066308,0.227066308,0
27/06/2022,0.227298558,0.227298558,0.227531284,0.227092087,0.227298558,0
28/06/2022,0.227195263,0.227195263,0.22766079,0.227221087,0.227195263,0
29/06/2022,0.227557182,0.227557182,0.227412283,0.227350235,0.227557182,0
30/06/2022,0.227412283,0.227412283,0.227324381,0.226963222,0.227412283,0
01/07/2022,0.22701475,0.22701475,0.22714366,0.226886004,0.22701475,0
04/07/2022,0.227040529,0.227040529,0.227040529,0.22671625,0.227040529,0
05/07/2022,0.226731658,0.226731658,0.226757377,0.226398021,0.226731658,0
06/07/2022,0.226398021,0.226398021,0.226346746,0.226116449,0.226398021,0
07/07/2022,0.226142019,0.226142019,0.226193175,0.225963175,0.226142019,0
08/07/2022,0.225963175,0.225963175,0.226244345,0.225963175,0.225963175,0
11/07/2022,0.226014242,0.226014242,0.226014242,0.226014242,0.226014242,0
12/07/2022,0.226014242,0.226014242,0.225988686,0.225499481,0.226014242,0
13/07/2022,0.225504562,0.225504562,0.225861102,0.225453719,0.225504562,0
14/07/2022,0.225504562,0.225504562,0.225555435,0.225149155,0.225504562,0
15/07/2022,0.225149155,0.225149155,0.225174516,0.224845409,0.225149155,0
18/07/2022,0.224895999,0.224895999,0.225479141,0.22469385,0.224895999,0
19/07/2022,0.22469385,0.22469385,0.224946573,0.224441692,0.22469385,0
20/07/2022,0.224845409,0.224845409,0.225073159,0.22469385,0.224845409,0
21/07/2022,0.22474435,0.22474435,0.224668607,0.22446689,0.22474435,0
22/07/2022,0.224492073,0.224492073,0.224820152,0.224441692,0.224492073,0
25/07/2022,0.22474435,0.22474435,0.224820152,0.224517286,0.22474435,0
26/07/2022,0.224668607,0.224668607,0.224668607,0.224492073,0.224668607,0
27/07/2022,0.224542499,0.224542499,0.22446689,0.224290684,0.224542499,0
28/07/2022,0.224416524,0.224416524,0.224971876,0.224341005,0.224416524,0
29/07/2022,0.224719107,0.224719107,0.224971876,0.224794865,0.224719107,0
01/08/2022,0.224820152,0.224820152,0.224845409,0.224643379,0.224820152,0
02/08/2022,0.224719107,0.224719107,0.224719107,0.224492073,0.224719107,0
03/08/2022,0.224567696,0.224567696,0.224567696,0.224391341,0.224567696,0
04/08/2022,0.22446689,0.22446689,0.224643379,0.224441692,0.22446689,0
05/08/2022,0.224416524,0.224416524,0.224703938,0.224416524,0.224416524,0
08/08/2022,0.224542499,0.224542499,0.22446689,0.224190131,0.224542499,0
09/08/2022,0.224391341,0.224391341,0.224719107,0.224366173,0.224391341,0
10/08/2022,0.224567696,0.224567696,0.224577799,0.224492073,0.224567696,0
11/08/2022,0.22446689,0.22446689,0.225275964,0.22446689,0.22446689,0
12/08/2022,0.225073159,0.225073159,0.225504562,0.22446689,0.225073159,0
15/08/2022,0.225133955,0.225133955,0.225133955,0.224366173,0.225133955,0
16/08/2022,0.224366173,0.224366173,0.224366173,0.223989248,0.224366173,0
17/08/2022,0.224014327,0.224014327,0.224215239,0.223908991,0.224014327,0
18/08/2022,0.223939091,0.223939091,0.223989248,0.22361359,0.223939091,0
19/08/2022,0.22361359,0.22361359,0.22361359,0.223338917,0.22361359,0
22/08/2022,0.223513633,0.223513633,0.223513633,0.223040029,0.223513633,0
23/08/2022,0.223089784,0.223089784,0.223064914,0.222816408,0.223089784,0
24/08/2022,0.222702265,0.222702265,0.223139569,0.222702265,0.222702265,0
25/08/2022,0.222890899,0.222890899,0.223914012,0.222965434,0.222890899,0
26/08/2022,0.223713651,0.223713651,0.223964155,0.223563597,0.223713651,0
29/08/2022,0.223964155,0.223964155,0.223964155,0.222791567,0.223964155,0
30/08/2022,0.223239213,0.223239213,0.223563597,0.222816408,0.223239213,0
31/08/2022,0.223513633,0.223513633,0.223563597,0.223513633,0.223513633,0
01/09/2022,0.223538622,0.223538622,0.223563597,0.223089784,0.223538622,0
02/09/2022,0.223289058,0.223289058,0.223264113,0.223064914,0.223289058,0
05/09/2022,0.223139569,0.223139569,0.224114746,0.222692356,0.223139569,0
06/09/2022,0.222727075,0.222727075,0.222965434,0.222345755,0.222727075,0
07/09/2022,0.222321019,0.222321019,0.222722098,0.222123504,0.222222224,0
08/09/2022,0.222271606,0.222271606,0.222444668,0.222296327,0.222271606,0
09/09/2022,0.222518921,0.222518921,0.222593218,0.222271606,0.222518921,0
12/09/2022,0.222444668,0.222444668,0.222518921,0.222148165,0.222444668,0
13/09/2022,0.222172856,0.222172856,0.222197518,0.221950963,0.222172856,0
14/09/2022,0.222098827,0.222098827,0.221950963,0.221018896,0.222098827,0
15/09/2022,0.221018896,0.221018896,0.221018896,0.220628798,0.221018896,0
16/09/2022,0.220628798,0.220628798,0.220628798,0.22060445,0.220628798,0
19/09/2022,0.220628798,0.220628798,0.22075054,0.21990104,0.220628798,0
20/09/2022,0.21990104,0.21990104,0.23900573,0.219490767,0.21990104,0
21/09/2022,0.219490767,0.219490767,0.227479532,0.218986079,0.219490767,0
22/09/2022,0.219780207,0.219780207,0.221707866,0.218866289,0.219780207,0
23/09/2022,0.219058052,0.219058052,0.219058052,0.21853146,0.219058052,0
26/09/2022,0.21853146,0.21853146,0.21853146,0.217367679,0.21853146,0
27/09/2022,0.218483716,0.218483716,0.217344061,0.216966793,0.218483716,0
28/09/2022,0.216990337,0.216990337,0.216966793,0.216122761,0.216990337,0
29/09/2022,0.216076076,0.216076076,0.216567412,0.215285257,0.216076076,0
30/09/2022,0.2159594,0.2159594,0.216379955,0.215586931,0.2159594,0
03/10/2022,0.215773001,0.215773001,0.215773001,0.215123162,0.215773001,0
04/10/2022,0.21526207,0.21526207,0.215540454,0.215238914,0.21526207,0
05/10/2022,0.215633437,0.215633437,0.216146111,0.215586931,0.215633437,0
06/10/2022,0.216029376,0.216029376,0.216122761,0.215749726,0.216029376,0
07/10/2022,0.215749726,0.215749726,0.215749726,0.215007529,0.215749726,0
10/10/2022,0.215169445,0.215169445,0.215169445,0.215146303,0.215169445,0
11/10/2022,0.215146303,0.215146303,0.214619905,0.214109853,0.215146303,0
12/10/2022,0.21408692,0.21408692,0.214109853,0.213515535,0.21408692,0
13/10/2022,0.213675216,0.213675216,0.213720888,0.213265076,0.213675216,0
14/10/2022,0.213219613,0.213219613,0.213265076,0.212743327,0.213219613,0
17/10/2022,0.212788597,0.212788597,0.212788597,0.212089077,0.212788597,0
18/10/2022,0.212111577,0.212111577,0.21238187,0.21193175,0.212111577,0
19/10/2022,0.212089077,0.212089077,0.212224111,0.211752251,0.212089077,0
20/10/2022,0.211954221,0.211954221,0.211954221,0.211528286,0.211954221,0
21/10/2022,0.211550653,0.211550653,0.211550653,0.211148649,0.211550653,0
24/10/2022,0.211170956,0.211170956,0.211170956,0.211148649,0.211170956,0
25/10/2022,0.211170956,0.211170956,0.211349458,0.210992724,0.211170956,0
26/10/2022,0.211304799,0.211304799,0.212246627,0.211304799,0.211304799,0
27/10/2022,0.212269157,0.212269157,0.212765962,0.21220158,0.212269157,0
28/10/2022,0.212179095,0.212179095,0.212179095,0.211707428,0.212179095,0
31/10/2022,0.211864412,0.211864412,0.211864412,0.211327136,0.211864412,0
01/11/2022,0.211864412,0.211864412,0.211864412,0.211215556,0.211864412,0
02/11/2022,0.211237848,0.211237848,0.211193234,0.210881487,0.211237848,0
03/11/2022,0.211148649,0.211148649,0.211193234,0.210814789,0.211148649,0
04/11/2022,0.210881487,0.210881487,0.210881487,0.21070376,0.210881487,0
07/11/2022,0.210725948,0.210725948,0.21110408,0.21070376,0.210725948,0
08/11/2022,0.210725948,0.210725948,0.211304799,0.210903734,0.210725948,0
09/11/2022,0.211237848,0.211237848,0.213652387,0.211193234,0.211237848,0
10/11/2022,0.213242352,0.213242352,0.21331057,0.212269157,0.213242352,0
11/11/2022,0.212856531,0.212856531,0.217037439,0.212856531,0.212856531,0
14/11/2022,0.216216221,0.216216221,0.218197674,0.216473639,0.216216221,0
15/11/2022,0.217746317,0.217746317,0.220507175,0.217722625,0.217746317,0
16/11/2022,0.219178081,0.219178081,0.222469419,0.219178081,0.219178081,0
17/11/2022,0.220143095,0.220143095,0.220385686,0.218818367,0.220143095,0
18/11/2022,0.219717443,0.219717443,0.219780207,0.219717443,0.219717443,0
21/11/2022,0.219717443,0.219717443,0.219635412,0.218150079,0.219717443,0
22/11/2022,0.218507603,0.218507603,0.218866289,0.218221501,0.218507603,0
23/11/2022,0.218938142,0.218938142,0.218818367,0.21853146,0.218938142,0
24/11/2022,0.218722656,0.218722656,0.223089784,0.218866289,0.218722656,0
25/11/2022,0.222593218,0.222593218,0.224618137,0.223189369,0.222593218,0
28/11/2022,0.223338917,0.223338917,0.223463699,0.223338917,0.223338917,0
29/11/2022,0.223463699,0.223463699,0.223463699,0.221803263,0.223463699,0
30/11/2022,0.22191155,0.22191155,0.225149155,0.221704915,0.22191155,0
01/12/2022,0.223448709,0.223448709,0.227169469,0.223448709,0.223448709,0
02/12/2022,0.22714366,0.22714366,0.228440881,0.22714366,0.22714366,0
05/12/2022,0.22802417,0.22802417,0.22941041,0.228050157,0.22802417,0
06/12/2022,0.22904259,0.22904259,0.228754431,0.227401927,0.22904259,0
07/12/2022,0.22766079,0.22766079,0.22766079,0.226705968,0.22766079,0
08/12/2022,0.227531284,0.227531284,0.227920234,0.226911724,0.227531284,0
09/12/2022,0.227505401,0.227505401,0.228050157,0.226423636,0.227505401,0
12/12/2022,0.227221087,0.227221087,0.226886004,0.226014242,0.227221087,0
13/12/2022,0.226526216,0.226526216,0.227272719,0.225529999,0.226526216,0
14/12/2022,0.225937635,0.225937635,0.227842331,0.226090893,0.225937635,0
15/12/2022,0.227894261,0.227894261,0.227557182,0.226372376,0.227894261,0
16/12/2022,0.226551875,0.226551875,0.226551875,0.225963175,0.226551875,0
19/12/2022,0.226142019,0.226142019,0.226500571,0.226090893,0.226142019,0
20/12/2022,0.226090893,0.226090893,0.226193175,0.225479141,0.226090893,0
21/12/2022,0.225682676,0.225682676,0.225657225,0.225250602,0.225682676,0
22/12/2022,0.225529999,0.225529999,0.226116449,0.225529999,0.225529999,0
23/12/2022,0.226142019,0.226142019,0.226346746,0.225606322,0.226142019,0
26/12/2022,0.226116449,0.226116449,0.226142019,0.226116449,0.226116449,0
27/12/2022,0.226116449,0.226116449,0.226500571,0.226167575,0.226116449,0
28/12/2022,0.226244345,0.226244345,0.226500571,0.225413084,0.226244345,0
29/12/2022,0.226244345,0.226244345,0.226423636,0.225937635,0.226244345,0
30/12/2022,0.226244345,0.226244345,0.227920234,0.226500571,0.226244345,0
02/01/2023,0.22714366,0.22714366,0.22714366,0.22714366,0.22714366,0
03/01/2023,0.22714366,0.22714366,0.227920234,0.227092087,0.22714366,0
04/01/2023,0.227092087,0.227092087,0.227453649,0.226886004,0.227092087,0
05/01/2023,0.227169469,0.227169469,0.22802417,0.227040529,0.227169469,0
06/01/2023,0.228050157,0.228050157,0.228050157,0.227221087,0.228050157,0
09/01/2023,0.227221087,0.227221087,0.229016379,0.227221087,0.227221087,0
10/01/2023,0.228675961,0.228675961,0.228885338,0.228519201,0.228675961,0
11/01/2023,0.22883296,0.22883296,0.22893773,0.228649825,0.22883296,0
12/01/2023,0.228885338,0.228885338,0.229542062,0.228885338,0.228885338,0
13/01/2023,0.229515731,0.229515731,0.231080309,0.229515731,0.229515731,0
16/01/2023,0.230813622,0.230813622,0.232045472,0.230760366,0.230813622,0
17/01/2023,0.231830299,0.231830299,0.231937841,0.23059541,0.231830299,0
18/01/2023,0.231267348,0.231267348,0.231964752,0.230547547,0.231267348,0
19/01/2023,0.231964752,0.231964752,0.232639283,0.231294081,0.231964752,0
20/01/2023,0.232234076,0.232234076,0.233513907,0.232612252,0.232234076,0
23/01/2023,0.233481199,0.233481199,0.233481199,0.232234076,0.233481199,0
24/01/2023,0.233535722,0.233535722,0.233535722,0.233535722,0.233535722,0
25/01/2023,0.233535722,0.233535722,0.23490721,0.233372241,0.233535722,0
26/01/2023,0.233481199,0.233481199,0.235821247,0.234879613,0.233481199,0
27/01/2023,0.235682294,0.235682294,0.23679848,0.235710084,0.235682294,0
30/01/2023,0.235765651,0.235765651,0.236211166,0.235515788,0.235765651,0
31/01/2023,0.235765651,0.235765651,0.235710084,0.234560087,0.235765651,0
01/02/2023,0.234560087,0.234560087,0.234560087,0.234560087,0.234560087,0
02/02/2023,0.23454906,0.23454906,0.236832127,0.235626772,0.23454906,0
03/02/2023,0.235682294,0.235682294,0.235155791,0.233781412,0.235682294,0
06/02/2023,0.234990016,0.234990016,0.234990016,0.234990016,0.234990016,0
07/02/2023,0.23460412,0.23460412,0.233781412,0.23201856,0.23460412,0
08/02/2023,0.23250407,0.23250407,0.233018756,0.23250407,0.23250407,0
09/02/2023,0.232693419,0.232693419,0.232693419,0.23169601,0.232693419,0
10/02/2023,0.231910959,0.231910959,0.231615514,0.23092021,0.231910959,0
13/02/2023,0.230946884,0.230946884,0.230547547,0.229357794,0.230946884,0
14/02/2023,0.229357794,0.229357794,0.230388209,0.229568407,0.229357794,0
15/02/2023,0.230043709,0.230043709,0.229621127,0.227557182,0.230043709,0
16/02/2023,0.227790445,0.227790445,0.227998167,0.226346746,0.227790445,0
17/02/2023,0.227195263,0.227195263,0.22714366,0.225606322,0.227195263,0
20/02/2023,0.225759104,0.225759104,0.226193175,0.225733638,0.225759104,0
21/02/2023,0.225835592,0.225835592,0.225891709,0.225667402,0.225835592,0
22/02/2023,0.225733638,0.225733638,0.225606322,0.225123823,0.225733638,0
23/02/2023,0.225275964,0.225275964,0.225810081,0.225098476,0.225275964,0
24/02/2023,0.225657225,0.225657225,0.225733638,0.225402907,0.225657225,0
27/02/2023,0.225580871,0.225580871,0.225580871,0.223363847,0.225580871,0
28/02/2023,0.223563597,0.223563597,0.224215239,0.222890899,0.223563597,0
01/03/2023,0.222965434,0.222965434,0.223813787,0.222444668,0.222965434,0
02/03/2023,0.223713651,0.223713651,0.223863885,0.223015159,0.223713651,0
03/03/2023,0.223563597,0.223563597,0.223838821,0.223214284,0.223563597,0
06/03/2023,0.223538622,0.223538622,0.224139854,0.22343871,0.223538622,0
07/03/2023,0.223538622,0.223538622,0.223713651,0.223413765,0.223538622,0
08/03/2023,0.22343871,0.22343871,0.222593218,0.221092209,0.22343871,0
09/03/2023,0.2211411,0.2211411,0.221434906,0.220799297,0.2211411,0
10/03/2023,0.221287891,0.221287891,0.221557543,0.221116632,0.221287891,0
13/03/2023,0.221385866,0.221385866,0.223338917,0.221361369,0.221385866,0
14/03/2023,0.222504064,0.222504064,0.22373867,0.222593218,0.222504064,0
15/03/2023,0.223114684,0.223114684,0.223964155,0.222990304,0.223114684,0
16/03/2023,0.223149538,0.223149538,0.223214284,0.221852466,0.223149538,0
17/03/2023,0.222222224,0.222222224,0.223463699,0.222098827,0.222222224,0
20/03/2023,0.223064914,0.223064914,0.224014327,0.222741947,0.223064914,0
21/03/2023,0.223040029,0.223040029,0.223838821,0.22343871,0.223040029,0
22/03/2023,0.223713651,0.223713651,0.22469385,0.223588601,0.223713651,0
23/03/2023,0.224592939,0.224592939,0.226860255,0.225098476,0.224592939,0
24/03/2023,0.226474911,0.226474911,0.226398021,0.225886598,0.226474911,0
27/03/2023,0.225963175,0.225963175,0.226346746,0.225682676,0.225963175,0
28/03/2023,0.226346746,0.226346746,0.228180259,0.226295531,0.226346746,0
29/03/2023,0.226886004,0.226886004,0.227790445,0.226244345,0.227790445,0
30/03/2023,0.226249471,0.226249471,0.226500571,0.225988686,0.226249471,0
31/03/2023,0.226244345,0.226244345,0.227066308,0.22621876,0.226244345,0
03/04/2023,0.226731658,0.226731658,0.226757377,0.226193175,0.226731658,0
04/04/2023,0.226398021,0.226398021,0.227350235,0.226398021,0.226398021,0
05/04/2023,0.227066308,0.227066308,0.227686688,0.227066308,0.227066308,0
06/04/2023,0.227427796,0.227427796,0.227453649,0.227066308,0.227427796,0
07/04/2023,0.227453649,0.227453649,0.227479532,0.22724691,0.227453649,0
10/04/2023,0.226731658,0.226731658,0.227272719,0.226731658,0.226731658,0
11/04/2023,0.226705968,0.226705968,0.226860255,0.226269946,0.226705968,0
12/04/2023,0.226449281,0.226449281,0.226989001,0.226449281,0.226449281,0
13/04/2023,0.226757377,0.226757377,0.227401927,0.226757377,0.226757377,0
14/04/2023,0.227376089,0.227376089,0.228388712,0.22724691,0.227376089,0
17/04/2023,0.227298558,0.227298558,0.227298558,0.22621876,0.227298558,0
18/04/2023,0.226269946,0.226269946,0.226295531,0.225225225,0.226269946,0
19/04/2023,0.225631759,0.225631759,0.226116449,0.225098476,0.225631759,0
20/04/2023,0.225861102,0.225861102,0.225861102,0.225453719,0.225861102,0
21/04/2023,0.225453719,0.225453719,0.225453719,0.225453719,0.225453719,0
24/04/2023,0.225479141,0.225479141,0.225479141,0.225463897,0.225479141,0
25/04/2023,0.225463897,0.225463897,0.225988686,0.224794865,0.225463897,0
26/04/2023,0.225073159,0.225073159,0.224567696,0.224114746,0.225073159,0
27/04/2023,0.22446689,0.22446689,0.224567696,0.224190131,0.22446689,0
28/04/2023,0.224215239,0.224215239,0.22446689,0.224164993,0.224215239,0
01/05/2023,0.224315822,0.224315822,0.224315822,0.224315822,0.224315822,0
02/05/2023,0.224315822,0.224315822,0.22446689,0.219852701,0.224315822,0
03/05/2023,0.224114746,0.224114746,0.224820152,0.224114746,0.224114746,0
04/05/2023,0.22469385,0.22469385,0.224719107,0.22469385,0.22469385,0
05/05/2023,0.224668607,0.224668607,0.225606322,0.224668607,0.224668607,0
08/05/2023,0.225504562,0.225504562,0.225631759,0.225225225,0.225504562,0
09/05/2023,0.225479141,0.225479141,0.225504562,0.224820152,0.225479141,0
10/05/2023,0.224870697,0.224870697,0.224921271,0.224416524,0.224870697,0
11/05/2023,0.224870697,0.224870697,0.224870697,0.223939091,0.224870697,0
12/05/2023,0.224089637,0.224089637,0.224215239,0.223313972,0.224089637,0
15/05/2023,0.223388806,0.223388806,0.222965434,0.222148165,0.223388806,0
16/05/2023,0.222469419,0.222469419,0.222717166,0.222098827,0.222469419,0
17/05/2023,0.222617984,0.222617984,0.222518921,0.221018896,0.222617984,0
18/05/2023,0.221238941,0.221238941,0.221361369,0.220555797,0.221238941,0
19/05/2023,0.220555797,0.220555797,0.220580116,0.219756082,0.220555797,0
22/05/2023,0.220458567,0.220458567,0.220701829,0.219828546,0.220458567,0
23/05/2023,0.219997808,0.219997808,0.220094636,0.218866289,0.219997808,0
24/05/2023,0.218962118,0.218962118,0.218866289,0.21777004,0.218962118,0
25/05/2023,0.217912391,0.217912391,0.217912391,0.216309756,0.217912391,0
26/05/2023,0.216309756,0.216309756,0.217533171,0.215703189,0.216309756,0
29/05/2023,0.217462227,0.217462227,0.217722625,0.216637775,0.217462227,0
30/05/2023,0.21727322,0.21727322,0.217462227,0.216661245,0.21727322,0
31/05/2023,0.21748586,0.21748586,0.217533171,0.216342509,0.21748586,0
01/06/2023,0.216778666,0.216778666,0.217060998,0.216614321,0.216778666,0
02/06/2023,0.216872692,0.216872692,0.218627021,0.217367679,0.216872692,0
05/06/2023,0.218579248,0.218579248,0.218579248,0.218579248,0.218579248,0
06/06/2023,0.218579248,0.218579248,0.217983648,0.217155263,0.218579248,0
07/06/2023,0.217155263,0.217155263,0.217651531,0.217155263,0.217155263,0
08/06/2023,0.217155263,0.217155263,0.21727322,0.21642679,0.217155263,0
09/06/2023,0.216590852,0.216590852,0.217320442,0.216684729,0.216590852,0
12/06/2023,0.216849193,0.216849193,0.216849193,0.216239601,0.216849193,0
13/06/2023,0.216567412,0.216567412,0.216731697,0.216192842,0.216567412,0
14/06/2023,0.216731697,0.216731697,0.216731697,0.216497079,0.216731697,0
15/06/2023,0.216497079,0.216497079,0.216708198,0.215842873,0.216497079,0
16/06/2023,0.216286376,0.216286376,0.217556834,0.216520503,0.216286376,0
19/06/2023,0.216825679,0.216825679,0.216943279,0.216216221,0.216825679,0
20/06/2023,0.216216221,0.216216221,0.216122761,0.215610176,0.216216221,0
21/06/2023,0.215610176,0.215610176,0.215610176,0.215076894,0.215610176,0
22/06/2023,0.215331614,0.215331614,0.215633437,0.215030655,0.215331614,0
23/06/2023,0.215146303,0.215146303,0.215377986,0.213926628,0.215146303,0
26/06/2023,0.213949516,0.213949516,0.214178622,0.21331057,0.213949516,0
27/06/2023,0.21408692,0.21408692,0.214707464,0.213857993,0.21408692,0
28/06/2023,0.214500204,0.214500204,0.21477662,0.214155704,0.214500204,0
29/06/2023,0.214178622,0.214178622,0.214178622,0.214155704,0.214178622,0
30/06/2023,0.214178622,0.214178622,0.214845851,0.213378847,0.214178622,0
03/07/2023,0.214362279,0.214362279,0.214592278,0.214018181,0.214362279,0
04/07/2023,0.214385241,0.214385241,0.215146303,0.214362279,0.214385241,0
05/07/2023,0.215076894,0.215076894,0.215679944,0.214408234,0.215076894,0
06/07/2023,0.215053752,0.215053752,0.214989036,0.214293361,0.215053752,0
07/07/2023,0.214592278,0.214592278,0.214546248,0.214164853,0.214592278,0
10/07/2023,0.214270413,0.214270413,0.214938194,0.214178622,0.214270413,0
11/07/2023,0.214224502,0.214224502,0.214892015,0.214431226,0.214224502,0
12/07/2023,0.214799702,0.214799702,0.21526207,0.214938194,0.214799702,0
13/07/2023,0.215146303,0.215146303,0.21805495,0.216309756,0.215146303,0
14/07/2023,0.218007416,0.218007416,0.2215821,0.218221501,0.218007416,0
17/07/2023,0.221067756,0.221067756,0.220994473,0.219490767,0.221067756,0
18/07/2023,0.22040996,0.22040996,0.220799297,0.220143095,0.22040996,0
19/07/2023,0.220264316,0.220264316,0.220264316,0.220264316,0.220264316,0
20/07/2023,0.220264316,0.220264316,0.220312849,0.219418541,0.220264316,0
21/07/2023,0.220264316,0.220264316,0.219828546,0.219250172,0.220264316,0
24/07/2023,0.219130054,0.219130054,0.219274193,0.21834062,0.219130054,0
25/07/2023,0.218770504,0.218770504,0.219418541,0.218746588,0.218770504,0
26/07/2023,0.218770504,0.218770504,0.219978452,0.21915406,0.218770504,0
27/07/2023,0.219780207,0.219780207,0.221483946,0.219925225,0.219780207,0
28/07/2023,0.221336871,0.221336871,0.220215812,0.219563067,0.221336871,0
31/07/2023,0.219683647,0.219683647,0.222474352,0.219635412,0.219683647,0
01/08/2023,0.220848069,0.220848069,0.222000226,0.220848069,0.220848069,0
02/08/2023,0.221263424,0.221263424,0.221238941,0.220070422,0.221263424,0
03/08/2023,0.219563067,0.219563067,0.219780207,0.219202116,0.219563067,0
04/08/2023,0.220191568,0.220191568,0.220264316,0.219538972,0.220191568,0
07/08/2023,0.219659537,0.219659537,0.220143095,0.219298244,0.219659537,0
08/08/2023,0.219466701,0.219466701,0.219466701,0.218316779,0.219466701,0
09/08/2023,0.21834062,0.21834062,0.21901007,0.217983648,0.21834062,0
10/08/2023,0.21889022,0.21889022,0.218871057,0.218579248,0.21889022,0
11/08/2023,0.218842328,0.218842328,0.218746588,0.21805495,0.218842328,0
14/08/2023,0.218126297,0.218126297,0.220264316,0.216708198,0.218126297,0
15/08/2023,0.216590852,0.216590852,0.216708198,0.215679944,0.216590852,0
16/08/2023,0.215842873,0.215842873,0.216216221,0.2153548,0.215842873,0
17/08/2023,0.216122761,0.216122761,0.216122761,0.215053752,0.216122761,0
18/08/2023,0.215053752,0.215053752,0.215796292,0.215053752,0.215053752,0
21/08/2023,0.215285257,0.215285257,0.215285257,0.214984402,0.215285257,0
22/08/2023,0.215215743,0.215215743,0.215285257,0.215053752,0.215215743,0
23/08/2023,0.215238914,0.215238914,0.21510002,0.21477662,0.215238914,0
24/08/2023,0.215238914,0.215238914,0.215572983,0.214868933,0.215238914,0
25/08/2023,0.215377986,0.215377986,0.215796292,0.214915112,0.215377986,0
28/08/2023,0.215633437,0.215633437,0.215656668,0.214892015,0.215633437,0
29/08/2023,0.214961305,0.214961305,0.215470821,0.215007529,0.214961305,0
30/08/2023,0.215377986,0.215377986,0.21598272,0.215331614,0.215377986,0
31/08/2023,0.215633437,0.215633437,0.215633437,0.215633437,0.215633437,0
01/09/2023,0.215633437,0.215633437,0.216146111,0.215238914,0.215633437,0
04/09/2023,0.215285257,0.215285257,0.215424374,0.214799702,0.215285257,0
05/09/2023,0.214938194,0.214938194,0.215401188,0.214569256,0.214938194,0
06/09/2023,0.215401188,0.215401188,0.214454204,0.213926628,0.215401188,0
07/09/2023,0.214041099,0.214041099,0.214109853,0.213789433,0.214041099,0
08/09/2023,0.213812277,0.213812277,0.21408692,0.213720888,0.213812277,0
11/09/2023,0.213949516,0.213949516,0.214132756,0.21390374,0.213949516,0
12/09/2023,0.214041099,0.214041099,0.214132756,0.21390374,0.214041099,0
13/09/2023,0.21390374,0.21390374,0.214155704,0.213638693,0.21390374,0
14/09/2023,0.21390374,0.21390374,0.21390374,0.213652387,0.21390374,0
15/09/2023,0.213720888,0.213720888,0.213857993,0.213447168,0.213720888,0
18/09/2023,0.213606745,0.213606745,0.213720888,0.213242352,0.213606745,0
19/09/2023,0.213378847,0.213378847,0.213447168,0.213015229,0.213378847,0
20/09/2023,0.213037938,0.213037938,0.213606745,0.213037938,0.213037938,0
21/09/2023,0.213515535,0.213515535,0.213652387,0.212924525,0.213515535,0
22/09/2023,0.213265076,0.213265076,0.213492736,0.213196903,0.213265076,0
25/09/2023,0.213447168,0.213447168,0.213606745,0.213447168,0.213447168,0
26/09/2023,0.213538319,0.213538319,0.213538319,0.213205978,0.213538319,0
27/09/2023,0.213333338,0.213333338,0.21331057,0.212517262,0.213333338,0
28/09/2023,0.212494701,0.212494701,0.212517262,0.212494701,0.212494701,0
29/09/2023,0.212494701,0.212494701,0.213583931,0.21294719,0.212494701,0
02/10/2023,0.213092402,0.213092402,0.213174164,0.212111577,0.213092402,0
03/10/2023,0.212111577,0.212111577,0.212089077,0.211707428,0.212111577,0
04/10/2023,0.211774662,0.211774662,0.211864412,0.211170956,0.211774662,0
05/10/2023,0.211461186,0.211461186,0.211999148,0.211461186,0.211461186,0
06/10/2023,0.211640209,0.211640209,0.212269157,0.211841971,0.211640209,0
09/10/2023,0.212269157,0.212269157,0.212269157,0.211358413,0.212269157,0
10/10/2023,0.21143885,0.21143885,0.211685017,0.211215556,0.21143885,0
11/10/2023,0.211685017,0.211685017,0.212044105,0.211573049,0.211685017,0
12/10/2023,0.212044105,0.212044105,0.212404415,0.211774662,0.212044105,0
13/10/2023,0.212314218,0.212314218,0.211685017,0.211237848,0.212314218,0
16/10/2023,0.211595431,0.211595431,0.212314218,0.210970476,0.211595431,0
17/10/2023,0.21126017,0.21126017,0.21150592,0.211215556,0.21126017,0
18/10/2023,0.211237848,0.211237848,0.21126017,0.210725948,0.211237848,0
19/10/2023,0.210881487,0.210881487,0.210881487,0.209863588,0.210881487,0
20/10/2023,0.209973767,0.209973767,0.210084021,0.209205016,0.209973767,0
23/10/2023,0.209863588,0.209863588,0.209863588,0.208746463,0.209863588,0
24/10/2023,0.209863588,0.209863588,0.209424078,0.209030107,0.209863588,0
25/10/2023,0.208877295,0.208877295,0.209797546,0.208877295,0.208877295,0
26/10/2023,0.2093364,0.2093364,0.2093364,0.208855465,0.2093364,0
27/10/2023,0.209038839,0.209038839,0.209643602,0.209095672,0.209038839,0
30/10/2023,0.209380239,0.209380239,0.210459843,0.209314495,0.209380239,0
31/10/2023,0.210084021,0.210084021,0.210459843,0.209863588,0.210084021,0
01/11/2023,0.210084021,0.210084021,0.209995791,0.209511846,0.210084021,0
02/11/2023,0.209687561,0.209687561,0.210748166,0.210194424,0.209687561,0
03/11/2023,0.210570648,0.210570648,0.211550653,0.209687561,0.210570648,0
06/11/2023,0.211595431,0.211595431,0.216122761,0.211550653,0.211595431,0
07/11/2023,0.215842873,0.215842873,0.215842873,0.213812277,0.215842873,0
08/11/2023,0.215842873,0.215842873,0.214601487,0.213356107,0.215842873,0
09/11/2023,0.213615865,0.213615865,0.213880867,0.213196903,0.213615865,0
10/11/2023,0.213219613,0.213219613,0.213219613,0.211752251,0.213219613,0
13/11/2023,0.213219613,0.213219613,0.212517262,0.212517262,0.213219613,0
14/11/2023,0.212494701,0.212494701,0.212698072,0.211774662,0.212494701,0
15/11/2023,0.211976677,0.211976677,0.214873537,0.211976677,0.211976677,0
16/11/2023,0.214132756,0.214132756,0.21390374,0.212089077,0.214132756,0
17/11/2023,0.214132756,0.214132756,0.21390374,0.213515535,0.214132756,0
20/11/2023,0.214132756,0.214132756,0.2146153,0.213675216,0.214132756,0
21/11/2023,0.214477211,0.214477211,0.215377986,0.214592278,0.214477211,0
22/11/2023,0.215053752,0.215053752,0.215030655,0.213720888,0.215053752,0
23/11/2023,0.213880867,0.213880867,0.213880867,0.213060617,0.213880867,0
24/11/2023,0.213835135,0.213835135,0.215053752,0.213424385,0.213835135,0
27/11/2023,0.213538319,0.213538319,0.213949516,0.213538319,0.213538319,0
28/11/2023,0.213583931,0.213583931,0.214316338,0.213583931,0.213583931,0
29/11/2023,0.214109853,0.214109853,0.215679944,0.214109853,0.214109853,0
30/11/2023,0.214109853,0.214109853,0.215058386,0.214592278,0.214109853,0
01/12/2023,0.214730516,0.214730516,0.214500204,0.213538319,0.214730516,0
04/12/2023,0.214109853,0.214109853,0.215030655,0.214132756,0.214109853,0
05/12/2023,0.214132756,0.214132756,0.214707464,0.214132756,0.214132756,0
06/12/2023,0.214500204,0.214500204,0.214546248,0.214018181,0.214500204,0
07/12/2023,0.214293361,0.214293361,0.214316338,0.213880867,0.214293361,0
08/12/2023,0.214041099,0.214041099,0.214500204,0.214041099,0.214041099,0
11/12/2023,0.214477211,0.214477211,0.214477211,0.213652387,0.214477211,0
12/12/2023,0.213675216,0.213675216,0.213949516,0.213583931,0.213675216,0
13/12/2023,0.213583931,0.213583931,0.213652387,0.212539852,0.213583931,0
14/12/2023,0.212879181,0.212879181,0.214822754,0.212585032,0.212879181,0
15/12/2023,0.214132756,0.214132756,0.214500204,0.214109853,0.214132756,0
18/12/2023,0.214132756,0.214132756,0.214362279,0.212992534,0.214132756,0
19/12/2023,0.21315144,0.21315144,0.213857993,0.212879181,0.21315144,0
20/12/2023,0.213583931,0.213583931,0.21526207,0.213857993,0.213583931,0
21/12/2023,0.21477662,0.21477662,0.215238914,0.214270413,0.21477662,0
22/12/2023,0.214915112,0.214915112,0.216661245,0.215039894,0.214915112,0
25/12/2023,0.214915112,0.214915112,0.216006055,0.216006055,0.214915112,0
26/12/2023,0.216006055,0.216006055,0.216966793,0.215679944,0.216006055,0
27/12/2023,0.215703189,0.215703189,0.216192842,0.215773001,0.215703189,0
28/12/2023,0.216122761,0.216122761,0.217155263,0.216122761,0.216122761,0
29/12/2023,0.217155263,0.217155263,0.218627021,0.216966793,0.217155263,0
01/01/2024,0.217746317,0.217746317,0.217746317,0.217746317,0.217746317,0
02/01/2024,0.217746317,0.217746317,0.217888668,0.217155263,0.217746317,0
03/01/2024,0.217344061,0.217344061,0.216614321,0.215586931,0.217344061,0
04/01/2024,0.217344061,0.217344061,0.21593608,0.215494022,0.217344061,0
05/01/2024,0.215842873,0.215842873,0.215842873,0.214984402,0.215842873,0
08/01/2024,0.214961305,0.214961305,0.215470821,0.214961305,0.214961305,0
09/01/2024,0.21510002,0.21510002,0.215656668,0.21510002,0.21510002,0
10/01/2024,0.215470821,0.215470821,0.215586931,0.214845851,0.215470821,0
11/01/2024,0.215470821,0.215470821,0.215707839,0.2153548,0.215470821,0
12/01/2024,0.2153548,0.2153548,0.215540454,0.215238914,0.2153548,0
15/01/2024,0.215308443,0.215308443,0.215169445,0.215123162,0.215308443,0
16/01/2024,0.214270413,0.214270413,0.214155704,0.213242352,0.214270413,0
17/01/2024,0.215331614,0.215331614,0.213242352,0.21192728,0.215331614,0
18/01/2024,0.212089077,0.212089077,0.212291703,0.211819515,0.212089077,0
19/01/2024,0.212089077,0.212089077,0.212269157,0.211909309,0.212089077,0
22/01/2024,0.212224111,0.212224111,0.212404415,0.211550653,0.212224111,0
23/01/2024,0.211685017,0.211685017,0.211752251,0.211077347,0.211685017,0
24/01/2024,0.211685017,0.211685017,0.211752251,0.211215556,0.211685017,0
25/01/2024,0.211573049,0.211573049,0.211573049,0.211573049,0.211573049,0
26/01/2024,0.211461186,0.211461186,0.211819515,0.211081788,0.211461186,0
29/01/2024,0.211640209,0.211640209,0.211595431,0.211237848,0.211640209,0
30/01/2024,0.211327136,0.211327136,0.211685017,0.211327136,0.211327136,0
31/01/2024,0.211617813,0.211617813,0.211685017,0.211483568,0.211617813,0
01/02/2024,0.211550653,0.211550653,0.211550653,0.211550653,0.211550653,0
02/02/2024,0.211613357,0.211613357,0.212273672,0.211416483,0.211613357,0
05/02/2024,0.212089077,0.212089077,0.210526317,0.210504144,0.210526317,0
06/02/2024,0.210623875,0.210623875,0.210614994,0.209885612,0.210623875,0
07/02/2024,0.209951714,0.209951714,0.210304931,0.209753543,0.209951714,0
08/02/2024,0.210128188,0.210128188,0.210194424,0.209753543,0.210128188,0
09/02/2024,0.209753543,0.209753543,0.210061967,0.209117517,0.209753543,0
12/02/2024,0.209973767,0.209973767,0.210084021,0.209762335,0.209973767,0
13/02/2024,0.209973767,0.209973767,0.210194424,0.209841564,0.209973767,0
14/02/2024,0.209907636,0.209907636,0.20992966,0.209051937,0.209907636,0
15/02/2024,0.209073797,0.209073797,0.209402159,0.209073797,0.209073797,0
16/02/2024,0.209292591,0.209292591,0.209577695,0.209270686,0.209292591,0
19/02/2024,0.209314495,0.209314495,0.209424078,0.209008247,0.209314495,0
20/02/2024,0.209008247,0.209008247,0.2093364,0.208507091,0.209008247,0
21/02/2024,0.208494052,0.208494052,0.208790049,0.208289936,0.208494052,0
22/02/2024,0.208659366,0.208659366,0.20981957,0.20863758,0.208659366,0
23/02/2024,0.209424078,0.209424078,0.209643602,0.209073797,0.209424078,0
26/02/2024,0.209511846,0.209511846,0.209555745,0.209424078,0.209511846,0
27/02/2024,0.209424078,0.209424078,0.210194424,0.2093364,0.209424078,0
28/02/2024,0.210084021,0.210084021,0.210304931,0.209797546,0.210084021,0
29/02/2024,0.209797546,0.209797546,0.210837021,0.209775537,0.209797546,0
01/03/2024,0.210881487,0.210881487,0.211327136,0.210792586,0.210881487,0
04/03/2024,0.210837021,0.210837021,0.211864412,0.210814789,0.210837021,0
05/03/2024,0.211819515,0.211819515,0.211886853,0.211304799,0.211819515,0
06/03/2024,0.211304799,0.211304799,0.211617813,0.210482001,0.211304799,0
07/03/2024,0.211416483,0.211416483,0.213015229,0.211416483,0.211416483,0
08/03/2024,0.211416483,0.211416483,0.213949516,0.212992534,0.211416483,0
11/03/2024,0.213583931,0.213583931,0.21390374,0.213447168,0.213583931,0
12/03/2024,0.213629559,0.213629559,0.214018181,0.213675216,0.213629559,0
13/03/2024,0.21389918,0.21389918,0.21390374,0.213333338,0.21389918,0
14/03/2024,0.213401631,0.213401631,0.213629559,0.213333338,0.213401631,0
15/03/2024,0.213401631,0.213401631,0.21315144,0.20088388,0.213401631,0
18/03/2024,0.212675452,0.212675452,0.212675452,0.211909309,0.212675452,0
19/03/2024,0.212044105,0.212044105,0.212044105,0.211349458,0.212044105,0
20/03/2024,0.211416483,0.211416483,0.211416483,0.211059526,0.211416483,0
21/03/2024,0.211037248,0.211037248,0.21295172,0.212210611,0.211037248,0
22/03/2024,0.212210611,0.212210611,0.212210611,0.210970476,0.212210611,0
25/03/2024,0.211193234,0.211193234,0.211797103,0.210992724,0.211193234,0
26/03/2024,0.211774662,0.211774662,0.21220158,0.211729825,0.211774662,0
27/03/2024,0.211909309,0.211909309,0.211797103,0.211394131,0.211909309,0
28/03/2024,0.211394131,0.211394131,0.211394131,0.211394131,0.211394131,0
29/03/2024,0.211394131,0.211394131,0.211954221,0.211148649,0.211394131,0
01/04/2024,0.211774662,0.211774662,0.211819515,0.211528286,0.211774662,0
02/04/2024,0.211550653,0.211550653,0.211349458,0.210393444,0.211550653,0
03/04/2024,0.210437715,0.210437715,0.210748166,0.210304931,0.210437715,0
04/04/2024,0.210415572,0.210415572,0.211193234,0.211014986,0.210415572,0
05/04/2024,0.21110408,0.21110408,0.211126372,0.210748166,0.21110408,0
08/04/2024,0.210748166,0.210748166,0.210637182,0.210327059,0.210748166,0
09/04/2024,0.210526317,0.210526317,0.210748166,0.210482001,0.210526317,0
10/04/2024,0.210725948,0.210725948,0.210725948,0.210725948,0.210725948,0
11/04/2024,0.210725948,0.210725948,0.210725948,0.210725948,0.210725948,0
12/04/2024,0.210725948,0.210725948,0.209885612,0.209639207,0.210725948,0
15/04/2024,0.209753543,0.209753543,0.209753543,0.209358305,0.209753543,0
16/04/2024,0.209358305,0.209358305,0.209358305,0.20863758,0.209358305,0
17/04/2024,0.209446013,0.209446013,0.209446013,0.208724692,0.209446013,0
18/04/2024,0.208746463,0.208746463,0.209643602,0.208790049,0.208746463,0
19/04/2024,0.209095672,0.209095672,0.209358305,0.208833665,0.209095672,0
22/04/2024,0.209161252,0.209161252,0.209511846,0.209008247,0.209161252,0
23/04/2024,0.209402159,0.209402159,0.209643602,0.209270686,0.209402159,0
24/04/2024,0.209314495,0.209314495,0.209533781,0.209380239,0.209314495,0
25/04/2024,0.209380239,0.209380239,0.209424078,0.209073797,0.209380239,0
26/04/2024,0.209424078,0.209424078,0.20992966,0.209314495,0.209424078,0
29/04/2024,0.209863588,0.209863588,0.209863588,0.209424078,0.209863588,0
30/04/2024,0.209951714,0.209951714,0.209907636,0.209402159,0.209951714,0
01/05/2024,0.209863588,0.209863588,0.209863588,0.209863588,0.209863588,0
02/05/2024,0.209643602,0.209643602,0.210570648,0.209599674,0.209643602,0
03/05/2024,0.210437715,0.210437715,0.211398616,0.210437715,0.210437715,0
06/05/2024,0.211081788,0.211081788,0.211237848,0.210970476,0.211081788,0
07/05/2024,0.21110408,0.21110408,0.21126017,0.210925952,0.21110408,0
08/05/2024,0.211170956,0.211170956,0.211037248,0.210748166,0.211170956,0
09/05/2024,0.210970476,0.210970476,0.211112976,0.210770354,0.210970476,0
10/05/2024,0.211394131,0.211394131,0.211528286,0.211046159,0.211394131,0
13/05/2024,0.211126372,0.211126372,0.211662605,0.21070376,0.211126372,0
14/05/2024,0.21143885,0.21143885,0.212345779,0.211282492,0.21143885,0
15/05/2024,0.21220158,0.21220158,0.212811247,0.212449551,0.21220158,0
16/05/2024,0.212562427,0.212562427,0.21390374,0.213492736,0.212562427,0
17/05/2024,0.213538319,0.213538319,0.213835135,0.213447168,0.213538319,0
20/05/2024,0.213447168,0.213447168,0.213606745,0.213447168,0.213447168,0
21/05/2024,0.213606745,0.213606745,0.213356107,0.213060617,0.213606745,0
22/05/2024,0.213219613,0.213219613,0.213219613,0.213219613,0.213219613,0
23/05/2024,0.213219613,0.213219613,0.212856531,0.212066591,0.213219613,0
24/05/2024,0.212675452,0.212675452,0.212449551,0.211976677,0.212675452,0
27/05/2024,0.212359309,0.212359309,0.213015229,0.212314218,0.212359309,0
28/05/2024,0.213015229,0.213015229,0.213333338,0.213015229,0.213015229,0
29/05/2024,0.21316053,0.21316053,0.21316053,0.212539852,0.21316053,0
30/05/2024,0.212630227,0.212630227,0.212811247,0.212066591,0.212630227,0
31/05/2024,0.212698072,0.212698072,0.212811247,0.212494701,0.212698072,0
03/06/2024,0.212562427,0.212562427,0.212562427,0.212539852,0.212562427,0
04/06/2024,0.212562427,0.212562427,0.213652387,0.212788597,0.212562427,0
05/06/2024,0.212788597,0.212788597,0.213060617,0.212811247,0.212788597,0
06/06/2024,0.212969869,0.212969869,0.213219613,0.212879181,0.212969869,0
07/06/2024,0.213128731,0.213128731,0.213356107,0.212969869,0.213128731,0
10/06/2024,0.21328783,0.21328783,0.212652847,0.211886853,0.21328783,0
11/06/2024,0.21193175,0.21193175,0.212066591,0.211774662,0.21193175,0
12/06/2024,0.211999148,0.211999148,0.212246627,0.211999148,0.211999148,0
13/06/2024,0.212089077,0.212089077,0.212698072,0.212269157,0.212089077,0
14/06/2024,0.212539852,0.212539852,0.212539852,0.211999148,0.212539852,0
17/06/2024,0.211999148,0.211999148,0.211999148,0.211999148,0.211999148,0
18/06/2024,0.211976677,0.211976677,0.212336779,0.212089077,0.211976677,0
19/06/2024,0.212224111,0.212224111,0.212607637,0.212224111,0.212224111,0
20/06/2024,0.212585032,0.212585032,0.212494701,0.212314218,0.212585032,0
21/06/2024,0.212404415,0.212404415,0.212652847,0.212089077,0.212404415,0
24/06/2024,0.212291703,0.212291703,0.212426975,0.212111577,0.212291703,0
25/06/2024,0.212359309,0.212359309,0.212765962,0.212359309,0.212359309,0
26/06/2024,0.212675452,0.212675452,0.212539852,0.212179095,0.212675452,0
27/06/2024,0.212314218,0.212314218,0.212111577,0.211850926,0.212314218,0
28/06/2024,0.211999148,0.211999148,0.212089077,0.211864412,0.211999148,0
01/07/2024,0.212089077,0.212089077,0.212291703,0.211999148,0.212089077,0
02/07/2024,0.212291703,0.212291703,0.212165564,0.211864412,0.212291703,0
03/07/2024,0.212021634,0.212021634,0.21220158,0.211886853,0.212021634,0
04/07/2024,0.212111577,0.212111577,0.212517262,0.211909309,0.212111577,0
05/07/2024,0.212449551,0.212449551,0.212607637,0.212449551,0.212449551,0
08/07/2024,0.212404415,0.212404415,0.212404415,0.212404415,0.212404415,0
09/07/2024,0.212404415,0.212404415,0.212539852,0.212269157,0.212404415,0
10/07/2024,0.212539852,0.212539852,0.212856531,0.211999148,0.212539852,0
11/07/2024,0.212856531,0.212856531,0.213538319,0.213092402,0.212856531,0
12/07/2024,0.213242352,0.213242352,0.214500204,0.213857993,0.213242352,0
15/07/2024,0.214270413,0.214270413,0.214293361,0.213857993,0.214270413,0
16/07/2024,0.214178622,0.214178622,0.214178622,0.213698044,0.214178622,0
17/07/2024,0.21397239,0.21397239,0.214546248,0.21390374,0.21397239,0
18/07/2024,0.214546248,0.214546248,0.214684412,0.213949516,0.214546248,0
19/07/2024,0.214362279,0.214362279,0.214362279,0.213447168,0.214362279,0
22/07/2024,0.213447168,0.213447168,0.213789433,0.213447168,0.213447168,0
23/07/2024,0.213456273,0.213456273,0.214270413,0.213675216,0.213456273,0
24/07/2024,0.213812277,0.213812277,0.214141935,0.213995293,0.213812277,0
25/07/2024,0.214132756,0.214132756,0.21477662,0.214128166,0.214132756,0
26/07/2024,0.214569256,0.214569256,0.215007529,0.214362279,0.214569256,0
29/07/2024,0.214822754,0.214822754,0.216099396,0.214822754,0.214822754,0
30/07/2024,0.215679944,0.215679944,0.216684729,0.215494022,0.215679944,0
31/07/2024,0.216450214,0.216450214,0.217864916,0.216684729,0.216450214,0
01/08/2024,0.21777004,0.21777004,0.220094636,0.217864916,0.21777004,0
02/08/2024,0.218986079,0.218986079,0.222890899,0.219106048,0.218986079,0
05/08/2024,0.222469419,0.222469419,0.227686688,0.222469419,0.222469419,0
06/08/2024,0.226116449,0.226116449,0.225606322,0.223040029,0.226116449,0
07/08/2024,0.223638609,0.223638609,0.223838821,0.222049519,0.223638609,0
08/08/2024,0.222518921,0.222518921,0.224290684,0.222890899,0.222518921,0
09/08/2024,0.22361359,0.22361359,0.226705968,0.223264113,0.22361359,0
12/08/2024,0.226244345,0.226244345,0.2266289,0.224542499,0.226244345,0
13/08/2024,0.224542499,0.224542499,0.225504562,0.224084601,0.224542499,0
14/08/2024,0.224542499,0.224542499,0.2266289,0.225377515,0.224542499,0
15/08/2024,0.226398021,0.226398021,0.226116449,0.225098476,0.226398021,0
16/08/2024,0.225540161,0.225540161,0.225912124,0.224341005,0.225540161,0
19/08/2024,0.226116449,0.226116449,0.229095086,0.226167575,0.226116449,0
20/08/2024,0.228440881,0.228440881,0.229305208,0.228414819,0.228440881,0
21/08/2024,0.22857143,0.22857143,0.229357794,0.228180259,0.22857143,0
22/08/2024,0.228885338,0.228885338,0.229357794,0.228180259,0.228885338,0
23/08/2024,0.227972195,0.227972195,0.228806764,0.227686688,0.227972195,0
26/08/2024,0.228675961,0.228675961,0.230547547,0.228675961,0.228675961,0
27/08/2024,0.229937911,0.229937911,0.230181381,0.229436725,0.229937911,0
28/08/2024,0.230414733,0.230414733,0.2306007,0.229885057,0.230414733,0
29/08/2024,0.230282083,0.230282083,0.232153222,0.230414733,0.230282083,0
30/08/2024,0.232072413,0.232072413,0.232153222,0.2314547,0.232072413,0
02/09/2024,0.231294081,0.231294081,0.231481478,0.229552612,0.231294081,0
03/09/2024,0.229753017,0.229753017,0.229753017,0.228414819,0.229753017,0
04/09/2024,0.229357794,0.229357794,0.230441302,0.229252636,0.229357794,0
05/09/2024,0.230414733,0.230414733,0.231133714,0.23049441,0.230414733,0
06/09/2024,0.230946884,0.230946884,0.231294081,0.230627313,0.230946884,0
09/09/2024,0.23068051,0.23068051,0.23036167,0.228414819,0.23068051,0
10/09/2024,0.229357794,0.229357794,0.230653912,0.22904259,0.229357794,0
11/09/2024,0.2306007,0.2306007,0.2314547,0.23036167,0.2306007,0
12/09/2024,0.23068051,0.23068051,0.231053606,0.23036167,0.23068051,0
13/09/2024,0.231080309,0.231080309,0.232612252,0.231080309,0.231080309,0
16/09/2024,0.232612252,0.232612252,0.232612252,0.232612252,0.232612252,0
17/09/2024,0.232639283,0.232639283,0.235155791,0.232639283,0.232639283,0
18/09/2024,0.234659165,0.234659165,0.236266971,0.234466597,0.234659165,0
19/09/2024,0.235765651,0.235765651,0.237840399,0.234082401,0.235765651,0
20/09/2024,0.237445086,0.237445086,0.239549652,0.237107277,0.237445086,0
23/09/2024,0.237953603,0.237953603,0.238379017,0.237276077,0.237953603,0
24/09/2024,0.238066897,0.238066897,0.241312742,0.237953603,0.238066897,0
25/09/2024,0.240963846,0.240963846,0.243457079,0.241312742,0.240963846,0
26/09/2024,0.242218718,0.242218718,0.242871702,0.241050988,0.242218718,0
27/09/2024,0.241545901,0.241545901,0.242983848,0.241691858,0.241545901,0
30/09/2024,0.242777377,0.242777377,0.244259894,0.24242425,0.242777377,0
