Date,Adj Close,USDIDR Close,High,Low,Open,Volume
03/01/2022,14215,14215,14301.2998,14207.5,14246,0
04/01/2022,14283.59961,14283.59961,14383.2998,14259,14303.7002,0
05/01/2022,14385.5,14385.5,14398.5,14336.7002,14346.40039,0
06/01/2022,14446.5,14446.5,14445.7998,14351,14445.7998,0
07/01/2022,14408,14408,14408,14320.5,14408,0
10/01/2022,14318.5,14318.5,14351,14262.2998,14351,0
11/01/2022,14313,14313,14322.2998,14251.38965,14312,0
12/01/2022,14277,14277,14355.5,14257.5,14303,0
13/01/2022,14298.90039,14298.90039,14326.2002,14266,14321.5,0
14/01/2022,14276,14276,14324.2998,14239.4502,14273,0
17/01/2022,14314.5,14314.5,14335.5,14290,14290,0
18/01/2022,14349.7002,14349.7002,14381.2998,14297,14331.2002,0
19/01/2022,14382.2998,14382.2998,14398.5,14331,14356.90039,0
20/01/2022,14362.7998,14362.7998,14382.5,14300.2998,14382.5,0
21/01/2022,14343,14343,14356.5,14302.2002,14324,0
24/01/2022,14329.7002,14329.7002,14364.90039,14300,14331,0
25/01/2022,14365,14365,14365,14299.40039,14365,0
26/01/2022,14330.5,14330.5,14354,14063.7002,14342.5,0
27/01/2022,14366.40039,14366.40039,14397.5,14325.40039,14377.7002,0
28/01/2022,14389.2002,14389.2002,14413.2998,14313.08008,14389.2002,0
31/01/2022,14381.59961,14381.59961,14406.2998,14330.90039,14381,0
01/02/2022,14350,14350,14380,14296.2998,14350,0
02/02/2022,14322.2998,14322.2998,14382.2998,14292.09961,14328,0
03/02/2022,14363.7998,14363.7998,14404.90039,14348.7002,14362.7998,0
04/02/2022,14377,14377,14416.40039,14309.09961,14377,0
07/02/2022,14400.40039,14400.40039,14419.2998,14373,14373,0
08/02/2022,14405.59961,14405.59961,14405.59961,14331.98047,14393.59961,0
09/02/2022,14379.5,14379.5,14386,14332.40039,14379.5,0
10/02/2022,14334.2002,14334.2002,14366,14310.09961,14334.2002,0
11/02/2022,14328,14328,14367.90039,14298.59961,14340,0
14/02/2022,14344.7002,14344.7002,14351.40039,14304.59961,14345,0
15/02/2022,14303,14303,14321,14081,14302,0
16/02/2022,14260.59961,14260.59961,14297.7998,14220.54004,14260.59961,0
17/02/2022,14274.40039,14274.40039,14362.40039,14206.61035,14274.7998,0
18/02/2022,14348,14348,14375.40039,14301.7998,14360,0
21/02/2022,14365.90039,14365.90039,14366.90039,14267.30957,14321,0
22/02/2022,14355,14355,14383.7998,14321,14355,0
23/02/2022,14395,14395,14395,14325.7998,14395,0
24/02/2022,14365,14365,14457.2998,14331,14364,0
25/02/2022,14452.5,14452.5,14455,14319.59961,14452.5,0
28/02/2022,14334.2002,14334.2002,14408,14341,14360,0
01/03/2022,14360,14360,14415.40039,14320,14395,0
02/03/2022,14425,14425,14424.5,14341,14424.5,0
03/03/2022,14387.5,14387.5,14415.2998,14352.5,14386.5,0
04/03/2022,14358.40039,14358.40039,14398.09961,14357.7002,14358.40039,0
07/03/2022,14381.7002,14381.7002,14445.5,14377.2998,14381,0
08/03/2022,14406.40039,14406.40039,14439.5,14266.40039,14439.5,0
09/03/2022,14362.7002,14362.7002,14391,14264.7998,14381,0
10/03/2022,14251,14251,14341,14250,14250,0
11/03/2022,14275,14275,14321,14089.59961,14275,0
14/03/2022,14325.5,14325.5,14339.2998,14234.46973,14296,0
15/03/2022,14347.5,14347.5,14346.5,14289,14346.5,0
16/03/2022,14305.2998,14305.2998,14315.2998,14081.2002,14308,0
17/03/2022,14263.5,14263.5,14337.7998,14253.5,14262.5,0
18/03/2022,14326,14326,14357.7998,14218.5498,14325.5,0
21/03/2022,14342.2998,14342.2998,14350.7002,14268.2998,14335,0
22/03/2022,14345,14345,14357,14269.2998,14342,0
23/03/2022,14345.5,14345.5,14386,14321,14345.5,0
24/03/2022,14389,14389,14389,14344,14389,0
25/03/2022,14337.09961,14337.09961,14375,14326,14358,0
28/03/2022,14334,14334,14374.7002,14334,14334,0
29/03/2022,14373,14373,14372.2002,14288.2002,14373,0
30/03/2022,14334,14334,14362.5,14292.17969,14334,0
31/03/2022,14327.5,14327.5,14375.40039,14319.5,14327.5,0
01/04/2022,14351,14351,14379.2002,14341.2002,14351,0
04/04/2022,14361,14361,14366.5,14292.17969,14361,0
05/04/2022,14322.2998,14322.2998,14368,14322.2998,14322.2998,0
06/04/2022,14365.5,14365.5,14384.90039,14340,14365.5,0
07/04/2022,14382,14382,14381.7998,14349,14382,0
08/04/2022,14385,14385,14393.40039,14352,14385,0
11/04/2022,14355,14355,14381.2998,14355,14355,0
12/04/2022,14360.7002,14360.7002,14381.2002,14351.7002,14360.7002,0
13/04/2022,14364.2002,14364.2002,15611.59961,14338.59961,14364.2002,0
14/04/2022,14360.2002,14360.2002,14385.90039,14337,14360.2002,0
15/04/2022,14383.90039,14383.90039,14394.5,14337,14383.90039,0
18/04/2022,14337,14337,14368,14277.25977,14337,0
19/04/2022,14353.7998,14353.7998,14364.5,14303.5,14353.7998,0
20/04/2022,14364.90039,14364.90039,14384.5,14275.26953,14364.90039,0
21/04/2022,14351,14351,14359.2002,14279.25,14351,0
22/04/2022,14382,14382,14492,14337,14382,0
25/04/2022,14350,14350,14525,14350,14350,0
26/04/2022,14478,14478,14476.5,14361.5,14478,0
27/04/2022,14466,14466,14510.59961,14345.5,14466,0
28/04/2022,14447.5,14447.5,14528.90039,14420,14447.5,0
29/04/2022,14502,14502,14560,14398.5,14502,0
02/05/2022,14490,14490,14565,14490,14490,0
03/05/2022,14522.59961,14522.59961,14576.09961,14458.5,14522.59961,0
04/05/2022,14491,14491,14507,14411.90039,14491,0
05/05/2022,14425,14425,14490,14386,14425,0
06/05/2022,14458.7002,14458.7002,14501.5,14450.90039,14458.7002,0
09/05/2022,14490,14490,14594.90039,14490,14490,0
10/05/2022,14552.2002,14552.2002,14620.7998,14508.5,14552.2002,0
11/05/2022,14520.7998,14520.7998,14560.7998,14490.40039,14520.7998,0
12/05/2022,14543.40039,14543.40039,14671.59961,14523.7002,14543.40039,0
13/05/2022,14632.09961,14632.09961,14669.5,14589.7002,14632.09961,0
16/05/2022,14606,14606,14744.7002,14596.7002,14606,0
17/05/2022,14645,14645,14690,14606,14645,0
18/05/2022,14630.59961,14630.59961,14731.5,14630.59961,14630.59961,0
19/05/2022,14740,14740,14755,14568.5,14740,0
20/05/2022,14626.7998,14626.7998,14683.7998,14618,14626.7998,0
23/05/2022,14645,14645,14671.7002,14609.90039,14645,0
24/05/2022,14619.2002,14619.2002,14687.09961,14591.67969,14619.2002,0
25/05/2022,14635.7998,14635.7998,14663,14588.5,14635.7998,0
26/05/2022,14597,14597,14631.40039,14572.2002,14597,0
27/05/2022,14584.2002,14584.2002,14626,14522.2002,14584.2002,0
30/05/2022,14570,14570,14571,14497.7998,14570,0
31/05/2022,14538.40039,14538.40039,14594,14471.28027,14538.40039,0
01/06/2022,14543.90039,14543.90039,14574,14513.40039,14543.90039,0
02/06/2022,14531.5,14531.5,14585.2002,14364.5,14531.5,0
03/06/2022,14426.7998,14426.7998,14476,14385,14426.7998,0
06/06/2022,14431,14431,14472,14401.7002,14431,0
07/06/2022,14435.2002,14435.2002,14473.7002,14435.2998,14435.2002,0
08/06/2022,14458.7998,14458.7998,14523.5,14411.5,14458.7998,0
09/06/2022,14495.2998,14495.2998,14592.59961,14404.62012,14495.2998,0
10/06/2022,14611.7998,14611.7998,14647,14454.7002,14611.7998,0
13/06/2022,14546,14546,14808.2002,14496.16016,14546,0
14/06/2022,14795,14795,14804,14678,14795,0
15/06/2022,14740.7998,14740.7998,14791.2002,14632.7002,14740.7998,0
16/06/2022,14681,14681,14872,14661.2002,14681,0
17/06/2022,14776.09961,14776.09961,14854.5,14667.2998,14776.09961,0
20/06/2022,14816,14816,14848.2002,14753.86035,14816,0
21/06/2022,14827.7002,14827.7002,14840,14774.7002,14827.7002,0
22/06/2022,14831.7002,14831.7002,14883.7002,14775.2002,14831.7002,0
23/06/2022,14843,14843,14872,14790.7002,14843,0
24/06/2022,14841.7998,14841.7998,14861.59961,14815.5,14841.7998,0
27/06/2022,14841,14841,14841,14779.59961,14841,0
28/06/2022,14791,14791,14853.5,14783.7002,14791,0
29/06/2022,14857,14857,14876.7998,14823.40039,14857,0
30/06/2022,14877,14877,14984,14842,14877,0
01/07/2022,14921.90039,14921.90039,15019.7998,14891,14921.90039,0
04/07/2022,14931,14931,15009.5,14925.7002,14931,0
05/07/2022,15008,15008,15058.59961,14885.2002,15008,0
06/07/2022,15037,15037,15044.5,14990,15037,0
07/07/2022,15010,15010,15014.2002,14938,15010,0
08/07/2022,14964.59961,14964.59961,15003.7998,14941.2998,14964.59961,0
11/07/2022,14970,14970,15019.40039,14939.7002,14970,0
12/07/2022,14989.09961,14989.09961,15025.7002,14948.7002,14989.09961,0
13/07/2022,15010,15010,15060.5,14957.2002,15010,0
14/07/2022,15030.40039,15030.40039,15100.2002,14981,15030.40039,0
15/07/2022,15037.09961,15037.09961,15121,14962,15037.09961,0
18/07/2022,14986,14986,15007.2002,14924,14986,0
19/07/2022,14977,14977,15023,14911.07031,14977,0
20/07/2022,14960.7998,14960.7998,15029,14953.90039,14960.7998,0
21/07/2022,15022,15022,15064.7998,14960.7002,15022,0
22/07/2022,15004.2002,15004.2002,15066,14944,15004.2002,0
25/07/2022,15011,15011,15011,14943.5,15011,0
26/07/2022,14978,14978,15019.40039,14946.2998,14978,0
27/07/2022,14982.7998,14982.7998,15026.2998,14953.2998,14982.7998,0
28/07/2022,14914.2002,14914.2002,14968,14877.2998,14914.2002,0
29/07/2022,14849.09961,14849.09961,14887.5,14822.5,14849.09961,0
01/08/2022,14826,14826,14886.90039,14819.7002,14826,0
02/08/2022,14838,14838,14912.7998,14837,14838,0
03/08/2022,14890.09961,14890.09961,14916,14860.7002,14890.09961,0
04/08/2022,14900,14900,14950.2002,14878.7998,14900,0
05/08/2022,14884.7002,14884.7002,14977,14872.5,14884.7002,0
08/08/2022,14886,14886,14938,14818.2002,14886,0
09/08/2022,14831.2002,14831.2002,14871.2002,14821.2002,14831.2002,0
10/08/2022,14856.7002,14856.7002,14882.5,14777.2002,14856.7002,0
11/08/2022,14756.90039,14756.90039,14813.7002,14656.59961,14756.90039,0
12/08/2022,14724.2002,14724.2002,14761,14648.5,14724.2002,0
15/08/2022,14661,14661,14776.5,14656.5,14661,0
16/08/2022,14776.40039,14776.40039,14791.5,14747,14776.40039,0
17/08/2022,14747.09961,14747.09961,14789.7002,14721.90039,14747.09961,0
18/08/2022,14764.09961,14764.09961,14852.2998,14754.5,14764.09961,0
19/08/2022,14845.7002,14845.7002,14909.09961,14819.2002,14845.7002,0
22/08/2022,14831,14831,14944.09961,14831,14831,0
23/08/2022,14933.5,14933.5,14935,14821,14933.5,0
24/08/2022,14850,14850,14874.7002,14796.2998,14850,0
25/08/2022,14845,14845,14845,14766.09961,14845,0
26/08/2022,14773,14773,14823.2998,14742.5,14773,0
29/08/2022,14811,14811,14909.90039,14811,14811,0
30/08/2022,14895,14895,14895,14812.57031,14895,0
31/08/2022,14850,14850,14869.09961,14820.7002,14850,0
01/09/2022,14855,14855,14905.90039,14836,14855,0
02/09/2022,14902.09961,14902.09961,14910.5,14857.40039,14902.09961,0
05/09/2022,14890,14890,14939,14823.5,14890,0
06/09/2022,14882.2998,14882.2998,14915,14849.5,14882.2998,0
07/09/2022,14904,14904,14961.59961,14880,14904,0
08/09/2022,14865.2998,14865.2998,14919.7002,14862,14865.2998,0
09/09/2022,14892.2998,14892.2998,14900,14806.40039,14892.2998,0
12/09/2022,14823,14823,14890.09961,14805.2002,14823,0
13/09/2022,14858.7002,14858.7002,14948.40039,14831.2002,14858.7002,0
14/09/2022,14954.90039,14954.90039,14980.7998,14868.2998,14954.90039,0
15/09/2022,14915,14915,14951,14871.09961,14915,0
16/09/2022,14933.59961,14933.59961,14997.7998,14891,14933.59961,0
19/09/2022,14946,14946,15002.90039,14934.2002,14946,0
20/09/2022,14985.7998,14985.7998,15043.09961,14508.7002,14985.7998,0
21/09/2022,15008.59961,15008.59961,15039,14908.5,15008.59961,0
22/09/2022,15019,15019,15055.5,14908.2998,15019,0
23/09/2022,15026.59961,15026.59961,15101.5,14957.83008,15026.59961,0
26/09/2022,15031,15031,15183.40039,15031,15031,0
27/09/2022,15204,15204,15213,15043.41016,15204,0
28/09/2022,15167.2002,15167.2002,15319.2998,15116,15167.2002,0
29/09/2022,15175.2998,15175.2998,15282.7002,15142.09961,15175.2998,0
30/09/2022,15175.2002,15175.2002,15279.09961,15172.59961,15175.2002,0
03/10/2022,15221,15221,15362.90039,15221,15221,0
04/10/2022,15290,15290,15309.5,15175.40039,15290,0
05/10/2022,15180,15180,15245,15142.40039,15180,0
06/10/2022,15206.7002,15206.7002,15249,15115.09961,15206.7002,0
07/10/2022,15215.7998,15215.7998,15285.5,15181,15215.7998,0
10/10/2022,15246,15246,15343,15172.90039,15246,0
11/10/2022,15343,15343,15374.7998,15305,15343,0
12/10/2022,15338.5,15338.5,15390.2002,15330.5,15338.5,0
13/10/2022,15318.59961,15318.59961,15429.09961,15265.7002,15318.59961,0
14/10/2022,15364,15364,15487,15331.59961,15364,0
17/10/2022,15420,15420,15510.7002,15420,15420,0
18/10/2022,15441.40039,15441.40039,15492.5,15428.59961,15441.40039,0
19/10/2022,15466.2002,15466.2002,15536.7998,15448.90039,15466.2002,0
20/10/2022,15620,15620,15620,15516.5,15620,0
21/10/2022,15562,15562,15649.7002,15501.09961,15562,0
24/10/2022,15626,15626,15626,15528.5,15626,0
25/10/2022,15586.5,15586.5,15634,15510.09961,15586.5,0
26/10/2022,15549,15549,15616,15491.7002,15549,0
27/10/2022,15502.7002,15502.7002,15587,15474.59961,15502.7002,0
28/10/2022,15554.2002,15554.2002,15573.5,15509.7002,15554.2002,0
31/10/2022,15549.2002,15549.2002,15656.7998,15545,15549.2002,0
01/11/2022,15649,15649,15656.2002,15591,15649,0
02/11/2022,15690,15690,15690,15607.7998,15690,0
03/11/2022,15696,15696,15800.5,15630.90039,15696,0
04/11/2022,15780,15780,15780,15591.7998,15780,0
07/11/2022,15609.5,15609.5,15731,15578,15609.5,0
08/11/2022,15675,15675,15721,15572.59961,15675,0
09/11/2022,15645,15645,15691,15601.5,15645,0
10/11/2022,15671.5,15671.5,15714.5,15518.90039,15671.5,0
11/11/2022,15500,15500,15570.7998,15280.2002,15500,0
14/11/2022,15473.90039,15473.90039,15591.09961,15424.2998,15473.90039,0
15/11/2022,15530.09961,15530.09961,15586.2002,15494,15530.09961,0
16/11/2022,15557,15557,15637,15531,15557,0
17/11/2022,15655,15655,15757.09961,15596,15655,0
18/11/2022,15720,15720,15720,15640.09961,15720,0
21/11/2022,15629.40039,15629.40039,15736,15664.2002,15629.40039,0
22/11/2022,15755,15755,15756.2998,15660.7998,15755,0
23/11/2022,15671,15671,15705.90039,15590.7998,15671,0
24/11/2022,15619.59961,15619.59961,15680,15616.40039,15619.59961,0
25/11/2022,15605,15605,15721.7998,15605,15605,0
28/11/2022,15675.09961,15675.09961,15745.59961,15666,15675.09961,0
29/11/2022,15746,15746,15748.59961,15702.40039,15746,0
30/11/2022,15726.5,15726.5,15743.7002,15661.5,15726.5,0
01/12/2022,15634.5,15634.5,15644.09961,15384.7002,15634.5,0
02/12/2022,15355.5,15355.5,15450.2002,15286,15355.5,0
05/12/2022,15421,15421,15472.2002,15327.2998,15421,0
06/12/2022,15520.2998,15520.2998,15667.90039,15461,15520.2998,0
07/12/2022,15623,15623,15655.2998,15531,15623,0
08/12/2022,15596,15596,15637.59961,15566.5,15596,0
09/12/2022,15590,15590,15614,15459,15590,0
12/12/2022,15582,15582,15678.7002,15576,15582,0
13/12/2022,15676.2998,15676.2998,15685.5,15503.5,15676.2998,0
14/12/2022,15554.7002,15554.7002,15647.7002,15545,15554.7002,0
15/12/2022,15481,15481,15673,15481,15481,0
16/12/2022,15626,15626,15640.5,15579.7998,15626,0
19/12/2022,15615.90039,15615.90039,15621,15539.5,15615.90039,0
20/12/2022,15567.5,15567.5,15649.2998,15508.2002,15567.5,0
21/12/2022,15556,15556,15633,15512.40039,15556,0
22/12/2022,15513,15513,15591.2998,15500,15513,0
23/12/2022,15563,15563,15606,15559.2998,15563,0
26/12/2022,15565.90039,15565.90039,15637.5,15554.2998,15565.90039,0
27/12/2022,15607,15607,15687.2998,15600.2998,15607,0
28/12/2022,15617.5,15617.5,15795.2998,15615,15617.5,0
29/12/2022,15789,15789,15789,15598.09961,15789,0
30/12/2022,15620,15620,15651,15371.40039,15620,0
02/01/2023,15508.7998,15508.7998,15588.7002,15463.90039,15508.7998,0
03/01/2023,15550,15550,15638.7998,15514.90039,15550,0
04/01/2023,15571.7998,15571.7998,15627.5,15553.5,15571.7998,0
05/01/2023,15560,15560,15640.90039,15558.5,15560,0
06/01/2023,15620,15620,15692.09961,15558.09961,15620,0
09/01/2023,15602.2998,15602.2998,15626,15545.7998,15602.2998,0
10/01/2023,15580,15580,15606.5,15516.5,15580,0
11/01/2023,15528.90039,15528.90039,15576.40039,15429.5,15528.90039,0
12/01/2023,15414,15414,15476,15145.90039,15414,0
13/01/2023,15172,15172,15231.5,15106.90039,15172,0
16/01/2023,15114.7998,15114.7998,15138,14974.2002,15114.7998,0
17/01/2023,15082,15082,15206.5,15067,15082,0
18/01/2023,15162,15162,15192.2002,15010.7998,15162,0
19/01/2023,15096,15096,15193.59961,15081,15096,0
20/01/2023,15141,15141,15164.7002,15022.2998,15141,0
23/01/2023,15055.90039,15055.90039,15068,14969.59961,15055.90039,0
24/01/2023,15007,15007,15068,14857.40039,15007,0
25/01/2023,14955.5,14955.5,14993.7002,14881,14955.5,0
26/01/2023,14938.7002,14938.7002,14981.59961,14926,14938.7002,0
27/01/2023,14942.5,14942.5,14993.5,14937,14942.5,0
30/01/2023,14970.40039,14970.40039,14995.90039,14956.2998,14970.40039,0
31/01/2023,14995,14995,15059,14963,14995,0
01/02/2023,14990.7002,14990.7002,15017.5,14943.5,14990.7002,0
02/02/2023,14855,14855,14911.5,14824.7998,14855,0
03/02/2023,14881,14881,15048,14848.09961,14881,0
06/02/2023,15078.7998,15078.7998,15231.90039,14886,15078.7998,0
07/02/2023,15200,15200,15202,15095.7998,15200,0
08/02/2023,15147,15147,15151.2998,15079.59961,15147,0
09/02/2023,15117,15117,15141.5,15078,15117,0
10/02/2023,15140,15140,15227.90039,15114,15140,0
13/02/2023,15182.2002,15182.2002,15253.09961,15178,15182.2002,0
14/02/2023,15211,15211,15221,15096.2998,15211,0
15/02/2023,15179,15179,15264.09961,15156,15179,0
16/02/2023,15210,15210,15210,15089.7002,15210,0
17/02/2023,15142,15142,15235.90039,15137,15142,0
20/02/2023,15159,15159,15184.7998,15129.7998,15159,0
21/02/2023,15162.5,15162.5,15221,15139.90039,15162.5,0
22/02/2023,15233,15233,15235.09961,15173,15233,0
23/02/2023,15192,15192,15223.7998,15157.7998,15192,0
24/02/2023,15210,15210,15273.7998,15188.5,15210,0
27/02/2023,15257.7002,15257.7002,15286.5,15216.59961,15257.7002,0
28/02/2023,15209,15209,15285.59961,15203.5,15209,0
01/03/2023,15240,15240,15271.5,15212,15240,0
02/03/2023,15243,15243,15333.2998,15232.5,15243,0
03/03/2023,15322,15322,15342.09961,15267,15322,0
06/03/2023,15255.09961,15255.09961,15346.2002,15283,15255.09961,0
07/03/2023,15352,15352,15417,15329.5,15352,0
08/03/2023,15437,15437,15468.5,15401.2002,15437,0
09/03/2023,15450,15450,15469.5,15419,15450,0
10/03/2023,15489,15489,15505.09961,15427,15489,0
13/03/2023,15472.59961,15472.59961,15465.5,15345.90039,15472.59961,0
14/03/2023,15409,15409,15410,15345,15409,0
15/03/2023,15372,15372,15504,15336,15372,0
16/03/2023,15479,15479,15480,15367.90039,15479,0
17/03/2023,15422,15422,15422,15338,15422,0
20/03/2023,15368.5,15368.5,15391.7998,15334,15368.5,0
21/03/2023,15340,15340,15354.5,15284,15340,0
22/03/2023,15294,15294,15308.5,15239,15294,0
23/03/2023,15251,15251,15256,15031.7002,15251,0
24/03/2023,15047,15047,15213.2998,15054.90039,15047,0
27/03/2023,15148,15148,15194,15107,15148,0
28/03/2023,15107.5,15107.5,15111.5,15046,15107.5,0
29/03/2023,15061,15061,15102.7998,15033,15061,0
30/03/2023,15031.5,15031.5,15081,15017,15031.5,0
31/03/2023,15020,15020,15024.2998,14838,15020,0
03/04/2023,14988,14988,15014,14848.59961,14988,0
04/04/2023,14915,14915,14947.2002,14854.7002,14915,0
05/04/2023,14958,14958,14972.7998,14896,14958,0
06/04/2023,14956,14956,14969,14908,14956,0
07/04/2023,14932,14932,14947,14908,14932,0
10/04/2023,14906,14906,14960.7998,14892,14906,0
11/04/2023,14955,14955,14956,14870,14955,0
12/04/2023,14913,14913,14925,14800.2002,14913,0
13/04/2023,14823.5,14823.5,14840.7998,14678.7998,14823.5,0
14/04/2023,14720,14720,14792,14638,14720,0
17/04/2023,14693,14693,14891.90039,14693,14693,0
18/04/2023,14860,14860,14902.40039,14799,14860,0
19/04/2023,14890,14890,15022.7002,14837.09961,14890,0
20/04/2023,15006,15006,15006,14913,15006,0
21/04/2023,14946,14946,14982.5,14918.2998,14946,0
24/04/2023,14838,14838,14984.7998,14838,14838,0
25/04/2023,14945,14945,14954.59961,14908,14945,0
26/04/2023,14935,14935,14949,14809,14935,0
27/04/2023,14841.5,14841.5,14845.5,14684.2002,14841.5,0
28/04/2023,14684,14684,14703.09961,14627.90039,14684,0
01/05/2023,14663,14663,14682.5,14631,14663,0
02/05/2023,14671.5,14671.5,14748.2998,14628.2002,14671.5,0
03/05/2023,14752.5,14752.5,14753,14660,14752.5,0
04/05/2023,14680.5,14680.5,14754.59961,14570,14680.5,0
05/05/2023,14700,14700,14711.2002,14632,14700,0
08/05/2023,14668,14668,14742,14667.09961,14668,0
09/05/2023,14750,14750,14772.7998,14722,14750,0
10/05/2023,14767,14767,14769,14657,14767,0
11/05/2023,14691,14691,14766,14673.5,14691,0
12/05/2023,14770.5,14770.5,14851.7002,14730,14770.5,0
15/05/2023,14743,14743,14828.59961,14743,14743,0
16/05/2023,14795,14795,14864.2998,14767,14795,0
17/05/2023,14885,14885,14903.2998,14844.7998,14885,0
18/05/2023,14876.5,14876.5,14915,14833.2998,14876.5,0
19/05/2023,14916,14916,14976,14876,14916,0
22/05/2023,14918,14918,14920,14860,14918,0
23/05/2023,14886,14886,14910.7998,14842,14886,0
24/05/2023,14895,14895,14935.7002,14867.2002,14895,0
25/05/2023,14945.90039,14945.90039,14968.2002,14911.7998,14945.90039,0
26/05/2023,14970,14970,14997.40039,14921.7998,14970,0
29/05/2023,14948,14948,14980.2998,14940.09961,14948,0
30/05/2023,14960,14960,15018.59961,14924.7998,14960,0
31/05/2023,14979,14979,15018.40039,14959,14979,0
01/06/2023,14984,14984,14985,14893,14984,0
02/06/2023,14907,14907,14913,14754,14907,0
05/06/2023,14983,14983,14983,13636.59961,14983,0
06/06/2023,14849.5,14849.5,14892.09961,14812.7998,14849.5,0
07/06/2023,14872,14872,14891.5,14813,14872,0
08/06/2023,14889,14889,14904.7998,14819.5,14889,0
09/06/2023,14836,14836,14871.7998,14818,14836,0
12/06/2023,14833,14833,14901.09961,14833,14833,0
13/06/2023,14871.5,14871.5,14885.5,14807,14871.5,0
14/06/2023,14869,14869,14926.7002,14829.40039,14869,0
15/06/2023,14909,14909,14984.7998,14887.5,14909,0
16/06/2023,14897,14897,14964.90039,14898,14897,0
19/06/2023,14928,14928,15006.7002,14928,14928,0
20/06/2023,15008,15008,15063.09961,14992.7998,15008,0
21/06/2023,15016,15016,15036.40039,14915,15016,0
22/06/2023,14943,14943,14973.7002,14885,14943,0
23/06/2023,14935,14935,15056,14902,14935,0
26/06/2023,14987,14987,15062.5,14987,14987,0
27/06/2023,15039,15039,15050.7002,14940,15039,0
28/06/2023,14982.5,14982.5,15020.90039,14951.40039,14982.5,0
29/06/2023,14981,14981,15080.40039,14980,14981,0
30/06/2023,15064,15064,15084.09961,15014,15064,0
03/07/2023,14986,14986,15071.59961,14986,14986,0
04/07/2023,15056,15056,15056,14983,15056,0
05/07/2023,15010,15010,15076.40039,14993,15010,0
06/07/2023,15077,15077,15202,15039,15077,0
07/07/2023,15189.2998,15189.2998,15193.2002,15115.5,15189.2998,0
10/07/2023,15128,15128,15248.09961,15128,15128,0
11/07/2023,15216,15216,15217,15132,15216,0
12/07/2023,15156.7998,15156.7998,15158.2998,14506.5,15156.7998,0
13/07/2023,14928,14928,15001.09961,14920.90039,14928,0
14/07/2023,14954,14954,14989.7002,13082,14954,0
17/07/2023,14951,14951,15025.40039,14886.2002,14951,0
18/07/2023,14982.5,14982.5,15000.5,14954.5,14982.5,0
19/07/2023,14986,14986,15026.09961,14954.59961,14986,0
20/07/2023,14992,14992,15057.2998,14953.7998,14992,0
21/07/2023,15051.5,15051.5,15051.09961,14986,15051.5,0
24/07/2023,15018,15018,15055.59961,15000,15018,0
25/07/2023,15021.5,15021.5,15042.2002,14978,15021.5,0
26/07/2023,15032,15032,15062.7998,14990,15032,0
27/07/2023,15007,15007,15060.7998,14978,15007,0
28/07/2023,15095,15095,15132,15031.90039,15095,0
31/07/2023,15088,15088,15107.7002,15053.7998,15088,0
01/08/2023,15104,15104,15147.40039,15084.5,15104,0
02/08/2023,15131,15131,15206.40039,15117,15131,0
03/08/2023,15220,15220,15221.7998,15126,15220,0
04/08/2023,15161,15161,15194.7002,15093,15161,0
07/08/2023,15163,15163,15209.09961,15129.5,15163,0
08/08/2023,15232,15232,15245.2998,15193,15232,0
09/08/2023,15207.2002,15207.2002,15209,15151.7002,15207.2002,0
10/08/2023,15207,15207,15209.90039,15116.5,15207,0
11/08/2023,15259,15259,15308.09961,15198,15259,0
14/08/2023,15317,15317,15353.09961,15279.7998,15317,0
15/08/2023,15347,15347,15357.2998,15147.7998,15347,0
16/08/2023,15311.5,15311.5,15347.40039,15269.09961,15311.5,0
17/08/2023,15362,15362,15389,15325,15362,0
18/08/2023,15362.5,15362.5,15373.90039,15281.59961,15362.5,0
21/08/2023,15278,15278,15331.90039,15278,15278,0
22/08/2023,15318.90039,15318.90039,15322,15308,15318.90039,0
23/08/2023,15317,15317,15322,15291,15317,0
24/08/2023,15294.09961,15294.09961,15294.09961,15233,15294.09961,0
25/08/2023,15239,15239,15298,15239,15239,0
28/08/2023,15288,15288,15304.7002,15238,15288,0
29/08/2023,15255.5,15255.5,15274.2998,15186,15255.5,0
30/08/2023,15196.5,15196.5,15248.7998,15126.7002,15196.5,0
31/08/2023,15216,15216,15261.7002,15178.40039,15216,0
01/09/2023,15231,15231,15266.40039,15046.7998,15231,0
04/09/2023,15233,15233,15249,15185,15233,0
05/09/2023,15227,15227,15293.2002,15216.40039,15227,0
06/09/2023,15298,15298,15343.2998,15282.2002,15298,0
07/09/2023,15336,15336,15347,15311,15336,0
08/09/2023,15342,15342,15368.2998,15319,15342,0
11/09/2023,15318,15318,15370.5,15318,15318,0
12/09/2023,15339.09961,15339.09961,15372.7998,15323,15339.09961,0
13/09/2023,15350.2002,15350.2002,15386.7998,15336.09961,15350.2002,0
14/09/2023,15353,15353,15384.5,15335.7002,15353,0
15/09/2023,15395,15395,15397,15344,15395,0
18/09/2023,15346,15346,15382,15339,15346,0
19/09/2023,15377,15377,15389.59961,15357.2002,15377,0
20/09/2023,15384.5,15384.5,15395.59961,15316,15384.5,0
21/09/2023,15361,15361,15404.7002,15324.2998,15361,0
22/09/2023,15400.5,15400.5,15401,15353,15400.5,0
25/09/2023,15368,15368,15415.2002,15352,15368,0
26/09/2023,15405,15405,15507,15395.59961,15405,0
27/09/2023,15493,15493,15559.2998,15452.09961,15493,0
28/09/2023,15569,15569,15597.5,15413,15569,0
29/09/2023,15474,15474,15506,15443.59961,15474,0
02/10/2023,15448,15448,15578.59961,15395.7998,15448,0
03/10/2023,15516,15516,15614.90039,15508.7002,15516,0
04/10/2023,15622,15622,15646.40039,15068,15622,0
05/10/2023,15591,15591,15642,15562.5,15591,0
06/10/2023,15631,15631,15699.7002,15535.2998,15631,0
09/10/2023,15603,15603,15717,15546.09961,15603,0
10/10/2023,15691.40039,15691.40039,15759.7002,15657,15691.40039,0
11/10/2023,15718.5,15718.5,15730.09961,15650,15718.5,0
12/10/2023,15693,15693,15726.5,15632.09961,15693,0
13/10/2023,15739,15739,15744,15669,15739,0
16/10/2023,15676,15676,15731.7998,15676,15676,0
17/10/2023,15675,15675,15739,15667,15675,0
18/10/2023,15728.2002,15728.2002,15811.7002,15705,15728.2002,0
19/10/2023,15807,15807,15869,15760,15807,0
20/10/2023,15856,15856,15889.5,15806.7998,15856,0
23/10/2023,15868,15868,15972.7002,15810.59961,15868,0
24/10/2023,15874,15874,15902,15825.5,15874,0
25/10/2023,15868,15868,15892.2002,15832.40039,15868,0
26/10/2023,15877.5,15877.5,15938.09961,15874,15877.5,0
27/10/2023,15920,15920,15955.5,15874,15920,0
30/10/2023,15903.5,15903.5,15933,15843.09961,15903.5,0
31/10/2023,15843,15843,15940.2002,15842,15843,0
01/11/2023,15748.7002,15748.7002,15969.2998,15745,15748.7002,0
02/11/2023,15900,15900,15900,15764.09961,15900,0
03/11/2023,15838,15838,15847,15567.40039,15838,0
06/11/2023,15582.09961,15582.09961,15624,15445,15582.09961,0
07/11/2023,15570,15570,15677.5,15539.90039,15570,0
08/11/2023,15643.59961,15643.59961,15700.2002,15587,15643.59961,0
09/11/2023,15616,15616,15679.09961,15595.7002,15616,0
10/11/2023,15713.7002,15713.7002,15718.5,15651.5,15713.7002,0
13/11/2023,15683,15683,15720.09961,15678.59961,15683,0
14/11/2023,15667,15667,15712.7002,15289.5,15667,0
15/11/2023,15281,15281,15550.40039,15281,15281,0
16/11/2023,15487.7998,15487.7998,15620.5,15478.5,15487.7998,0
17/11/2023,15475,15475,15529.2998,15322.7998,15475,0
20/11/2023,15399.40039,15399.40039,15454.09961,15329,15399.40039,0
21/11/2023,15382.09961,15382.09961,15535.90039,15230,15382.09961,0
22/11/2023,15501.2998,15501.2998,15641,15487.09961,15501.2998,0
23/11/2023,15612.7998,15612.7998,15650,15470.5,15612.7998,0
24/11/2023,15495,15495,15605.2998,15328.7998,15495,0
27/11/2023,15560,15560,15555,15460.59961,15530,0
28/11/2023,15466.5,15466.5,15490,15337.2998,15466.5,0
29/11/2023,15259,15259,15456,15365,15259,0
30/11/2023,15407,15407,15557.2998,15157.40039,15407,0
01/12/2023,15549.2998,15549.2998,15549.2998,15384.90039,15549.2998,0
04/12/2023,15437.40039,15437.40039,15504.5,15417.2002,15437.40039,0
05/12/2023,15519.90039,15519.90039,15519.90039,15234.2002,15519.90039,0
06/12/2023,15457,15457,15533.09961,15423.7998,15457,0
07/12/2023,15480,15480,15556.90039,15478.2002,15480,0
08/12/2023,15500,15500,15558,14982,15500,0
11/12/2023,15560.2002,15560.2002,15672.09961,15435.90039,15560.2002,0
12/12/2023,15647,15647,15650.2998,15448.5,15647,0
13/12/2023,15569,15569,15679,15566.59961,15569,0
14/12/2023,15275,15275,15528.90039,15275,15275,0
15/12/2023,15468,15468,15595,15428.2998,15468,0
18/12/2023,15282.7998,15282.7998,15569.90039,15433.2998,15282.7998,0
19/12/2023,15454.40039,15454.40039,15525.2998,15400,15454.40039,0
20/12/2023,15455,15455,15532,15449.7998,15455,0
21/12/2023,15518,15518,15540.7002,15369.7002,15518,0
22/12/2023,15440,15440,15515,14610,15440,0
25/12/2023,15409.2002,15409.2002,15460,15460,15409.2002,0
26/12/2023,15460,15460,15460,15398.5,15460,0
27/12/2023,15400,15400,15434,15347.40039,15400,0
28/12/2023,15373,15373,15443,15369.2002,15373,0
29/12/2023,15425,15425,15536.5,14416.5,15425,0
01/01/2024,15383.09961,15383.09961,15383,15383,15383.09961,0
02/01/2024,15383,15383,15543,15350.90039,15383,0
03/01/2024,15498,15498,15572.2998,15401.7998,15498,0
04/01/2024,15555,15555,15555,15476.09961,15555,0
05/01/2024,15511,15511,15553,14379.7998,15511,0
08/01/2024,15477.5,15477.5,15546.7002,15473.40039,15477.5,0
09/01/2024,15495.5,15495.5,15553.7998,15478.7002,15495.5,0
10/01/2024,15534.5,15534.5,15587.40039,15526.7002,15534.5,0
11/01/2024,15555,15555,15618,15483.90039,15555,0
12/01/2024,15556.5,15556.5,15582,15505,15556.5,0
15/01/2024,15503.2002,15503.2002,15566.7998,15537,15503.2002,0
16/01/2024,15546,15546,15634,15539.2998,15546,0
17/01/2024,15625,15625,15656.2998,15598,15625,0
18/01/2024,15624,15624,15643.2998,15592.2998,15624,0
19/01/2024,15613.09961,15613.09961,15639.90039,15582,15613.09961,0
22/01/2024,15601,15601,15679.7002,15585.09961,15601,0
23/01/2024,15655.5,15655.5,15727.7998,15625.59961,15655.5,0
24/01/2024,15715,15715,15734.7998,15651,15715,0
25/01/2024,15714.5,15714.5,15876.5,15403.2998,15714.5,0
26/01/2024,15808,15808,15844.2998,15729.09961,15808,0
29/01/2024,15767.59961,15767.59961,15833.59961,15768,15767.59961,0
30/01/2024,15828,15828,15830,15759,15828,0
31/01/2024,15785,15785,15813.2998,15726,15785,0
01/02/2024,15769,15769,15793.2002,15705.59961,15769,0
02/02/2024,15726,15726,15754,15519.59961,15726,0
05/02/2024,15727.2002,15727.2002,15791,15676.7998,15727.2002,0
06/02/2024,15711.5,15711.5,15774.7002,15693.5,15711.5,0
07/02/2024,15733,15733,15740,15608,15733,0
08/02/2024,15647,15647,15676,15607,15647,0
09/02/2024,15660.2998,15660.2998,15661.2998,15583.2998,15660.2998,0
12/02/2024,15598,15598,15629.2002,15541.7002,15598,0
13/02/2024,15579.5,15579.5,15687,15278.59961,15579.5,0
14/02/2024,15661.5,15661.5,15712.59961,15564,15661.5,0
15/02/2024,15553.09961,15553.09961,15651.2998,15544,15553.09961,0
16/02/2024,15672,15672,15683,15578,15672,0
19/02/2024,15628.59961,15628.59961,15646.5,15613,15628.59961,0
20/02/2024,15634,15634,15670.09961,15620.2998,15634,0
21/02/2024,15661,15661,15682.09961,15611,15661,0
22/02/2024,15642,15642,15660.40039,15562,15642,0
23/02/2024,15588,15588,15631,15568,15588,0
26/02/2024,15586.09961,15586.09961,15660,15587,15586.09961,0
27/02/2024,15638.5,15638.5,15663.90039,15625,15638.5,0
28/02/2024,15653,15653,15733,15643,15653,0
29/02/2024,15712.2002,15712.2002,15752,15673,15712.2002,0
01/03/2024,15704,15704,15748.59961,15681,15704,0
04/03/2024,15691.90039,15691.90039,15750.90039,15681.2998,15691.90039,0
05/03/2024,15766,15766,15781.09961,15723.7998,15766,0
06/03/2024,15751.5,15751.5,15751.5,15639,15751.5,0
07/03/2024,15668,15668,15687.40039,15601,15668,0
08/03/2024,15621,15621,15636.59961,14784.40039,15621,0
11/03/2024,15536.2998,15536.2998,15583,15381,15536.2998,0
12/03/2024,15518,15518,15548,15151.2002,15518,0
13/03/2024,15546,15546,15596,15534.2002,15546,0
14/03/2024,15574,15574,15629.5,15561,15574,0
15/03/2024,15630,15630,15638.2002,15588,15630,0
18/03/2024,15639.2998,15639.2998,15725.7998,15614,15639.2998,0
19/03/2024,15743,15743,15749.09961,15691,15743,0
20/03/2024,15718,15718,15753.5,15689.2002,15718,0
21/03/2024,15687,15687,15724.59961,15634,15687,0
22/03/2024,15723.5,15723.5,15858.2002,15245.2002,15723.5,0
25/03/2024,15802.59961,15802.59961,15820.7002,15740.5,15802.59961,0
26/03/2024,15784,15784,15825.2998,15761.09961,15784,0
27/03/2024,15828,15828,15914.5,15797,15828,0
28/03/2024,15877,15877,15893.5,15853,15877,0
29/03/2024,15877,15877,15896.40039,15828.2002,15877,0
01/04/2024,15848,15848,15956.5,15848,15848,0
02/04/2024,15945.7998,15945.7998,15957.90039,15888,15945.7998,0
03/04/2024,15955,15955,15950.40039,15903,15955,0
04/04/2024,15936,15936,15943.2002,15854,15936,0
05/04/2024,15904.5,15904.5,15916.7998,15754.40039,15904.5,0
08/04/2024,15881,15881,15922.40039,15863,15881,0
09/04/2024,15918,15918,15918,15826.40039,15918,0
10/04/2024,15892.2998,15892.2998,15970.90039,15660.59961,15892.2998,0
11/04/2024,15998.2002,15998.2002,16025,15919.5,15998.2002,0
12/04/2024,16007,16007,16148.40039,15990,16007,0
15/04/2024,16111,16111,16145.7998,16034.7998,16111,0
16/04/2024,16075,16075,16309.40039,15853.5,16075,0
17/04/2024,16312.2002,16312.2002,16312.2002,15317,16312.2002,0
18/04/2024,16246,16246,16257,16148.40039,16246,0
19/04/2024,16220,16220,16300.7998,15980.09961,16220,0
22/04/2024,16210.2998,16210.2998,16268.59961,16199.09961,16210.2998,0
23/04/2024,16246,16246,16244.09961,16129.90039,16246,0
24/04/2024,16140.2002,16140.2002,16242.40039,16100.2998,16140.2002,0
25/04/2024,16220,16220,16235,16065.40039,16220,0
26/04/2024,16202,16202,16261.7998,16137.59961,16202,0
29/04/2024,16203,16203,16268.7002,16203,16203,0
30/04/2024,16246,16246,16278.40039,16216.7002,16246,0
01/05/2024,16273,16273,16274.90039,16191.2002,16273,0
02/05/2024,16190.40039,16190.40039,16253,16103,16190.40039,0
03/05/2024,16097,16097,16103,14893.7998,16097,0
06/05/2024,16077,16077,16077,15950.5,16077,0
07/05/2024,16034,16034,16070.59961,16020,16034,0
08/05/2024,16073,16073,16098.2002,16037,16073,0
09/05/2024,16074,16074,16075,16028,16074,0
10/05/2024,16030,16030,16067.5,16004,16030,0
13/05/2024,16038,16038,16125.40039,16038,16038,0
14/05/2024,16121,16121,16134.5,16082,16121,0
15/05/2024,16102,16102,16111,15516.59961,16102,0
16/05/2024,15914,15914,15949.7998,15875,15914,0
17/05/2024,15930.7998,15930.7998,15986.5,15921.7998,15930.7998,0
20/05/2024,15958,15958,16006.2998,15943.40039,15958,0
21/05/2024,16031,16031,16045,15947.2002,16031,0
22/05/2024,16005,16005,16051,15959.40039,16005,0
23/05/2024,16040.7002,16040.7002,16078.2002,16005.2002,16040.7002,0
24/05/2024,16095,16095,16113.2002,16022,16095,0
27/05/2024,16038,16038,16088.09961,15915.01953,16038,0
28/05/2024,16071,16071,16102.40039,16059,16071,0
29/05/2024,16117,16117,16241.2998,16105,16117,0
30/05/2024,16232.09961,16232.09961,16277.7998,16190,16232.09961,0
31/05/2024,16228,16228,16267.2998,16219.5,16228,0
03/06/2024,16243,16243,16249,16198,16243,0
04/06/2024,16203,16203,16298.2998,16181,16203,0
05/06/2024,16276,16276,16346,16247,16276,0
06/06/2024,16315,16315,16315,16229.09961,16315,0
07/06/2024,16241.7002,16241.7002,16280.7002,15619,16241.7002,0
10/06/2024,16270,16270,16309.2998,16260,16270,0
11/06/2024,16312,16312,16317.7998,16278,16312,0
12/06/2024,16305.40039,16305.40039,16308,15968,16305.40039,0
13/06/2024,16230,16230,16293.5,16056.5,16230,0
14/06/2024,16286,16286,16486,16277,16286,0
17/06/2024,16479.90039,16479.90039,16480.80078,16355.2002,16479.90039,0
18/06/2024,16479,16479,16479,16361.7998,16479,0
19/06/2024,16379,16379,16408.90039,16337.09961,16379,0
20/06/2024,16380.90039,16380.90039,16510.19922,16358,16380.90039,0
21/06/2024,16491.90039,16491.90039,16489.40039,16423,16491.90039,0
24/06/2024,16443,16443,16474.30078,16331.2998,16443,0
25/06/2024,16394.09961,16394.09961,16403,16353,16394.09961,0
26/06/2024,16401,16401,16448,16390,16401,0
27/06/2024,16434,16434,16434,16349,16434,0
28/06/2024,16374.40039,16374.40039,16416.80078,16310,16374.40039,0
01/07/2024,16343,16343,16375.40039,16306,16343,0
02/07/2024,16390,16390,16401.90039,16351.09961,16390,0
03/07/2024,16391,16391,16396.5,16271.90039,16391,0
04/07/2024,16340,16340,16350.2998,16307,16340,0
05/07/2024,16328.5,16328.5,16339,16174.7002,16328.5,0
08/07/2024,16245,16245,16291.7998,16239.5,16245,0
09/07/2024,16277.2002,16277.2002,16309.2998,16245,16277.2002,0
10/07/2024,16277,16277,16289.09961,16197,16277,0
11/07/2024,16198,16198,16212.5,15640,16198,0
12/07/2024,16104,16104,16160.2998,16069.09961,16104,0
15/07/2024,16108,16108,16196.59961,16108,16108,0
16/07/2024,16195,16195,16210.7002,16138.90039,16195,0
17/07/2024,16173,16173,16173,16084.5,16173,0
18/07/2024,16138,16138,16188.90039,16122.5,16138,0
19/07/2024,16185,16185,16219.90039,16139.2002,16185,0
22/07/2024,16206,16206,16233.2002,14633,16206,0
23/07/2024,16220.2002,16220.2002,16230,16180,16220.2002,0
24/07/2024,16222,16222,16252.5,16205.5,16222,0
25/07/2024,16246,16246,16330.7998,16229.7998,16246,0
26/07/2024,16337.7998,16337.7998,16337.7998,16244,16337.7998,0
29/07/2024,16283,16283,16294.59961,16261.59961,16283,0
30/07/2024,16301.7002,16301.7002,16335.09961,16286.7002,16301.7002,0
31/07/2024,16328.5,16328.5,16330,16247,16328.5,0
01/08/2024,16255,16255,16270,16210,16255,0
02/08/2024,16281,16281,16284,15814.7002,16281,0
05/08/2024,16012,16012,16221.7998,16012,16012,0
06/08/2024,16208,16208,16216.2002,16135.7002,16208,0
07/08/2024,16152.2998,16152.2998,16168,15987,16152.2998,0
08/08/2024,16023,16023,16023.09961,15751.7998,16023,0
09/08/2024,15979,15979,15981.09961,15883,15979,0
12/08/2024,15918,15918,15992.2998,15907.5,15918,0
13/08/2024,15949.09961,15949.09961,15948,15734.59961,15949.09961,0
14/08/2024,15749,15749,15747.90039,15460.2998,15749,0
15/08/2024,15619.5,15619.5,15788,15555.2998,15619.5,0
16/08/2024,15755,15755,15766,14966,15755,0
19/08/2024,15683,15683,15683,15535.2998,15683,0
20/08/2024,15523,15523,15546,15401,15523,0
21/08/2024,15442,15442,15521.09961,15417,15442,0
22/08/2024,15484,15484,15713.40039,15461.7002,15484,0
23/08/2024,15728.5,15728.5,15744,15417.7998,15728.5,0
26/08/2024,15377.2002,15377.2002,15471,15287.59961,15377.2002,0
27/08/2024,15462.59961,15462.59961,15552.90039,15443,15462.59961,0
28/08/2024,15467.09961,15467.09961,15520.40039,15367.7998,15467.09961,0
29/08/2024,15440,15440,15466.09961,15257.59961,15440,0
30/08/2024,15444.7998,15444.7998,15527.5,15383.7998,15444.7998,0
02/09/2024,15525,15525,15556.2998,15506.5,15525,0
03/09/2024,15520.09961,15520.09961,15585.5,15441.7998,15520.09961,0
04/09/2024,15532.90039,15532.90039,15550.09961,15421.5,15532.90039,0
05/09/2024,15444.40039,15444.40039,15449,15340.2998,15444.40039,0
06/09/2024,15417,15417,15439,15249.2002,15417,0
09/09/2024,15405,15405,15504.7002,15316.5,15405,0
10/09/2024,15456.7998,15456.7998,15489,15411.5,15456.7998,0
11/09/2024,15489,15489,15489.09961,15372.5,15489,0
12/09/2024,15437,15437,15463.2998,15396.7002,15437,0
13/09/2024,15418.7002,15418.7002,15430,15337.90039,15418.7002,0
16/09/2024,15393,15393,15401,15347,15393,0
17/09/2024,15385,15385,15386,15298.5,15385,0
18/09/2024,15345,15345,15367.59961,15234.2998,15345,0
19/09/2024,15300.2002,15300.2002,15391,14894.5,15300.2002,0
20/09/2024,15197.59961,15197.59961,15227,15033.59961,15197.59961,0
23/09/2024,15154,15154,15232.09961,15147,15154,0
24/09/2024,15174.09961,15174.09961,15204.7002,15117.2998,15174.09961,0
25/09/2024,15121.09961,15121.09961,15178.09961,15008.2998,15121.09961,0
26/09/2024,15201.5,15201.5,15204,14975.7002,15201.5,0
27/09/2024,15070,15070,15161.7002,15019.2998,15070,0
30/09/2024,15118,15118,15197.2998,14935.90039,15118,0
