Date,Harga Bahan Pangan Bawang Merah,Harga Bahan Pangan Bawang Putih Bonggol,Harga Bahan Pangan Beras Medium,Harga Bahan Pangan Beras Premium,Harga Bahan Pangan Cabai Merah Keriting,Harga Bahan Pangan Cabai Rawit,Harga Bahan Pangan Daging Ayam Ras,Harga Bahan Pangan Daging Sapi Murni,Harga Bahan Pangan Gula Konsumsi,Harga Bahan Pangan Minyak Goreng Curah,Harga Bahan Pangan Minyak Goreng Kemasan Sederhana,Harga Bahan Pangan Telur Ayam Ras,Harga Bahan Pangan Tepung Terigu (Curah)
01/01/2022,28970,27440,11030,12080,22360,,30540,150930,13520,,19400,27550,8910
02/01/2022,29900,29070,10950,12020,23340,,31390,151540,13540,,19100,27520,8860
03/01/2022,28970,27970,10970,11990,22050,,30980,150100,13430,,19220,28000,8860
04/01/2022,29600,28140,10990,12050,22460,,31680,148700,13580,,19160,27850,8820
05/01/2022,29540,27590,11050,12180,19630,50000,32620,147690,13460,,19570,28350,8920
06/01/2022,29410,27530,11000,12160,20140,50000,31480,148650,13380,,19830,28360,8760
07/01/2022,30960,27900,11010,12200,22960,31620,29790,149140,13370,,19620,28380,8730
08/01/2022,30550,27760,11050,12190,21730,50000,31180,149000,13460,,19820,27790,8910
09/01/2022,29840,27780,11010,12180,20430,50000,32150,150040,13510,,19870,28960,8860
10/01/2022,29800,27940,10980,12090,19570,50000,32680,150040,13490,,19930,28180,8960
11/01/2022,29660,28780,10900,12100,18770,50000,32390,149970,13510,,19540,27750,8920
12/01/2022,30590,29070,10910,12100,19760,44720,33090,148780,13700,,19650,27770,9000
13/01/2022,31130,29310,10900,12040,19690,50000,33170,149450,13790,,19620,27960,9040
14/01/2022,31110,29300,10870,12030,20470,44480,32510,149490,13910,,19730,27430,9060
15/01/2022,30410,29180,10940,12040,20080,46900,32290,149480,14040,,19800,27160,9140
16/01/2022,29780,29090,10880,12020,19360,46900,32060,149230,14000,,19800,26820,9140
17/01/2022,29920,29240,10860,11960,19840,46420,32080,149480,14060,,19920,27040,9140
18/01/2022,30570,28850,10820,11960,19210,46420,32050,149230,14020,,19870,26960,9100
19/01/2022,29980,28540,10810,11960,18980,46420,31850,149030,13980,,20010,26690,9140
20/01/2022,29720,28600,10740,11880,20320,50000,32050,148710,14050,,19380,25840,9140
21/01/2022,30270,28480,10900,12010,19220,38730,32480,148640,14080,,19560,25830,9160
22/01/2022,30280,28380,10680,11850,19550,52440,32200,148340,14000,,19370,25780,9130
23/01/2022,29490,28280,10750,11890,19390,50000,32020,148900,14000,,19490,25030,9120
24/01/2022,29790,28350,10750,11860,17970,46260,31700,148960,14130,,19590,25400,9200
25/01/2022,29610,28290,10800,11870,18520,47430,31770,148250,14130,,19440,24670,9220
26/01/2022,29500,28350,10750,11870,18470,43990,31600,148500,14090,,19530,24920,9220
27/01/2022,29530,28400,10710,11770,18770,46370,31750,148250,14130,,19500,24480,9270
28/01/2022,29520,28570,10740,11750,18730,46370,31630,147820,14130,,19500,24050,9220
29/01/2022,30070,28670,10740,11760,19290,46370,31400,150230,14140,,19550,24330,9180
30/01/2022,29680,28360,10630,11730,18840,46370,31830,147740,14100,,19330,23270,9160
31/01/2022,29820,28600,10730,11760,18940,31620,31250,148740,14170,,19380,22310,9230
01/02/2022,29710,28610,10760,11730,19210,50000,31320,148170,14180,,19360,21960,9160
02/02/2022,29200,28970,10710,11760,21020,50000,30960,148500,14280,,19260,21310,9230
03/02/2022,29370,29000,10670,11750,22470,50000,30890,148250,14280,,19210,21350,9230
04/02/2022,29390,28880,10690,11730,23610,50000,30590,147730,14290,,19150,20860,9270
05/02/2022,29320,28790,10710,11760,23630,50000,30350,148430,14250,,19210,20930,9270
06/02/2022,29080,28630,10720,11780,22880,50000,30500,148680,14260,,18970,20720,9330
07/02/2022,29730,28930,10710,11760,23760,50000,30100,147730,14340,,19060,20750,9270
08/02/2022,29960,28970,10710,11760,24290,50000,30300,148220,14390,,19020,20620,9230
09/02/2022,29790,29020,10830,11890,24740,45830,30210,147980,14340,,19380,20640,9230
10/02/2022,30730,29340,10800,11860,24940,45830,29960,148130,14310,,19260,20360,9250
11/02/2022,30850,29400,10810,11850,25660,45830,29410,147430,14350,,19310,20290,9250
12/02/2022,31010,29490,10870,11890,28210,45830,29670,148390,14390,,19440,20430,9250
13/02/2022,31300,29490,10800,11820,30120,52440,29720,147730,14300,,19560,20420,9300
14/02/2022,31820,29870,10820,11830,29460,52440,29440,147730,14340,,19310,20630,9230
15/02/2022,32020,29930,10720,11780,33130,48630,29560,148220,14380,,19980,20060,9230
16/02/2022,32940,29880,10740,11800,33730,41470,29470,147880,14350,,19000,20030,9160
17/02/2022,32680,30100,10800,11860,33230,46370,29630,148940,14390,,18610,19970,9300
18/02/2022,33320,30090,10740,11780,35510,47430,29470,146510,14400,,18480,19910,9230
19/02/2022,33780,30080,10740,11800,35820,47430,28590,146950,14360,,18850,19850,9230
20/02/2022,34330,30060,10740,11780,37380,42430,29450,146450,14310,,18610,19870,9230
21/02/2022,35010,30130,10750,11790,37960,45000,29700,146790,14440,,17470,19890,9160
22/02/2022,35460,30550,10690,11740,38280,45000,29490,146520,14390,,17800,20210,9260
23/02/2022,35310,30300,10800,11840,38640,42430,29660,146520,14400,,17750,19730,9220
24/02/2022,34760,30010,10770,11820,38230,40250,30210,147370,14350,,17130,20200,9310
25/02/2022,35540,30180,10730,11730,39180,40250,29780,146250,14340,,17080,20150,9250
26/02/2022,35650,29930,10750,11730,39480,42430,29840,146760,14310,,16610,20390,9180
27/02/2022,36690,30320,10760,11740,40170,48990,29890,146450,14390,,16510,20420,9250
28/02/2022,36630,30040,10690,11710,40720,48990,30130,146860,14340,,16120,20710,9140
01/03/2022,36010,30130,10810,11740,41250,44720,29700,146950,14420,,15860,20430,9210
02/03/2022,36110,30380,10720,11720,42330,42430,29570,146950,14290,,15770,20240,9210
03/03/2022,36440,30390,10720,11710,43980,48990,29480,147050,14310,,15910,20290,9180
04/03/2022,35680,30380,10730,11720,46600,48990,29450,146750,14340,,15910,20570,9170
05/03/2022,36190,30170,10720,11690,50250,44720,29650,147550,14310,,15860,20180,9140
06/03/2022,36430,30170,10710,11720,52020,44720,29290,147420,14340,,15630,20340,9120
07/03/2022,36450,30320,10720,11730,55150,55000,29460,147050,14350,,15440,20900,9240
08/03/2022,36870,30460,10710,11700,53700,,29490,147290,14260,,15610,20640,9090
09/03/2022,37190,30640,10800,11720,54770,,29170,146790,14360,,15580,20580,9070
10/03/2022,36670,30660,10820,11760,55000,,29330,146700,14380,,15430,21030,9100
11/03/2022,37200,30400,10790,11770,55530,,29390,146500,14430,,15380,20790,9100
12/03/2022,36760,30450,10840,11770,55340,,29660,147050,14450,,15350,20910,9120
13/03/2022,36970,29830,10800,11720,55600,,29470,146790,14400,,15350,20750,9120
14/03/2022,36650,30410,10810,11740,55200,,29380,147420,14510,,15480,21280,9130
15/03/2022,36230,30160,10810,11740,55910,,29130,147970,14560,,15330,21930,9160
16/03/2022,36400,30450,10750,11670,53890,,29030,148310,14590,,15040,21760,9140
17/03/2022,36010,30010,10810,11740,56520,,29220,147970,14690,,15780,21640,9200
18/03/2022,36060,30010,10810,11740,56540,,29280,147520,14730,,15860,21450,9200
19/03/2022,36050,30140,10830,11750,56160,,29900,148130,14720,,16330,21670,9340
20/03/2022,35620,30520,10790,11740,54930,,29480,148190,14690,,16630,21660,9280
21/03/2022,33300,29360,10570,11570,54380,,28680,149240,14610,,16780,21810,9150
22/03/2022,34560,30560,10860,11770,54350,,30250,147610,14710,,17110,21260,9340
23/03/2022,34720,30600,10790,11720,55630,,29240,147710,14740,,17400,21330,9370
24/03/2022,35470,30380,10780,11670,55510,,29150,147710,14740,,17300,21240,9370
25/03/2022,35480,30420,10700,11660,54000,,28780,147120,14780,,17380,21340,9350
26/03/2022,35380,31080,10690,11620,52360,,28870,148190,14810,,16900,21260,9380
27/03/2022,35070,31090,10730,11690,50960,,28930,148190,14860,,17370,21300,9380
28/03/2022,34980,31330,10730,11710,49380,,29020,148520,14890,,17430,21340,9420
29/03/2022,35060,31540,10760,11690,49850,,29180,149480,14890,,17500,21270,9560
30/03/2022,35740,31130,10760,11710,51080,,29530,156550,14900,,17950,21610,9420
31/03/2022,35930,31260,10730,11710,52000,,30840,166620,14920,,17510,21600,9530
01/04/2022,35980,31530,10730,11700,51640,,30860,166460,14920,,17900,21510,9620
02/04/2022,35340,31390,10780,11740,49870,24000,31290,162170,14920,,17810,21550,9640
03/04/2022,35580,31170,10710,11710,49510,,30120,152690,14900,,17620,21610,9630
04/04/2022,35100,31000,10690,11700,49840,,29410,148160,14970,,17630,21360,9660
05/04/2022,34580,30230,10700,11700,49940,,29470,148440,14970,,17630,21520,9660
06/04/2022,34180,30160,10700,11710,45830,,29470,148880,14890,,17610,21420,9690
07/04/2022,34310,30150,10700,11690,45980,,29690,148940,14900,,17380,21220,9670
08/04/2022,33490,30360,10700,11710,44310,40000,29830,148880,14940,,19300,21300,9670
09/04/2022,33880,30200,10690,11700,41800,,29860,148990,14940,,19760,21210,9680
10/04/2022,33430,30240,10680,11670,42140,,29860,148880,14940,,20050,21230,9800
11/04/2022,32580,30110,10800,11840,40590,,29820,148660,14880,,19940,20960,9600
12/04/2022,32770,30010,10810,11800,39940,,29510,148350,14940,,20000,21290,9680
13/04/2022,33330,30110,10710,11700,40010,,29440,148630,14890,,20590,21080,9710
14/04/2022,33190,29910,10740,11740,39390,,29500,148350,14850,,20150,20860,9680
15/04/2022,33270,29970,10750,11800,39170,,29900,148140,14940,,20290,20810,9680
16/04/2022,34080,30300,10760,11790,38870,,29520,149510,14940,,20720,20760,9710
17/04/2022,33760,29940,10720,11680,37810,,29370,149110,14890,,20290,20650,9670
18/04/2022,34120,30030,10710,11720,38180,,29660,148350,14940,,20370,20640,9730
19/04/2022,33840,29940,10810,11760,38250,,29590,148990,14900,,20280,20570,9780
20/04/2022,33480,30240,10780,11760,38090,,29630,148510,14900,,21130,20860,9820
21/04/2022,34420,30170,10820,11750,38100,,29830,149450,14940,15840,21850,20890,9880
22/04/2022,34340,29850,10720,11690,36810,,29730,149420,14890,15780,22000,20810,9780
23/04/2022,35250,30160,10760,11720,37340,,29620,149690,14900,15840,22300,21000,9890
24/04/2022,34210,29680,10800,11770,36700,,29740,149690,14940,15740,22170,20780,9890
25/04/2022,33610,29760,10790,11760,35840,,29720,151590,14950,15690,22260,21370,9850
26/04/2022,33790,29430,10750,11730,35490,,29500,152890,14900,15540,22260,22020,9800
27/04/2022,34200,29960,10780,11750,35290,,30050,153440,14850,15570,22710,22220,9880
28/04/2022,34510,29430,10750,11730,35200,,29540,153440,14900,15500,22480,22350,9840
29/04/2022,34170,29930,10740,11730,36910,,30820,157450,14850,15540,22580,22380,9880
30/04/2022,34800,29980,10780,11740,37930,,32050,165580,14850,15540,22680,22760,9930
01/05/2022,34720,29810,10750,11750,38200,,32680,172670,14900,15510,22430,22820,9920
02/05/2022,35750,30770,10650,11650,38100,,32660,162190,14730,15580,22370,22870,9840
03/05/2022,34710,30360,10660,11690,37640,,32550,156330,14750,15570,22610,22650,9910
04/05/2022,34730,29990,10710,11760,38390,35000,31860,155790,14850,15590,22320,22820,9880
05/05/2022,35030,29890,10740,11750,38380,,32270,152440,14890,15620,22480,22660,9920
06/05/2022,34640,29610,10730,11740,37840,,31710,151540,14850,15590,22730,22840,9920
07/05/2022,35010,29630,10670,11710,37320,,31520,151510,14840,15520,22670,22680,9870
08/05/2022,33190,29270,10760,11750,35740,,31130,150810,14830,15490,22500,23120,10020
09/05/2022,33810,29270,10710,11700,35270,,30580,151160,14900,15630,21900,22740,9970
10/05/2022,33370,29980,10700,11740,34540,,30730,149640,14890,15530,22560,22840,9870
11/05/2022,33640,29710,10760,11760,33920,,30520,149990,14900,15670,22360,23360,9930
12/05/2022,34160,29040,10680,11720,33230,,31090,149990,14820,15430,22310,22870,9960
13/05/2022,35310,28820,10740,11740,31920,,31430,149520,14990,15480,22310,23530,9930
14/05/2022,35160,28740,10740,11740,31850,,31400,150030,14990,15480,22220,22870,9930
15/05/2022,35270,28160,10730,11730,30640,,31770,150500,14950,15500,22190,22750,9920
16/05/2022,36010,28480,10730,11730,29910,,31830,150680,14950,15470,22540,23030,9920
17/05/2022,36560,28350,10740,11740,29860,,31550,151160,14950,15470,22360,22930,9930
18/05/2022,37540,28370,10680,11680,29480,,32320,150550,14940,15520,22580,23500,10020
19/05/2022,37900,28260,10740,11740,30640,,31620,152270,14950,15470,22200,23060,9970
20/05/2022,38090,28120,10770,11790,30670,,31780,152030,14920,15360,22220,23990,10020
21/05/2022,38760,28000,10710,11730,30730,,31740,151300,14920,15340,22750,23940,9970
22/05/2022,39200,27670,10660,11700,31210,,31820,150250,14920,15440,22840,23670,9920
23/05/2022,40330,27670,10730,11740,34280,,31930,151750,14950,15350,22290,23870,9970
24/05/2022,40730,27700,10720,11740,34850,,31480,151750,14910,15330,22280,24190,9940
25/05/2022,41200,27920,10700,11740,36050,,31340,151420,14900,15250,22210,24200,9890
26/05/2022,41340,27700,10720,11740,36040,,31350,151230,14910,15650,22100,23930,9950
27/05/2022,41350,27660,10710,11730,36280,,31380,150270,14910,15660,22370,24290,9950
28/05/2022,39140,27570,10780,11780,36900,,31020,153380,14910,15400,22020,24410,9950
29/05/2022,39110,27310,10710,11730,40390,,31260,150760,14910,15280,22410,24650,9950
30/05/2022,42680,27690,10740,11750,43420,,31010,151230,14910,15500,22180,24880,9950
31/05/2022,43380,27260,10710,11650,46420,,30870,151750,14950,15310,22240,24880,9990
01/06/2022,42970,27840,10780,11750,46200,,31120,151380,14900,15300,22530,25190,9990
02/06/2022,43160,27770,10820,11730,48190,,30830,151850,14950,15230,22150,25000,9950
03/06/2022,42360,27270,10740,11740,47990,,30880,151850,14910,15590,21740,24850,9950
04/06/2022,43420,27600,10720,11730,51010,45000,30990,151300,14950,15410,22500,25130,9950
05/06/2022,42630,27860,10700,11800,51050,,30930,150910,14950,15950,21980,24790,9830
06/06/2022,44520,27930,10700,11730,52760,,31090,151300,14950,15540,22580,25110,9950
07/06/2022,45500,27420,10710,11730,54730,,30940,151300,14950,15590,22580,25110,9950
08/06/2022,46670,27290,10640,11690,55330,,30960,151750,14950,15830,22370,24820,10030
09/06/2022,49930,27840,10580,11790,57850,,31600,150330,14980,15590,22470,25360,9980
10/06/2022,,,,,,,,,,,,,
11/06/2022,,,,,,,,,,,,,
12/06/2022,,,,,,,,,,,,,
13/06/2022,,,,,,,,,,,,,
14/06/2022,,,,,,,,,,,,,
15/06/2022,,,,,,,,,,,,,
16/06/2022,,,,,,,,,,,,,
17/06/2022,,,,,,,,,,,,,
18/06/2022,,,,,,,,,,,,,
19/06/2022,,,,,,,,,,,,,
20/06/2022,,,,,,,,,,,,,
21/06/2022,,,,,,,,,,,,,
22/06/2022,,,,,,,,,,,,,
23/06/2022,,,,,,,,,,,,,
24/06/2022,,,,,,,,,,,,,
25/06/2022,,,,,,,,,,,,,
26/06/2022,,,,,,,,,,,,,
27/06/2022,,,,,,,,,,,,,
28/06/2022,,,,,,,,,,,,,
29/06/2022,,,,,,,,,,,,,
30/06/2022,,,,,,,,,,,,,
01/07/2022,,,,,,,,,,,,,
02/07/2022,,,,,,,,,,,,,
03/07/2022,,,,,,,,,,,,,
04/07/2022,,,,,,,,,,,,,
05/07/2022,,,,,,,,,,,,,
06/07/2022,,,,,,,,,,,,,
07/07/2022,,,,,,,,,,,,,
08/07/2022,,,,,,,,,,,,,
09/07/2022,,,,,,,,,,,,,
10/07/2022,,,,,,,,,,,,,
11/07/2022,,,,,,,,,,,,,
12/07/2022,,,,,,,,,,,,,
13/07/2022,,,,,,,,,,,,,
14/07/2022,57580,25860,10680,11780,95520,,31280,147440,14720,13370,22170,24240,10390
15/07/2022,57280,25760,10730,11750,90600,,30430,149500,14670,13590,21980,24500,10390
16/07/2022,55800,25580,10710,11740,88060,,30280,148870,14620,13570,22240,24500,10370
17/07/2022,55630,25590,10720,11750,86220,,30030,149530,14630,13430,21960,24340,10400
18/07/2022,55860,24780,10690,11750,86820,,30090,150570,14500,13740,21720,24520,10400
19/07/2022,55650,24380,10750,11740,89680,,29920,150570,14590,13740,21720,24570,10400
20/07/2022,55480,24490,10670,11720,91310,,29740,150040,14620,13270,21560,24570,10420
21/07/2022,53890,24370,10700,11760,95090,,30060,149350,14610,13460,21230,24560,10420
22/07/2022,52740,24430,10750,11740,97450,,29630,151110,14590,13250,21180,24630,10420
23/07/2022,53190,24430,10760,11740,95310,,29850,150570,14630,13300,20740,24430,10420
24/07/2022,52360,24490,10740,11730,94990,,29850,150570,14620,13130,21260,24550,10430
25/07/2022,50890,24950,10730,11700,92110,,29690,151060,14550,13090,20880,24370,10460
26/07/2022,49400,24610,10770,11780,92960,,29550,151620,14550,13040,21040,24270,10460
27/07/2022,48280,24390,10770,11780,91740,,29710,151080,14500,12980,20930,24540,10660
28/07/2022,47180,24050,10770,11740,91080,,29290,151080,14500,13150,20170,24440,10510
29/07/2022,45930,23760,10790,11800,91280,,29590,152600,14460,12860,20460,24290,10580
30/07/2022,46420,24090,10790,11780,90590,,29530,152600,14500,12940,20910,24330,10460
31/07/2022,45740,24060,10790,11780,91660,,29480,152950,14460,12940,20910,24630,10470
01/08/2022,44190,24180,10740,11790,89320,,29530,153300,14530,12850,20870,24570,10580
02/08/2022,42350,23980,10680,11740,92330,,29070,153210,14460,12800,21280,24520,10510
03/08/2022,,,,,,,,,,,,,
04/08/2022,42150,24190,10760,11790,95810,,29090,153400,14460,12980,21000,24600,10510
05/08/2022,40620,24280,10760,11790,95160,,29030,153400,14460,12980,20960,24520,10510
06/08/2022,40460,24320,10760,11790,94320,,28980,153400,14460,12930,20960,24580,10510
07/08/2022,39390,24010,10760,11790,89690,,28530,153220,14460,12760,20880,24390,10470
08/08/2022,38090,24300,10740,11790,92440,,29100,153060,14460,12790,20960,24320,10510
09/08/2022,37360,24330,10800,11830,92520,,29010,152730,14460,12630,20890,24380,10510
10/08/2022,36850,24340,10800,11830,92000,,29050,153220,14460,12650,20850,24380,10470
11/08/2022,35990,24340,10830,11850,89680,,28670,152730,14420,12620,20850,24530,10510
12/08/2022,35870,24380,10810,11860,88560,,28640,152990,14500,12550,20930,24610,10530
13/08/2022,34870,24260,10830,11850,84170,,28770,152990,14500,12570,20840,24570,10590
14/08/2022,34210,24350,10900,11910,82300,,28930,153090,14540,12580,20840,24640,10670
15/08/2022,33430,23790,10830,11890,75640,,28760,153330,14500,12700,20750,24920,10660
16/08/2022,33720,23630,10860,11930,74400,,28900,152990,14540,12740,20800,24980,10610
17/08/2022,32760,23920,10890,11850,71550,,29110,152990,14620,12860,20680,25310,10640
18/08/2022,32560,23600,10910,11890,68410,,28970,152990,14540,12860,20420,25510,10630
19/08/2022,32720,23790,10910,11890,67900,,29010,152990,14500,13150,20370,25510,10670
20/08/2022,32430,23720,10880,11890,69510,,29110,152990,14540,12900,20370,25730,10630
21/08/2022,31260,23660,10860,11920,73940,,29320,152470,14520,12890,20580,26090,10650
22/08/2022,31970,23280,10910,11920,75180,,29260,152470,14590,13080,20360,26030,10670
23/08/2022,32250,23370,10840,11900,75320,,29350,152060,14570,13010,20430,26240,10610
24/08/2022,31210,23530,10990,12030,79600,,29570,152990,14550,13000,20280,26380,10710
25/08/2022,30910,23620,11010,12040,82140,,29700,152470,14540,13090,20280,26380,10660
26/08/2022,30560,23820,11010,12040,84300,,29980,152470,14540,13060,20460,26380,10620
27/08/2022,30870,24020,10990,12020,86300,,29760,152470,14540,13100,20050,26580,10620
28/08/2022,30260,23640,11000,12040,90690,,29750,152840,14540,13040,20280,26510,10670
29/08/2022,30680,23240,11030,12060,91180,,30000,153090,14540,13010,20230,26530,10670
30/08/2022,29950,23240,11050,12080,91690,,29740,152210,14540,13100,20190,26540,10620
31/08/2022,29260,23530,11070,12080,91260,,29950,152210,14500,13050,20430,26550,10670
01/09/2022,29000,23340,11090,12080,91200,,29520,152470,14460,13040,20470,26590,10710
02/09/2022,28950,23690,11050,12060,92630,,29520,151470,14500,13090,20120,26620,10790
03/09/2022,28890,23520,11050,12050,93470,,28700,151280,14430,12980,20460,26460,10840
04/09/2022,29190,23790,11090,12120,96650,,29510,151890,14420,13070,20480,26590,10920
05/09/2022,28800,23290,11080,12120,98450,,29020,150810,14550,13020,20370,26590,10920
06/09/2022,28970,23410,11120,12180,98790,,28920,152240,14470,13010,20360,26340,10860
07/09/2022,29370,23590,11120,12150,98980,,28970,152240,14470,13010,20360,26340,10990
08/09/2022,29450,23800,11120,12150,97560,,29080,151470,14470,13040,20550,25840,10990
09/09/2022,30010,23980,11070,12080,93320,,29150,151980,14480,13020,20560,25670,10990
10/09/2022,30170,24050,11050,12080,90490,,28680,152240,14480,12990,20560,25580,10990
11/09/2022,30380,24240,11040,12090,88810,,28870,151730,14540,12940,20450,25610,10950
12/09/2022,30370,24040,11140,12080,81870,,28950,152800,14540,12950,20230,25360,11040
13/09/2022,31520,24220,11140,12100,71560,,29000,152950,14590,12980,20610,25320,11040
14/09/2022,31300,24060,11090,12070,67980,,28840,152240,14520,13140,20350,25390,10990
15/09/2022,32350,24130,11090,12110,64040,,29020,152240,14520,13020,20380,25220,10990
16/09/2022,32690,23990,11090,12110,62770,,28920,152240,14520,13010,20040,25140,10990
17/09/2022,32810,23530,11060,12010,61490,,28730,152220,14410,12920,20100,25100,10880
18/09/2022,32810,23500,11090,12110,62050,,28910,152620,14460,13170,20120,25050,10970
19/09/2022,32880,23400,11130,12100,60390,,28950,152760,14460,12980,19960,25000,10920
20/09/2022,32930,23600,11090,12110,59700,,28840,152760,14460,13200,19830,25030,11060
21/09/2022,33220,23730,11090,12090,59610,,28800,152760,14460,12980,19830,24980,11060
22/09/2022,33540,23600,11090,12090,58100,,28890,153030,14460,12980,19790,24870,11100
23/09/2022,33450,23830,11090,12090,53020,,28790,152760,14460,12960,19840,24910,11060
24/09/2022,32980,23900,11090,12090,50970,40000,28790,152760,14460,12980,19800,24910,11100
25/09/2022,33240,24140,11120,12130,47640,40000,28670,153120,14450,12990,19800,24910,11100
26/09/2022,33260,23780,11120,12130,44220,,28890,152760,14410,12870,19840,24760,11100
27/09/2022,34030,23750,11110,12140,40810,40000,28920,152760,14460,12910,19770,24410,11100
28/09/2022,33840,23580,11110,12140,40660,,28730,152760,14460,12960,19900,24280,11120
29/09/2022,33790,23800,11130,12140,40700,,28870,152760,14460,12910,19920,24180,11220
30/09/2022,33450,23920,11130,12160,39570,,28820,152760,14460,12950,19770,23950,11220
01/10/2022,33520,23920,11170,12190,39320,,28770,152760,14460,12950,19290,23830,11440
02/10/2022,32860,24450,11170,12190,39860,,28690,151420,14460,12910,19700,23770,11260
03/10/2022,33550,23840,11170,12170,39360,,28860,152620,14460,12910,19860,23390,11380
04/10/2022,34030,23480,11200,12230,40940,,28780,152240,14410,12790,19740,22650,11260
05/10/2022,34080,23630,11200,12220,41200,,28440,152760,14410,12740,19740,22660,11260
06/10/2022,34230,23580,11200,12230,43410,,28640,152760,14420,12600,19740,22610,11260
07/10/2022,34390,23820,11220,12230,44600,,28490,153540,14420,12740,19780,22870,11260
08/10/2022,34430,23910,11150,12180,46880,,29030,152220,14410,12680,19580,22770,11200
09/10/2022,34650,23930,11220,12230,51100,,28750,153360,14420,12740,19700,22740,11260
10/10/2022,34720,23930,11230,12250,52230,,28980,153850,14420,12690,19780,22970,11250
11/10/2022,34240,23710,11230,12200,52190,,29290,153540,14420,12720,19740,23210,11250
12/10/2022,34830,24000,11230,12250,50610,,29240,153300,14420,12720,19740,23280,11290
13/10/2022,33890,24090,11190,12190,48960,,29240,153300,14420,12760,19740,23290,11250
14/10/2022,34240,24080,11240,12250,47190,,29070,153300,14370,12860,19700,23080,11250
15/10/2022,33760,23900,11220,12230,46600,,29170,151630,14370,12810,19660,23040,11280
16/10/2022,33760,23980,11220,12270,45370,,28960,153300,14390,12800,19560,22910,11240
17/10/2022,33950,23820,11190,12190,40510,,28910,153630,14380,12850,19660,23160,11280
18/10/2022,34360,23890,11240,12250,39660,,29020,153300,14330,12820,19540,23240,11310
19/10/2022,34070,23930,11240,12250,39350,,29020,152780,14370,12830,19540,23130,11270
20/10/2022,33580,23890,11250,12250,36800,,28990,152780,14330,12770,19540,23150,11170
21/10/2022,34030,23900,11240,12230,35670,,28720,153300,14330,12810,19540,23360,11280
22/10/2022,33960,23850,11250,12230,33780,,28860,152780,14330,12880,19490,23160,11300
23/10/2022,33500,23840,11240,12210,33040,38000,28700,153130,14330,12800,19490,23150,11300
24/10/2022,34660,23770,11240,12230,32230,,28690,154040,14330,12960,19530,22970,11350
25/10/2022,34050,23480,11280,12250,30970,,27570,154480,14270,13000,19490,22850,11300
26/10/2022,34360,24020,11250,12230,31820,,28770,153730,14330,13350,19530,23120,11340
27/10/2022,34060,24020,11250,12230,31390,,28730,153730,14330,13020,19530,23150,11340
28/10/2022,34200,24020,11250,12230,31480,,28670,152780,14330,13120,19670,22940,11340
29/10/2022,33650,23760,11210,12230,29960,,28670,153730,14330,13120,19710,22930,11340
30/10/2022,33020,24150,11210,12210,29180,,28600,154040,14340,13140,19770,22930,11340
31/10/2022,33070,24080,11200,12210,29390,,28470,154530,14340,13130,19750,22950,11340
01/11/2022,33330,23660,11240,12250,28090,,28160,154000,14340,13190,19910,22990,11340
02/11/2022,33280,23710,11240,12240,27970,,28520,153540,14250,13310,19710,23070,11340
03/11/2022,33470,23530,11240,12240,26720,,28520,153540,14290,13320,19540,23000,11340
04/11/2022,35230,24070,11240,12240,30710,,28540,153540,14380,13180,19600,22950,11340
05/11/2022,37020,23970,11240,12240,31810,,28650,153540,14290,13270,19490,23690,11340
06/11/2022,37460,24200,11230,12240,31900,25000,29090,153860,14290,13310,19540,23460,11340
07/11/2022,38630,24760,11240,12240,32270,,28610,154310,14290,13350,19560,24300,11340
08/11/2022,37240,24390,11240,12240,31850,,28670,154840,14290,13360,19550,24060,11320
09/11/2022,35530,24230,11240,12240,29700,,28700,154310,14290,13350,19500,23800,11320
10/11/2022,35560,24010,11280,12240,29120,,28620,154310,14290,13430,19550,24100,11370
11/11/2022,35390,23700,11220,12260,29090,40000,28820,154060,14290,13460,19510,24100,11370
12/11/2022,34600,23890,11240,12230,29440,,28780,154060,14290,13590,19490,24130,11380
13/11/2022,34300,23540,11300,12220,29810,,28780,153860,14250,13440,19490,24230,11330
14/11/2022,34510,23530,11210,12230,27830,,28660,153540,14290,13460,19470,24290,11330
15/11/2022,34460,23810,11190,12230,28630,,28700,153540,14270,13520,19250,24330,11290
16/11/2022,34130,23710,11240,12190,28370,,28690,153020,14270,13570,19180,24540,11350
17/11/2022,33920,23750,11240,12230,29150,,28760,153020,14270,13520,19600,24610,11310
18/11/2022,34180,24020,11220,12220,30300,,28770,152770,14270,13510,19720,24700,11400
19/11/2022,33440,23930,11210,12220,30310,,28690,152770,14270,13580,19600,24780,11310
20/11/2022,34020,23850,11210,12230,30600,,28700,153120,14270,13560,19270,24850,11290
21/11/2022,34330,23540,11220,12240,31700,,28960,153290,14320,13520,19640,25080,11330
22/11/2022,34510,23670,11220,12240,31970,,28910,153290,14320,13580,19640,25000,11330
23/11/2022,34980,23900,11180,12240,31940,,28970,153290,14360,13540,19510,25130,11330
24/11/2022,34560,24290,11160,12220,31600,,29300,153540,14320,13350,19270,24950,11290
25/11/2022,34170,24180,11160,12230,32020,,29370,153740,14310,13460,19080,25200,11300
26/11/2022,34360,24180,11100,12190,31420,,29350,153190,14360,13450,19440,25330,11300
27/11/2022,33870,24070,11100,12190,30910,,29390,153190,14360,13450,19440,25390,11250
28/11/2022,34270,23860,11160,12220,31000,37420,29290,154060,14380,13430,19390,25500,11320
29/11/2022,34010,24010,11170,12270,31000,,29790,153380,14370,13670,19250,25610,11330
30/11/2022,33490,23430,11160,12210,31090,,29360,153540,14340,13460,19380,25660,11290
01/12/2022,33290,23760,11150,12220,31230,,29460,153290,14300,13550,19420,25830,11330
02/12/2022,33200,24070,11150,12220,31380,,29590,153290,14340,13570,19420,25820,11330
03/12/2022,32770,24100,11140,12230,31770,,29770,153290,14320,13570,19070,25790,11330
04/12/2022,32600,23940,11100,12180,32080,,29650,153470,14360,13560,19310,25850,11300
05/12/2022,33100,23970,11140,12210,31610,,29960,153610,14380,13570,19350,25870,11310
06/12/2022,33260,23940,11150,12210,31720,,30070,153610,14330,13570,19350,25960,11290
07/12/2022,33220,23950,11150,12210,32200,,30270,153610,14340,13570,19350,26200,11290
08/12/2022,33030,23710,11150,12210,33480,,30470,153610,14360,13570,19430,26330,11290
09/12/2022,32630,23790,11160,12220,33560,,30530,153290,14330,13480,19480,26280,11260
10/12/2022,33050,24240,11130,12120,34280,,30130,153470,14340,13540,19240,26960,11230
11/12/2022,32540,24040,11100,12170,33880,,30240,153290,14490,13550,19100,26380,11260
12/12/2022,32570,24290,11170,12230,35190,,30300,153610,14470,13570,19430,26480,11290
13/12/2022,32170,24400,11170,12220,37100,,30720,153610,14470,13620,19470,26590,11340
14/12/2022,32490,24310,11150,12180,36040,,30980,153610,14470,13560,19470,26630,11340
15/12/2022,32590,24480,11150,12180,37020,,31110,153610,14470,13590,19020,27030,11340
16/12/2022,33060,24410,11150,12180,37440,,31290,153150,14470,13560,19180,26870,11340
17/12/2022,33100,24760,11170,12170,38890,,31080,152800,14490,13650,19020,27170,11320
18/12/2022,33120,24410,11160,12200,38880,,31250,153150,14470,13580,19140,27030,11390
19/12/2022,33660,24580,11120,12190,39660,,31480,153150,14490,13560,19230,26880,11460
20/12/2022,32990,24840,11180,12270,40080,,31800,153610,14470,13620,19180,26970,11440
21/12/2022,32910,25140,11180,12270,39180,,31950,153150,14470,13860,19180,27150,11440
22/12/2022,33210,25180,11210,12290,39570,,31910,153610,14470,13650,19180,27220,11440
23/12/2022,32760,25010,11210,12310,39340,,32080,153120,14470,13760,19220,27100,11440
24/12/2022,33430,25040,11220,12310,39790,,32190,153120,14510,14100,18460,27140,11500
25/12/2022,33520,25350,11200,12300,39330,,32200,153680,14540,13810,19740,27420,11610
26/12/2022,32840,25100,11220,12310,37840,,32370,153120,14510,14020,18940,27410,11480
27/12/2022,32870,24810,11210,12310,36260,,32340,153120,14590,13900,19340,27290,11550
28/12/2022,32700,24780,11210,12310,36100,30000,32580,153120,14590,13930,18860,27310,11470
29/12/2022,32920,25140,11230,12310,34730,,32530,153120,14590,13930,19300,27100,11470
30/12/2022,33600,25360,11190,12220,33980,,32660,152920,14640,13910,19360,27290,11540
31/12/2022,32740,25070,11210,12320,31350,,33020,152210,14580,14070,19030,27490,11380
01/01/2023,31930,25040,11250,12370,29890,,32710,152340,14610,14080,18860,27400,11300
02/01/2023,32630,25040,11240,12340,31320,,33180,152210,14630,14110,19190,27210,11340
03/01/2023,32270,25160,11270,12380,32510,,33330,152590,14560,14230,18700,27110,11330
04/01/2023,32590,25050,11220,12380,31620,,32960,152590,14560,14130,18970,27010,11330
05/01/2023,32570,25190,11300,12380,31010,,32620,153120,14640,14310,18970,27070,11290
06/01/2023,32810,24870,11280,12360,30570,,32670,152590,14640,14380,18970,27050,11290
07/01/2023,32750,24910,11300,12360,30780,,32530,152590,14640,14260,18930,26890,11450
08/01/2023,32230,24970,11220,12330,30800,,32360,152210,14630,14230,18800,27000,11300
09/01/2023,32310,24300,11230,12440,30700,,32890,154160,14520,14350,18860,26850,11310
10/01/2023,32570,25070,11340,12440,32360,,32360,152590,14670,14390,18970,26870,11330
11/01/2023,33080,24850,11400,12470,33050,,32400,152590,14670,14390,19040,26750,11210
12/01/2023,33080,24800,11410,12490,33120,,32580,152590,14670,14640,19120,26770,11190
13/01/2023,33460,24950,11430,12510,32870,,32310,152590,14670,14300,19120,26380,11190
14/01/2023,33980,24950,11430,12490,33550,,32340,152830,14670,14470,19090,26380,11190
15/01/2023,33500,24760,11430,12490,34350,,32340,152830,14690,14660,19090,26290,11240
16/01/2023,33880,24960,11470,12560,34790,,32250,152830,14690,14470,19120,26000,11240
17/01/2023,33870,25080,11480,12560,34680,,32100,153360,14690,14470,18910,26000,11240
18/01/2023,34150,25240,11440,12570,34660,,31440,152470,14670,14450,18920,25970,11200
19/01/2023,34000,25180,11450,12540,34940,,31420,153360,14690,14250,19050,25920,11240
20/01/2023,34510,25400,11500,12580,35290,50000,30970,152830,14690,14270,19080,25900,11240
21/01/2023,34610,25470,11480,12570,36190,,30960,151980,14720,14270,18860,25960,11230
22/01/2023,34760,25560,11480,12550,36210,,31010,152470,14720,14270,18820,25960,11230
23/01/2023,34830,25680,11510,12570,37990,,30940,152370,14730,14300,18990,25920,11270
24/01/2023,34870,25600,11520,12590,36930,38000,30800,152830,14730,14310,19130,25990,11270
25/01/2023,35420,25400,11550,12670,38470,,30840,152500,14720,14230,18970,25920,11230
26/01/2023,35870,25420,11610,12680,37870,,30860,152370,14770,14350,19090,25690,11270
27/01/2023,35810,25770,11610,12680,37500,,30640,152830,14770,14300,19090,25620,11270
28/01/2023,36050,25940,11590,12630,38310,,30750,152470,14850,14480,18970,25610,11230
29/01/2023,36550,25880,11540,12570,38630,,30500,152830,14790,14320,18940,25630,11250
30/01/2023,36430,26090,11550,12710,40860,,30810,153020,14760,14260,19120,25460,11330
31/01/2023,36190,26240,11700,12930,41250,,30250,153330,14750,14380,19130,25320,11270
01/02/2023,36670,25680,11570,12730,41460,,30270,153330,14820,14610,19020,25310,11270
02/02/2023,37220,26390,11640,12770,42390,,30360,153330,14630,14440,19100,25270,11270
03/02/2023,37680,26520,11590,12760,44380,,30240,152860,14770,14710,19220,25090,11220
04/02/2023,37830,26780,11590,12760,44990,,30330,152860,14770,14440,19170,25030,11220
05/02/2023,38280,26640,11550,12690,45210,,30140,152860,14760,14440,19210,24940,11230
06/02/2023,37970,26660,11620,12830,45870,,30120,153330,14730,14380,19150,24790,11310
07/02/2023,37870,26850,11610,12810,44870,,30140,153020,14720,14360,18840,24640,11230
08/02/2023,38170,27090,11630,12770,43030,,29760,152860,14730,14420,19240,24630,11310
09/02/2023,37840,27350,11660,12810,41790,,30020,152860,14690,14510,19020,24540,11260
10/02/2023,37490,27270,11660,12810,42420,,30140,152860,14690,14420,19170,24480,11260
11/02/2023,37990,27280,11620,12800,42160,,30090,152860,14730,14630,18840,24480,11260
12/02/2023,37510,27240,11640,12820,41920,,29940,152860,14690,14240,19170,24200,11260
13/02/2023,36570,27070,11690,12860,40210,,29630,152860,14690,14400,18990,24480,11260
14/02/2023,37100,27110,11630,12850,40440,,29590,152860,14690,14610,18980,24460,11180
15/02/2023,35980,27110,11590,12820,39270,,29990,152860,14640,14390,18620,24330,11200
16/02/2023,36330,27210,11640,12810,38810,,29850,152860,14640,14390,18610,24300,11200
17/02/2023,36420,26440,11580,12810,39160,,29870,153330,14630,14290,18510,24040,11170
18/02/2023,35890,26570,11520,12720,40250,,30020,152500,14580,14190,18320,24200,11170
19/02/2023,35290,26260,11520,12720,40200,,30130,152990,14580,14240,18340,24140,11170
20/02/2023,35130,26550,11590,12810,40900,,29840,152860,14600,14180,18590,24110,11200
21/02/2023,35360,26460,11610,12800,40900,,29670,152860,14600,14170,18540,23960,11250
22/02/2023,35190,26340,11610,12850,39140,,29550,153330,14600,14430,18540,24020,11250
23/02/2023,35400,26720,11610,12820,40920,,29550,153330,14600,14210,18540,23880,11200
24/02/2023,34820,27120,11630,12810,42160,,29450,152860,14600,13980,18540,23740,11250
25/02/2023,34960,27120,11570,12760,41720,,29460,152990,14580,14000,18340,23740,11170
26/02/2023,35040,27260,11620,12800,42140,,29150,153170,14600,13990,18260,23710,11250
27/02/2023,35020,27560,11570,12780,41590,,29600,153510,14630,14130,18410,23880,11310
28/02/2023,35060,27400,11620,12810,41470,,29220,152800,14550,14030,18560,23660,11250
01/03/2023,35020,27620,11620,12800,40670,,29250,153330,14600,13980,18560,23640,11250
02/03/2023,35160,27850,11540,12770,41040,,29410,152570,14610,13960,18520,23670,11280
03/03/2023,35210,27870,11460,12790,40850,,29200,152860,14640,13890,18500,23600,11250
04/03/2023,34490,28150,11640,12770,41230,,29030,153330,14640,13890,18460,23570,11250
05/03/2023,34960,28300,11590,12720,40840,,29140,152990,14630,13850,18010,23580,11270
06/03/2023,35380,28670,11280,12680,39580,,28690,153510,14480,13770,18330,23220,11170
07/03/2023,34630,28780,11530,12690,39440,,28930,153330,14600,13730,18460,23380,11250
08/03/2023,34520,28740,11570,12720,39940,,28970,153330,14550,13770,18500,23410,11310
09/03/2023,34400,28650,11560,12720,39990,,29090,153330,14550,13730,18560,23590,11250
10/03/2023,34340,28790,11550,12700,39930,,29220,152860,14600,13720,18560,23740,11300
11/03/2023,34790,28830,11490,12630,39490,,28940,152990,14620,13920,18320,23560,11270
12/03/2023,33970,28830,11560,12700,39050,,29300,153820,14580,13750,18360,23650,11270
13/03/2023,34580,29720,11560,12690,39570,,29390,153330,14600,13880,18520,23780,11300
14/03/2023,34250,29660,11530,12670,38750,,29430,153330,14600,13840,18520,24100,11300
15/03/2023,34260,29900,11470,12620,38670,,29560,152990,14620,13870,18340,24220,11270
16/03/2023,34560,29770,11460,12560,38280,,29540,152990,14620,13830,18340,24280,11270
17/03/2023,35040,29880,11520,12670,37760,,29610,154230,14630,14070,18170,24270,11300
18/03/2023,35070,30100,11520,12650,36820,,29450,154730,14630,13890,18520,24380,11300
19/03/2023,35040,30100,11510,12650,37140,,29780,158240,14630,13860,18520,24690,11300
20/03/2023,35090,30910,11530,12650,37220,,30010,163360,14550,13750,18630,24780,11300
21/03/2023,35380,31080,11500,12650,38180,,30620,174540,14630,13860,18540,24570,11250
22/03/2023,35370,31150,11520,12660,37530,,31200,169950,14620,13760,18360,25040,11310
23/03/2023,34900,30710,11500,12630,36050,,30430,157090,14650,13890,18260,24670,11330
24/03/2023,34680,30660,11490,12660,35880,,30170,156550,14590,13860,18630,25110,11300
25/03/2023,34190,31050,11450,12630,34690,,30330,156740,14600,13840,18520,24990,11330
26/03/2023,33760,30240,11440,12600,34440,,29950,156020,14570,13810,18470,24850,11270
27/03/2023,34380,30170,11490,12660,32890,,29740,156210,14630,13780,18340,24750,11300
28/03/2023,33570,30150,11470,12640,31620,,29750,155270,14630,13780,18560,24810,11300
29/03/2023,33550,29610,11450,12620,28580,,29780,154530,14620,13720,18390,24710,11270
30/03/2023,33160,29880,11490,12640,28030,,29880,154800,14630,13780,18530,24720,11300
31/03/2023,33610,29880,11460,12570,27570,,29250,154300,14660,13820,18640,24710,11350
01/04/2023,33180,29580,11500,12560,26440,,29190,154000,14610,13720,18390,24600,11350
02/04/2023,32200,29190,11520,12630,26650,,29220,154300,14630,13740,18570,24640,11380
03/04/2023,32240,29650,11520,12640,26290,20000,29140,154300,14590,13700,18570,24610,11340
04/04/2023,31750,29490,11520,12630,25900,,29190,153800,14590,13620,18530,24510,11340
05/04/2023,32090,29780,11530,12680,26580,,29680,154560,14610,13900,18580,24540,11520
06/04/2023,31770,30110,11490,12620,25630,,29140,153800,14590,13680,18590,24580,11360
07/04/2023,31410,30040,11500,12620,25420,,28980,154000,14610,13680,18450,24600,11400
08/04/2023,31440,29860,11510,12620,25300,,28970,153800,14590,13710,18590,24530,11430
09/04/2023,30990,29810,11510,12620,25420,,28870,153800,14590,13670,18590,24480,11430
10/04/2023,31430,29570,11510,12630,25570,,28860,153480,14660,13680,18530,24460,11390
11/04/2023,31390,29820,11480,12590,25560,,28510,154000,14610,13650,18430,24320,11390
12/04/2023,31430,29520,11480,12580,26700,,28360,154530,14610,13650,18550,24280,11340
13/04/2023,31410,29630,11500,12610,25200,,28760,153800,14630,13620,18610,24310,11370
14/04/2023,31410,29400,11470,12610,25070,,28930,153800,14630,13660,18610,24220,11370
15/04/2023,31580,29310,11500,12610,25310,,28970,154300,14630,13610,18570,24240,11410
16/04/2023,30270,28570,11500,12620,24890,,28930,154300,14630,13610,18540,24320,11460
17/04/2023,30590,29260,11520,12660,26040,,29010,155300,14630,13660,18570,24270,11370
18/04/2023,30990,29370,11520,12660,27140,,29640,155620,14640,13700,18570,24460,11420
19/04/2023,31540,29500,11500,12620,28680,,30040,160900,14690,13700,18570,24440,11420
20/04/2023,32020,29520,11520,12660,31140,,31660,173980,14690,13720,18470,24610,11460
21/04/2023,31820,29740,11500,12640,31150,,31480,176140,14520,13690,18430,24520,11390
22/04/2023,31180,29590,11130,12300,30270,,30370,159550,14590,13900,19550,24720,10980
23/04/2023,29990,29660,11400,12570,29840,,31180,159550,14660,14030,18710,24490,11150
24/04/2023,30820,29990,11570,12710,28990,,31310,156720,14690,13560,19130,24370,11080
25/04/2023,30860,29050,11590,12620,28520,,30900,153580,14600,13620,18310,24520,11210
26/04/2023,31410,29390,11490,12640,28710,,30780,154390,14670,13710,18480,24660,11300
27/04/2023,31110,30120,11500,12670,28140,,30730,155250,14660,13610,18350,24770,11260
28/04/2023,31550,29770,11510,12700,26810,,30720,154720,14730,13720,18560,24390,11480
29/04/2023,30970,29360,11550,12740,27180,,30400,154440,14670,13710,18380,24390,11400
30/04/2023,31070,29680,11500,12690,25270,,30590,153920,14670,13700,18580,24560,11340
01/05/2023,30610,29880,11540,12700,26250,,30710,154220,14690,13700,18640,24230,11410
02/05/2023,31620,30800,11560,12750,24680,,30860,153540,14720,13730,18760,24050,11460
03/05/2023,31880,30910,11540,12720,23440,,30790,153360,14730,14020,18680,24180,11440
04/05/2023,31590,30610,11520,12700,21660,,31140,152530,14670,13730,18540,24320,11340
05/05/2023,31600,30590,11520,12720,22130,,31150,152900,14690,14020,18690,24380,11410
06/05/2023,31720,30680,11550,12760,22860,,30910,153050,14720,13720,18840,24510,11400
07/05/2023,31780,30930,11540,12720,22240,,31300,152130,14750,13600,18450,24660,11410
08/05/2023,32340,32520,11500,12720,21970,,31110,153390,14730,13710,18690,24790,11410
09/05/2023,32660,32300,11510,12720,22060,,31270,152900,14730,13750,18690,25040,11410
10/05/2023,33510,33390,11500,12720,21430,,31530,152530,14720,13710,18360,25260,11430
11/05/2023,32880,33560,11530,12720,21250,,31530,152900,14730,13750,18660,25310,11410
12/05/2023,32930,33680,11550,12760,22260,,31290,153050,14720,13970,18800,25430,11400
13/05/2023,32970,33390,11470,12690,22530,,31200,152130,14700,13950,18490,25320,11360
14/05/2023,32260,33780,11520,12720,21800,,31290,152900,14730,14100,18660,25450,11410
15/05/2023,31620,33720,11530,12760,21100,18000,31190,153220,14700,13860,18750,25730,11370
16/05/2023,32400,34750,11550,12720,21050,,31630,153390,14730,13600,18660,25780,11320
17/05/2023,32520,34720,11550,12730,20870,,31500,153570,14720,13940,18470,25930,11340
18/05/2023,32790,34650,11550,12720,21190,,31310,153390,14770,13830,18660,26430,11370
19/05/2023,32170,34390,11540,12730,20540,,31900,153220,14800,13770,18490,26300,11420
20/05/2023,33050,34550,11550,12760,21410,,31520,153390,14770,13830,18660,26270,11320
21/05/2023,31990,34370,11600,12750,20330,,31870,154660,14760,13780,18390,26400,11330
22/05/2023,32030,34740,11550,12720,19920,,31870,153390,14770,13830,18660,26370,11460
23/05/2023,32670,34540,11630,12690,20280,,31350,153570,14760,13880,18650,26460,11200
24/05/2023,32080,35270,11550,12710,20390,20000,31790,153890,14770,13870,18660,26580,11320
25/05/2023,32300,34790,11550,12710,20950,,31790,153890,14820,13820,18440,26610,11320
26/05/2023,32430,34890,11550,12700,21740,,31990,153390,14820,13820,18610,26610,11320
27/05/2023,32810,35430,11550,12710,22210,,32300,154100,14810,13770,18470,26650,11290
28/05/2023,31950,34900,11520,12660,22620,,32560,153570,14810,13930,18600,26650,11290
29/05/2023,31760,35450,11530,12660,23810,,32690,153390,14810,13590,18360,26730,11330
30/05/2023,31970,35980,11550,12670,23440,,32490,153700,14770,13610,18340,26650,11360
31/05/2023,31880,35980,11520,12670,25850,20000,33010,154060,14840,13520,18300,26780,11300
01/06/2023,31710,35680,11530,12660,25350,,32530,154060,14810,13590,18280,26550,11380
02/06/2023,31800,35350,11540,12700,25710,,32530,154590,14850,13640,18730,26590,11380
03/06/2023,32180,36020,11540,12670,25670,,32420,154360,14820,13790,18650,26580,11780
04/06/2023,31800,36980,11530,12670,25100,,32610,154360,14810,13530,18490,26660,11380
05/06/2023,31060,37390,11540,12680,25360,,32500,154390,14900,13670,18830,26630,11410
06/06/2023,31380,37360,11510,12680,24930,,32610,154590,14800,13660,18730,26690,11480
07/06/2023,31890,37490,11550,12700,27610,,32810,154590,14850,13600,18780,26920,11430
08/06/2023,32140,37520,11520,12640,26290,,33100,154360,14820,13590,18630,26940,11400
09/06/2023,31440,37330,11470,12630,25290,,33420,155510,14880,14130,19260,26870,11450
10/06/2023,31980,37440,11480,12570,25780,,32870,154590,14810,13580,18540,26850,11700
11/06/2023,31930,37340,11650,12700,26440,,33590,153630,14870,13630,19120,27060,11260
12/06/2023,32790,37280,11510,12690,26750,,33560,154290,14850,13580,18680,26830,11450
13/06/2023,32730,37220,11520,12640,26520,,33830,155110,14940,13530,18650,26930,11330
14/06/2023,33310,37220,11470,12600,26760,,33930,154290,14940,13460,18430,27080,11240
15/06/2023,33920,37190,11440,12590,26700,,33770,154290,14890,13560,18180,27020,11240
16/06/2023,33870,37210,11490,12600,26770,,33840,154360,14900,13550,18290,27170,11260
17/06/2023,34750,37210,11490,12600,26980,,33760,154850,14900,13550,18500,27140,11260
18/06/2023,34580,37310,11470,12590,26020,,33990,154360,14900,13530,18320,27230,11230
19/06/2023,34880,37310,11460,12590,27310,,33510,154590,14850,13580,18480,27150,11280
20/06/2023,35460,37100,11490,12590,27030,,33790,154850,14860,13550,18270,27250,11310
21/06/2023,36380,37650,11440,12560,26990,,33490,154590,14850,13540,18520,27400,11280
22/06/2023,36790,37920,11480,12620,27860,,33620,154850,14900,13550,18580,27370,11310
23/06/2023,37090,37960,11470,12620,28080,,33810,154590,14850,13580,18480,27420,11280
24/06/2023,36480,37930,11490,12620,27880,,33960,154850,14930,13550,18500,27310,11570
25/06/2023,36180,38010,11490,12620,28510,,33930,154620,14900,13550,18500,27260,11310
26/06/2023,37600,37830,11540,12480,28980,,33810,157490,14900,13630,18760,27220,11300
27/06/2023,37800,39050,11600,12700,34050,,35330,169940,14950,13580,18440,27230,11530
28/06/2023,37980,39080,11490,12620,33250,,35680,174550,14950,13590,18510,27370,11310
29/06/2023,35760,37470,11420,12580,32650,,35630,167540,14790,13270,17790,27290,11160
30/06/2023,36660,38230,11450,12610,35680,,34550,162300,14800,13250,17930,27390,11080
01/07/2023,37600,38260,11450,12590,36090,,33190,157740,14940,13590,18740,27230,11280
02/07/2023,38190,39970,11470,12630,37650,,34680,157110,14840,13630,18530,27610,11310
03/07/2023,37810,39470,11470,12640,38200,,34520,155860,14950,13790,18400,27340,11440
04/07/2023,37290,40100,11490,12640,38410,50000,33790,154850,14990,13630,18660,27130,11300
05/07/2023,37780,40510,11480,12640,38710,,33920,154850,14990,13530,18320,27330,11540
06/07/2023,37510,41050,11560,12630,38820,,33710,153860,14990,13860,18240,27630,11450
07/07/2023,37950,41680,11490,12640,38420,,33840,153740,14870,13910,17790,27200,11380
08/07/2023,36960,41490,11480,12640,36920,,33040,154060,15010,13560,18370,27060,11270
09/07/2023,36370,41220,11520,12670,37100,,33170,153670,15010,13590,18140,27100,11410
10/07/2023,36940,41900,11530,12680,36190,,32900,153860,14930,13590,18170,27240,11300
11/07/2023,36600,41340,11540,12730,36620,,33050,153740,15000,13530,18170,27350,11250
12/07/2023,36570,40860,11480,12620,36380,,32730,154060,14970,13490,18090,27400,11230
13/07/2023,36190,40480,11520,12670,35490,,32480,154360,14840,13590,17870,27260,11260
14/07/2023,36210,40860,11510,12690,35930,,33320,154890,14920,13690,18060,27170,11290
15/07/2023,37080,40250,11510,12710,34840,,33260,154290,14820,13730,17820,26970,11290
16/07/2023,36180,40750,11530,12710,35580,,33410,154850,14920,13650,17860,27060,11190
17/07/2023,35330,40330,11630,12800,36450,,32910,154360,14970,13590,18170,26790,11390
18/07/2023,35410,40320,11590,12760,36040,,33020,154590,14970,13570,18010,26860,11370
19/07/2023,35760,39790,11600,12770,36200,,32640,154360,14970,13630,18170,26920,11390
20/07/2023,35640,40540,11600,12770,35140,,32410,154360,14980,13810,18170,26920,11390
21/07/2023,35190,40890,11590,12780,35560,,32590,154060,14980,13620,18130,26960,11370
22/07/2023,34490,40520,11640,12810,34680,,32320,154360,14980,13630,18170,26950,11510
23/07/2023,34060,39940,11650,12840,34410,,32400,154360,14980,14000,18070,26920,11530
24/07/2023,34120,40570,11640,12820,34910,,31770,155400,14980,13540,18230,26960,11380
25/07/2023,33400,40410,11660,12820,34730,,31670,154360,14940,13590,18250,26990,11350
26/07/2023,32920,40750,11600,12760,33440,,31510,154290,14880,13570,18170,27150,11340
27/07/2023,31570,40360,11690,12850,32760,,31210,154850,14840,13710,18280,27050,11260
28/07/2023,31390,40270,11690,12850,32810,,31150,154360,14850,13630,18280,27100,11260
29/07/2023,31080,40260,11620,12760,33320,,30990,154590,14880,13610,18150,27130,11310
30/07/2023,30880,39870,11680,12820,32590,30000,31280,154350,14890,13830,18250,27030,11350
31/07/2023,31140,39990,11680,12860,31610,,31170,154860,14890,13630,18130,27030,11420
01/08/2023,30150,39590,11740,12910,31710,,30650,154860,14900,13700,18410,27000,11220
02/08/2023,30020,39440,11740,12900,32260,,30050,155110,14850,13630,18250,26960,11240
03/08/2023,29900,39440,11750,12940,31580,,29710,155110,14890,13690,17880,27050,11240
04/08/2023,30100,39290,11790,12900,32090,,29870,155110,14890,13890,18180,26980,11240
05/08/2023,30040,38860,11870,12940,32400,,30260,154360,14840,13670,18340,26870,11170
06/08/2023,29890,39210,11790,12950,33280,,29570,154860,14890,13640,18030,27010,11280
07/08/2023,30110,38970,11780,12950,35200,,29160,154860,14890,13620,18180,27040,11510
08/08/2023,29670,39090,11790,12950,36820,,29300,155110,14890,13620,18180,27090,11240
09/08/2023,29140,39170,11880,13030,40140,,29440,155380,14890,13790,17760,27110,11210
10/08/2023,29920,38450,11830,13010,41490,,29150,155110,14890,13540,18060,27000,11370
11/08/2023,28990,38200,11830,13020,41780,,29010,154610,14880,13580,18060,27090,11240
12/08/2023,29270,38550,11800,13020,44190,,28860,154860,14930,13680,18190,26920,11390
13/08/2023,29100,38660,11830,13050,44990,,29440,154350,14880,13950,17960,26980,11240
14/08/2023,28800,38830,11770,12960,47090,,29300,155110,14880,13650,18110,26910,11300
15/08/2023,29010,38540,11850,13030,50730,,29280,154610,14880,13640,17700,26990,11240
16/08/2023,29230,39090,11760,12990,51090,,29730,154590,14880,13630,18070,27000,11300
17/08/2023,28580,38730,11810,13000,51530,,29450,154610,14840,13640,17810,26990,11240
18/08/2023,27830,38410,11820,13070,51320,,29560,155130,14870,13610,17780,26940,11440
19/08/2023,27880,38390,11760,12980,51540,,28860,154860,14790,13610,18080,26780,11210
20/08/2023,28350,38300,11810,13040,52610,,29580,154080,14920,13580,17770,26800,11210
21/08/2023,28620,38640,11930,13100,52410,,29620,154860,14920,14000,17810,26550,11210
22/08/2023,28600,38170,11850,13090,52340,,29840,154610,14920,13640,17900,26480,11240
23/08/2023,27720,37910,11920,13090,51100,,29670,154330,14920,13540,17730,26580,11330
24/08/2023,27470,37860,11970,13220,50640,,29690,154860,14890,13540,17650,26410,11210
25/08/2023,27240,38070,12030,13240,49730,,29410,155110,14940,13620,17820,26260,11240
26/08/2023,26940,37750,11980,13240,49630,,29450,155110,14940,13620,18140,26120,11240
27/08/2023,27040,37930,12030,13200,48530,,29670,154860,14980,13620,17820,26160,11240
28/08/2023,28070,38120,12040,13270,50380,,29420,154860,14930,13610,17650,26060,11210
29/08/2023,27540,37680,12070,13280,51300,,29380,155110,14940,13710,17820,25990,11240
30/08/2023,26520,38100,12070,13310,51780,,29350,155110,14940,13620,17820,25900,11240
31/08/2023,25430,38160,12270,13480,50720,,30020,154860,14890,13760,17610,25590,11180
01/09/2023,25580,38160,12250,13450,51740,,29510,154330,14890,13650,17820,25500,11270
02/09/2023,25150,37920,12290,13480,52500,,29300,154860,14930,13640,18020,25480,11450
03/09/2023,25230,38170,12400,13610,52630,,30020,155730,14880,13680,17860,25720,11240
04/09/2023,24650,37380,12430,13600,51940,,29740,154610,14890,13580,17820,25470,11260
05/09/2023,24680,37190,12460,13640,51410,,29660,154610,14850,13580,17820,25250,11210
06/09/2023,24380,37060,12470,13640,51090,,29760,154610,14890,13580,17860,25500,11210
07/09/2023,23430,37300,12510,13730,50390,,29570,154570,14840,13560,17710,25220,11140
08/09/2023,23750,37970,12510,13690,50130,,29550,154610,14940,13440,17860,25240,11210
09/09/2023,23610,37520,12530,13710,50590,,29360,154610,14940,13620,17890,25170,11210
10/09/2023,23550,37790,12530,13710,50320,,29570,154080,14980,13650,17730,25270,11220
11/09/2023,23570,37750,12560,13760,47530,,29540,154610,15070,13650,17850,25090,11250
12/09/2023,23370,37790,12450,13750,46350,,29740,154610,14980,13680,17820,25000,11250
13/09/2023,23630,36910,12560,13850,43630,,29480,154610,14980,13640,17710,24870,11250
14/09/2023,23350,36910,12690,13970,41290,,29610,154610,15000,13660,17530,25050,11150
15/09/2023,23150,36790,12640,14130,39640,,29710,155480,14980,13770,18280,25050,11260
16/09/2023,22640,36970,12670,13990,39510,,29510,154570,14980,13680,18170,24950,11190
17/09/2023,22520,36730,12670,14080,39280,,29630,153880,15010,13640,17630,25030,11120
18/09/2023,22800,36750,12930,14200,38880,,29630,154610,15050,13790,17890,25040,11080
19/09/2023,22700,36800,12970,14220,39430,,29490,154860,15050,13650,17800,25060,11040
20/09/2023,23050,36940,12980,14340,40890,,29780,154550,15070,14110,17470,24860,11270
21/09/2023,23160,36900,13000,14250,42200,,29260,154610,15060,13700,17650,24990,11050
22/09/2023,23270,36750,13060,14350,42470,,29300,154610,15150,13750,17690,25010,11090
23/09/2023,23470,36360,13120,14410,43570,,29340,154330,15280,13720,17590,24900,11010
24/09/2023,23430,36640,13100,14390,43700,,29230,154390,15330,13810,17870,24890,11100
25/09/2023,23590,36600,13150,14420,43700,,29380,154610,15360,13790,17740,24910,11100
26/09/2023,23360,36500,13160,14420,46420,35000,29160,155110,15600,13850,17600,24890,11150
27/09/2023,23960,36820,13200,14490,47330,,30130,155820,15620,13790,17740,24950,11140
28/09/2023,23810,36780,13250,14790,47170,,30090,155110,15570,13780,17520,24890,11140
29/09/2023,23520,36640,13250,14490,46600,,29900,154610,15660,13930,17740,24740,11140
30/09/2023,23070,36440,13270,14510,45810,,29750,154860,15590,13720,17530,24480,11120
01/10/2023,23140,36510,13250,14490,45770,,29760,154390,15710,13780,17700,24670,11140
02/10/2023,22970,36780,13290,14520,45190,,29540,154610,15820,13860,17740,24590,11130
03/10/2023,22790,36650,13310,14540,41950,,29380,154330,15900,13770,17240,24390,11140
04/10/2023,21860,36530,13190,14450,40530,,29350,154060,15860,14090,17590,24550,11110
05/10/2023,22220,36200,13280,14500,40040,,29600,154360,15910,13850,17600,24370,11180
06/10/2023,22550,36060,13250,14470,38760,,29390,154360,16070,13720,17630,24530,11180
07/10/2023,22160,35670,13220,14490,37140,,29160,154060,15930,13710,17420,24310,11140
08/10/2023,22530,36310,13120,14490,37450,,29420,154060,15870,13830,17420,24260,11140
09/10/2023,22990,36820,13450,14540,35600,,29590,154590,15930,13700,17490,24300,11050
10/10/2023,23840,36600,13060,14480,36170,,29180,154360,15850,13990,17490,24210,11050
11/10/2023,24140,36680,13520,14490,35220,,29330,154360,15880,13750,17720,24320,11100
12/10/2023,23370,36700,13110,14520,34900,,29450,154360,15940,13720,17270,24330,10980
13/10/2023,23870,36530,13080,14500,34670,,29180,154360,15940,13750,17600,24300,10980
14/10/2023,23790,36610,13040,14530,34190,,29410,154360,15940,13890,17600,24230,10980
15/10/2023,22960,37190,12970,14480,34040,,29690,153150,15930,13590,17520,24110,10980
16/10/2023,23010,36330,13110,14490,33220,,29320,153640,15980,13750,17550,24210,11020
17/10/2023,23430,36770,13590,14470,33400,,29230,154360,15980,13790,17550,24140,11020
18/10/2023,23040,36800,13490,14450,33910,,29050,154060,16290,13740,17260,24420,10980
19/10/2023,23100,36360,13450,14430,33340,,29090,154820,16020,13800,17550,24020,10980
20/10/2023,23190,36280,13580,14500,33400,,29090,154360,16070,13750,17550,24040,10980
21/10/2023,22870,36380,13620,14470,33110,,28950,154560,15920,14010,17370,24350,10930
22/10/2023,22600,36320,13680,14490,32840,,28880,154080,16020,13750,17440,24040,10930
23/10/2023,22940,36100,13640,14490,33790,,28670,154820,15970,13750,17510,23980,10980
24/10/2023,23100,36040,13650,14490,34100,,28760,154820,16110,13750,17430,24130,10930
25/10/2023,22600,36250,13660,14470,34330,,29140,154060,16070,13770,17470,24070,10850
26/10/2023,22810,36050,13620,14480,35480,,28630,155320,16200,13510,17390,23970,10930
27/10/2023,23370,36140,13580,14480,37300,,28430,153820,16330,13750,17390,23870,10930
28/10/2023,23040,35950,13580,14480,38530,,28540,153820,16290,13750,17430,23660,10930
29/10/2023,24160,35990,13610,14420,41900,,28200,153080,16220,13660,17020,23520,10820
30/10/2023,23330,36160,13570,14470,43660,,28200,154290,16460,13690,17480,23740,10890
31/10/2023,24470,36440,13670,14470,44550,,28610,154220,16570,13970,17170,23610,10980
01/11/2023,23320,36320,13110,14510,46890,,28940,153700,16620,13650,17640,23730,10880
02/11/2023,24130,36480,13170,14520,48060,,28290,154000,16580,13960,17010,23830,10880
03/11/2023,24080,36370,13060,14460,48850,,28350,153510,16670,13780,17430,24440,10880
04/11/2023,24340,36370,13180,14560,48990,,28530,154780,16620,13750,17080,23540,11060
05/11/2023,24090,36690,13150,14490,49400,,28330,154080,16350,13750,17200,23620,10930
06/11/2023,23960,36040,13140,14460,50440,,28020,154520,16670,13530,17380,23650,10930
07/11/2023,24570,36370,13120,14450,51530,,28600,154290,16730,13710,17200,23550,10930
08/11/2023,25030,36200,12930,14480,51600,,28490,154290,16580,13750,17200,23580,10930
09/11/2023,25160,36140,12890,14430,52000,,28490,154290,16620,13710,17200,23620,10930
10/11/2023,25300,36220,12950,14490,52570,,28260,154290,16620,13750,17200,23640,10930
11/11/2023,25740,35920,12950,14440,55010,,28100,154290,16620,13750,17200,24230,10930
12/11/2023,26180,36230,12950,14420,56860,,28120,154290,16620,13790,17200,24000,10890
13/11/2023,27250,35930,12930,14460,59850,,28100,154290,16760,13790,17310,24340,10890
14/11/2023,28210,36010,12840,14460,59480,,28240,154290,16970,13790,17480,24510,10970
15/11/2023,28630,36020,12910,14520,58480,,28690,154220,17070,13720,17490,24350,10930
16/11/2023,28440,35990,12730,14430,57160,,28140,154290,17020,13830,17390,24490,10890
17/11/2023,28720,35300,12730,14420,59430,,28060,153820,17070,13990,17190,24710,10890
18/11/2023,29930,35400,12870,14360,58780,,28460,153510,17110,13830,17560,24760,10810
19/11/2023,29480,35540,12830,14390,59620,,28120,154080,17190,13790,17390,24720,10930
20/11/2023,28950,35910,12780,14360,59170,,28110,154000,17160,13750,17190,24680,10850
21/11/2023,29550,35810,12970,14350,60680,,28410,153820,17300,13830,17590,24700,11070
22/11/2023,29560,36140,12890,14410,59730,,28140,154520,17340,13720,17400,24770,10890
23/11/2023,29690,36150,12830,14390,60540,,28070,154820,17190,13830,17470,24710,11020
24/11/2023,29530,36150,12790,14390,60900,,28060,154360,17330,13880,17400,24720,10890
25/11/2023,29590,35860,12770,14390,60990,,28060,154820,17330,13830,17510,24680,10890
26/11/2023,29430,35980,12920,14410,59660,,27680,154290,17480,13780,17400,24920,10890
27/11/2023,28900,35620,12800,14380,59050,70000,27810,154520,17430,13800,17540,24900,10890
28/11/2023,29650,35940,12840,14390,59850,,27900,154290,17510,13830,17550,24930,10890
29/11/2023,30140,35980,12770,14360,60260,,27690,154000,17530,13830,17660,24730,10810
30/11/2023,30570,36290,12840,14410,59980,,27860,154000,17370,13790,17260,24810,10890
01/12/2023,31080,35910,12900,14360,59430,65000,27990,153820,17540,13840,17580,24930,10890
02/12/2023,30870,36190,12860,14330,59670,,28420,153150,17500,13830,17590,24790,10800
03/12/2023,31640,36250,12760,14370,60680,,27580,153120,17530,13790,17110,24830,10790
04/12/2023,31100,35840,12920,14420,61130,,27460,155330,18130,13860,17210,24820,11140
05/12/2023,31140,35870,12790,14340,60610,,27730,154790,17540,13840,17580,24630,10890
06/12/2023,31330,35800,12870,14360,60000,,27680,154520,17620,13790,17450,24630,10980
07/12/2023,30590,35860,12840,14370,60470,,27730,154790,17680,13840,17330,24620,10890
08/12/2023,31050,35900,12810,14340,61270,,27650,154790,17680,13840,17630,24550,10890
09/12/2023,30970,36130,12860,14350,59690,,27510,154520,17660,14010,16880,24830,11020
10/12/2023,30630,36250,12900,14380,60080,,27720,155100,17490,14010,17550,24530,10910
11/12/2023,31410,36290,12920,14410,56580,,28060,154790,17690,13810,17500,24680,10890
12/12/2023,31450,36170,12980,14410,58080,,28060,154790,17690,13840,17490,24750,10890
13/12/2023,31970,36600,12980,14410,55530,,27940,154790,17690,14010,17610,24860,10890
14/12/2023,31860,36430,12980,14410,52160,,28060,154290,17700,13840,17570,24790,10940
15/12/2023,32010,36780,13000,14350,50960,,28310,154030,17690,13870,17590,24800,10850
16/12/2023,32230,37050,12960,14400,45230,,27920,154520,17720,13800,17440,24820,11020
17/12/2023,32860,36920,12960,14410,43840,,27800,154080,17790,13810,17500,24850,10940
18/12/2023,33450,37220,12950,14370,39840,,27800,154290,17770,13790,17500,24910,10970
19/12/2023,34760,37550,12910,14370,37710,,27740,154000,17710,13790,17400,25000,10970
20/12/2023,33300,37220,12970,14350,36570,,27790,154520,17760,13700,17480,25090,11020
21/12/2023,34160,36750,12960,14270,35720,,27670,153150,17800,14170,17420,25020,10810
22/12/2023,33340,36720,12930,14330,35360,,27520,154000,17770,13810,17140,25070,11020
23/12/2023,33670,37080,12980,14410,34960,,28120,155080,17730,14550,17650,25060,11070
24/12/2023,34230,37330,12980,14340,34780,,28420,155650,17720,13980,17270,24990,11120
25/12/2023,34590,37370,12950,14330,34060,,27820,154730,17740,13760,17470,24990,11020
26/12/2023,34330,37320,12990,14370,35320,,28050,155270,17730,14110,17210,25060,11110
27/12/2023,34830,37760,13000,14420,34970,,28430,154460,17730,13760,17450,25220,11090
28/12/2023,35720,37340,12900,14370,35550,,28420,154290,17600,13810,17470,25110,10970
29/12/2023,37190,37880,12920,14370,36400,,28500,154220,17720,13830,17180,25130,11000
30/12/2023,35500,37540,12970,14310,34780,,27900,156320,17690,13980,17610,25130,11030
31/12/2023,36790,38250,12940,14390,35130,,28440,153670,17640,13780,17050,24930,11000
01/01/2024,37020,37440,12910,14280,36290,,29270,154820,17720,13820,17420,25770,11020
02/01/2024,37300,38160,12960,14320,35040,,29130,154820,17770,13990,17510,24970,10940
03/01/2024,36850,37980,12960,14290,33370,,29220,155080,17720,13910,17400,25080,10990
04/01/2024,37450,38570,12910,14280,32590,,29630,154820,17670,13830,17630,24840,10990
05/01/2024,38400,38520,12960,14320,30960,,29350,154820,17500,13800,17360,24690,10990
06/01/2024,38180,38810,12970,14330,29930,,29300,154820,17650,13800,17440,24460,10950
07/01/2024,38200,38270,12970,14330,29860,,29330,154590,17600,13850,17300,24450,10950
08/01/2024,38240,38010,12970,14330,28020,,29150,154820,17600,13790,17400,24380,10950
09/01/2024,39210,38270,12970,14330,28150,,29250,154560,17560,13810,17390,24310,10950
10/01/2024,38400,38860,12970,14330,26890,,29300,155070,17600,13850,17390,24250,11030
11/01/2024,39810,39220,12970,14330,26030,,29110,154820,17560,13860,17390,24160,10950
12/01/2024,39760,39050,12920,14300,27290,,28990,154820,17560,14250,17560,24190,10990
13/01/2024,39750,38810,12950,14330,27070,,28810,154820,17490,13890,17440,24130,10950
14/01/2024,40390,38230,13010,14350,27810,,28300,154820,17470,13930,17510,24180,10990
15/01/2024,39870,38880,12960,14300,28440,,28440,155080,17450,14170,17420,24150,10990
16/01/2024,39790,38880,12890,14340,29330,,28380,155080,17420,14130,17820,24150,10990
17/01/2024,40090,38020,12910,14350,29740,,28750,154820,17490,14120,17660,24170,10950
18/01/2024,39640,38830,13050,14390,32080,,28650,155490,17510,14380,17370,24300,10810
19/01/2024,39890,38710,13070,14440,31860,35000,28060,154810,17580,14270,17260,24350,10820
20/01/2024,39090,38710,13290,14720,32560,35000,28240,155260,17500,14340,17440,25020,10910
21/01/2024,38560,38400,13290,14720,32270,25000,28890,155040,17470,14310,17440,24540,10950
22/01/2024,37930,38470,13030,14440,32550,35000,27870,153340,17550,14530,17020,24680,10850
23/01/2024,37580,38380,13070,14450,33130,35000,27800,154190,17610,14440,17170,24500,10920
24/01/2024,35990,38490,13090,14470,32620,35000,28070,154190,17590,14540,17200,24650,11060
25/01/2024,35010,38470,13120,14490,32710,39690,28320,153400,17590,14560,17170,24740,10850
26/01/2024,36110,38270,13120,14480,33120,35000,28290,153400,17590,14620,17200,24690,10850
27/01/2024,35560,37990,13120,14500,33740,35000,27990,153790,17590,14680,17210,24720,10920
28/01/2024,35360,38290,13120,14510,34020,35000,27850,153260,17660,14730,17300,24870,10850
29/01/2024,36190,38130,13130,14520,35410,35000,27910,153820,17660,14790,17440,24800,10810
30/01/2024,34960,38410,13130,14520,35480,35000,28280,153820,17660,14800,17440,24880,10770
31/01/2024,34430,38070,13130,14520,36080,35000,28270,153820,17770,14800,17410,24850,10790
01/02/2024,34370,37630,13120,14520,35250,30000,28330,152970,17760,14910,17630,24790,10650
02/02/2024,33760,37650,13190,14460,36770,30000,28400,153260,17640,14670,17270,24710,10600
03/02/2024,34450,37170,13130,14560,37470,38620,28240,154130,17740,14640,17490,24760,10630
04/02/2024,33490,37510,13120,14530,37540,40990,28330,153260,17750,14830,17510,24730,10550
05/02/2024,33120,37970,13210,14520,37040,39240,28670,153900,17680,14750,17860,24680,10570
06/02/2024,33460,38040,13240,14600,38350,38110,28420,153790,17730,14790,17580,24550,10630
07/02/2024,33930,38300,13250,14620,37510,44000,28780,153150,17760,15010,17230,24590,10670
08/02/2024,34180,38940,13250,14570,38100,40990,28780,153150,17760,14780,17290,24530,10620
09/02/2024,34130,36630,13010,14410,39730,44000,29240,153560,17830,15000,18090,24720,10620
10/02/2024,34090,38140,13250,14550,40560,44000,28720,151680,17840,14940,17180,24450,10750
11/02/2024,33700,38750,13200,14520,41290,40000,28940,152950,17680,14660,17220,24350,10600
12/02/2024,34190,37780,13190,14500,43040,45210,29360,153420,17840,14910,17440,24510,10620
13/02/2024,34120,38520,13220,14490,45000,42430,30010,153420,17880,14890,17770,24490,10660
14/02/2024,33450,38020,13230,14600,45750,45000,30380,153590,17840,14980,17700,24450,10950
15/02/2024,33880,38030,13080,14500,48700,45000,30600,153420,17800,14900,17560,24560,10650
16/02/2024,33990,37970,13110,14490,51320,45000,29450,153560,17770,14810,17390,24490,10690
17/02/2024,34250,38080,13320,14600,52090,44000,29850,153750,17760,15090,17600,24630,10680
18/02/2024,34870,38560,13230,14630,57880,44000,28890,153020,17770,14890,17430,24560,10670
19/02/2024,34550,38050,13250,14580,56370,46900,30030,153420,17820,14870,17500,24950,10610
20/02/2024,34390,38740,13220,14610,58200,49190,29890,153020,17850,14860,17740,24750,10660
21/02/2024,35430,39190,13220,14640,59570,52440,30850,153420,17880,14820,17700,24930,10620
22/02/2024,35910,39420,13170,14870,62370,50000,31030,152630,17880,15060,17790,25170,10690
23/02/2024,35830,39190,13230,14640,66750,57450,31720,152630,17920,14950,17590,25230,10720
24/02/2024,35910,39430,13280,14720,68610,65000,31600,153560,17950,15000,17640,25440,10710
25/02/2024,36830,39640,13220,14680,70540,67450,31840,153690,17940,15030,17690,26300,10720
26/02/2024,36070,39030,13200,14630,70350,67450,32550,153590,17950,14890,17810,25900,10710
27/02/2024,36420,38690,13190,14650,72240,70000,32510,153450,17990,14990,17990,26280,10760
28/02/2024,36830,38820,13190,14680,69990,60000,32940,153840,17990,14970,18100,26440,10720
29/02/2024,36390,39230,13240,14620,69530,60000,32770,153840,18060,14910,18220,26810,10680
01/03/2024,36250,38730,13340,14600,68980,54770,32810,153840,18030,14910,18090,26810,10990
02/03/2024,36740,39080,13310,14550,67240,59440,32810,153840,18080,14920,18090,27020,10810
03/03/2024,36670,38960,13330,14570,65680,53130,33040,153560,18080,14910,18150,26900,10750
04/03/2024,36400,39400,13310,14580,61250,47430,32390,153450,18040,14880,18020,27300,10820
05/03/2024,37020,40010,13270,14600,61560,50000,32650,153590,18000,14950,18130,27230,10850
06/03/2024,36890,39270,13460,14690,60880,50000,33310,154130,18160,14990,18010,27260,10760
07/03/2024,36660,39250,13310,14670,58970,50000,33810,157550,18150,14990,17880,27950,10810
08/03/2024,37160,39100,13350,14660,62230,,33530,158510,18080,15030,18060,27590,10940
09/03/2024,37170,39170,13360,14670,65640,50000,34640,163480,18210,14900,18140,27630,10810
10/03/2024,38590,40120,13330,14610,69720,50000,34440,173490,18210,14980,18170,27800,10840
11/03/2024,38520,40240,13360,14710,69660,55000,35550,176340,17980,15060,18370,27880,10940
12/03/2024,37930,39960,13340,14660,68620,,32970,156590,18180,15060,18190,27710,10800
13/03/2024,38030,39800,13300,14640,68860,50000,33240,155830,18110,15150,18220,27840,10830
14/03/2024,37590,39860,13300,14650,68480,,33090,155180,18030,15040,18280,27610,10790
15/03/2024,37630,39820,13260,14630,67680,70000,32360,154140,18070,15100,18220,27650,10990
16/03/2024,37640,40380,13290,14700,66690,,32240,154590,18380,15080,18120,27650,11090
17/03/2024,36830,40160,13290,14650,63410,,32210,154390,18070,15110,18190,27540,11040
18/03/2024,37420,39850,13290,14660,56690,65000,32900,153960,18110,15280,18320,27320,11040
19/03/2024,36350,39470,13290,14650,51610,,32330,153790,18070,15250,18350,27120,11010
20/03/2024,36620,39470,13280,14670,47950,,32490,153790,18070,15270,18460,27130,11250
21/03/2024,36840,39920,13280,14660,45810,50000,32390,153210,18070,15070,18480,27330,10970
22/03/2024,36670,40040,13260,14640,44990,52440,31730,152820,18050,15350,18480,27330,11100
23/03/2024,37150,40190,13280,14630,42310,45000,31490,153210,18050,15230,18510,27170,10950
24/03/2024,37170,40310,13200,14630,40970,45000,31660,153210,18090,15320,18510,27250,10950
25/03/2024,37030,40440,13210,14610,41550,45000,31590,153350,18130,15280,18650,27330,11020
26/03/2024,37490,40310,13170,14590,42100,45000,31850,153210,18170,15360,18540,27320,10950
27/03/2024,37440,40210,13240,14500,42430,50000,31730,153210,18120,15370,18590,27160,11130
28/03/2024,37400,40460,13220,14610,42380,45000,31590,153640,18450,15380,18590,27260,10950
29/03/2024,37540,40910,13230,14630,42490,45000,31910,153610,18140,15460,18590,26900,10990
30/03/2024,37470,40580,13240,14610,42430,45000,32000,153930,18140,15250,18440,26900,10950
31/03/2024,37440,40480,13300,14600,42530,45000,31260,154620,18190,15320,18660,26930,11030
01/04/2024,39650,40960,13250,14640,44020,45000,31170,154620,18160,15460,18440,26870,10880
02/04/2024,40000,41070,13280,14640,44180,45000,31190,154430,18160,15510,18340,26730,10920
03/04/2024,39920,40910,13250,14640,44630,50000,31000,154180,18160,15440,18460,26310,10910
04/04/2024,41110,41060,13190,14580,46510,50000,31070,154200,18180,15360,18360,26580,11030
05/04/2024,43310,41160,13200,14580,46900,55000,31120,154200,18180,15550,18380,26730,10890
06/04/2024,44250,41520,13290,14560,50160,51960,31160,155850,18180,15360,18660,26250,10770
07/04/2024,46160,41930,13250,14530,54510,55000,31920,157940,18170,15380,18560,26420,10740
08/04/2024,48330,41720,13280,14540,58130,55000,32200,171670,18140,15360,18490,26680,10770
09/04/2024,47230,41680,13200,14490,60190,60000,32950,170880,18140,15360,18350,26370,10690
10/04/2024,,,,,,,,,,,,,
11/04/2024,,,,,,,,,,,,,
12/04/2024,47420,41130,13180,14520,55650,60000,31080,153840,18140,15300,18820,26440,10530
13/04/2024,46890,42060,13230,14560,54280,60000,31750,154050,18220,15710,18370,26490,10690
14/04/2024,47270,41210,13270,14560,52120,55000,31930,154690,18220,15540,18430,26580,10690
15/04/2024,47050,41510,13250,14600,50310,55000,31440,155050,18240,15610,18290,26470,10700
16/04/2024,51350,42200,13250,14510,44070,60000,32070,154970,18290,15400,18630,26320,10770
17/04/2024,52850,42370,13260,14540,40730,54770,32820,154320,18290,15580,18520,26280,10920
18/04/2024,55040,41690,13250,14530,39930,60000,32750,154570,18350,15470,18570,26280,10740
19/04/2024,57450,41870,13290,14550,39340,60000,32510,154350,18470,15580,18730,26220,10770
20/04/2024,58280,41910,13220,14560,40850,49750,32520,155210,18920,15510,18750,26140,10730
21/04/2024,60030,41940,13210,14550,40400,33170,32980,155000,18640,15550,18870,26270,10710
22/04/2024,59630,42220,13200,14520,41210,50000,32420,154570,18630,15540,18650,26260,10930
23/04/2024,61030,41690,13200,14520,41080,50000,32380,154570,18630,15580,18620,26300,10840
24/04/2024,60640,42380,13280,14530,40720,50000,32600,154540,18570,15750,18730,26530,10910
25/04/2024,60360,42400,13200,14530,40350,50000,32110,154570,18600,15670,18640,26260,10880
26/04/2024,60650,42330,13240,14570,41310,50000,32180,154350,18550,15600,18570,26270,10870
27/04/2024,60550,41480,13200,14560,41380,47430,32130,155210,18580,15470,18680,26310,10840
28/04/2024,60200,41700,13170,14580,41750,50000,32350,155630,18610,15570,18630,26320,10920
29/04/2024,59660,41670,13190,14520,43860,49750,31770,154760,18620,15620,18520,26020,10870
30/04/2024,58520,41860,13160,14470,46220,50000,32220,153910,18660,15630,18490,26260,10840
01/05/2024,58530,41760,13170,14470,49300,50000,31780,154170,18710,15560,18600,26370,10880
02/05/2024,58430,41470,13150,14460,49950,50000,31910,153680,18840,15520,18820,26500,10940
03/05/2024,57710,41310,13250,14470,51430,50000,31900,153770,18880,15550,18670,26640,10870
04/05/2024,58310,41610,13210,14490,51020,60000,32020,154570,18890,15580,18410,26600,10880
05/05/2024,57920,41320,13170,14450,51720,60000,32140,154350,18800,15490,18430,26330,10950
06/05/2024,57520,41260,13290,14490,52090,55000,31700,154350,18850,15630,18590,26510,10910
07/05/2024,57820,41320,13270,14470,52940,55000,31930,153930,18890,15470,18660,26850,11020
08/05/2024,57450,41420,13280,14480,52320,55000,32140,154760,18810,15720,18270,26820,10950
09/05/2024,57560,41570,13280,14480,52150,55000,31970,154570,18780,15530,18560,26970,10980
10/05/2024,57830,41390,13290,14480,52160,55000,31960,153750,18820,15530,18520,26910,11020
11/05/2024,58000,41600,13280,14480,51850,75000,31950,154170,18850,15530,18560,26900,11020
12/05/2024,57150,41450,13280,14480,50900,60000,31840,154140,18850,15530,18590,26770,10980
13/05/2024,56610,41720,13260,14480,51510,54770,32270,154570,18890,15530,18760,26790,11020
14/05/2024,55740,41470,13280,14480,52400,50000,31840,154950,19200,15490,18720,26930,10950
15/05/2024,54670,41800,13260,14480,51830,50000,31920,153050,18920,15470,18730,26850,10950
16/05/2024,54650,41560,13270,14510,52120,,32160,154650,18920,15430,18750,26970,10950
17/05/2024,54170,41580,13270,14510,52600,40000,32050,153620,18880,15690,18830,27070,10840
18/05/2024,54980,41460,13330,14580,53830,45000,31940,154210,18880,15380,18680,27180,10880
19/05/2024,54740,41600,13290,14530,53140,45000,32020,154210,18770,15390,18950,27110,10830
20/05/2024,54450,41130,13260,14440,53380,50000,32100,153450,18830,15350,18800,27030,10800
21/05/2024,54400,41160,13290,14510,58350,50000,32260,153590,18750,15380,18890,27120,10870
22/05/2024,55540,41340,13250,14490,61170,70000,32080,154010,18750,15370,18650,26920,10800
23/05/2024,55540,41300,13270,14480,60790,70000,32090,153840,18760,15300,18640,26950,10840
24/05/2024,55770,41150,13270,14480,60540,70000,32070,153050,18720,15410,18410,26850,10840
25/05/2024,55740,41610,13270,14480,59890,70000,32370,153050,18760,15300,18370,26830,10840
26/05/2024,55120,41850,13270,14480,59380,60000,32130,153310,18720,15300,18370,26960,10770
27/05/2024,54650,41950,13300,14480,57880,50000,32070,153450,18530,15300,18490,26830,10880
28/05/2024,55470,41300,13300,14440,55990,60000,32290,153050,18650,15300,18540,26880,10810
29/05/2024,55780,40950,13300,14460,55430,60000,32340,153840,18630,15240,18490,26930,10840
30/05/2024,55160,41230,13300,14460,54690,60000,32350,153840,18530,15180,18640,26890,10840
31/05/2024,53940,41130,13300,14470,52620,50000,32730,153590,18490,15270,18480,26750,10870
01/06/2024,53840,41190,13300,14470,52460,40000,32680,153450,18470,15320,18610,26640,10810
02/06/2024,53920,40750,13340,14500,52270,60000,32550,153840,18490,15340,18520,26600,10680
03/06/2024,51920,41410,13200,14450,52860,60000,32290,153590,18560,15000,18500,26480,10770
04/06/2024,51000,41300,13240,14470,53310,60000,32250,153450,18540,15070,18580,26530,10840
05/06/2024,51390,41200,13250,14470,53510,60000,32180,153840,18540,15070,18580,26380,10770
06/06/2024,50240,40870,13200,14470,53500,60000,32560,153450,18510,15050,18610,26410,10880
07/06/2024,50390,41000,13240,14470,53070,,32330,153050,18510,15070,18570,26330,10880
08/06/2024,49680,41000,13240,14470,53900,,31980,153020,18510,15120,18610,26330,10880
09/06/2024,49320,40750,13260,14480,53750,,31830,153420,18450,15050,18640,26260,10920
10/06/2024,49290,41250,13270,14510,55700,,31530,153840,18450,15200,18560,26270,10920
11/06/2024,48270,41260,13330,14580,56950,,31150,153750,18490,15130,18350,26370,10970
12/06/2024,47790,40820,13270,14500,56450,,31590,153840,18470,15070,18560,26560,10880
13/06/2024,47650,40790,13310,14550,58970,,31650,154620,18420,15430,18530,26670,10880
14/06/2024,48340,40440,13350,14500,62430,,32040,156460,18360,15270,18640,26520,10850
15/06/2024,49280,40880,13310,14520,64930,,31510,164590,18330,15260,18570,26590,10860
16/06/2024,49930,41400,13310,14540,67420,,32590,171700,18710,15330,18640,26770,10820
17/06/2024,44000,40000,12500,13500,60000,,28000,150000,19000,17000,18000,25000,11000
18/06/2024,49190,40000,12500,13940,60000,,29700,150000,18000,15210,18970,25740,11490
19/06/2024,49180,41140,13300,14510,63120,,31870,154810,18310,15210,18610,26500,10920
20/06/2024,48810,40850,13260,14540,63710,,32060,155690,18470,15430,18680,26910,10950
21/06/2024,48390,40940,13350,14540,62570,,31040,154050,18320,15300,18170,26700,10970
22/06/2024,47200,40790,13330,14520,59640,55000,31530,154160,18410,15230,18410,26960,10910
23/06/2024,47640,40340,13310,14530,58750,,31520,153780,18380,15260,18550,27050,10920
24/06/2024,47430,40630,13300,14530,52290,50000,31570,153450,18380,15260,18380,26970,10880
25/06/2024,47330,40430,13250,14530,52600,,31100,153450,18370,15260,18380,26990,10880
26/06/2024,46270,40330,13310,14570,50560,,31300,153150,18310,15360,18500,27060,10770
27/06/2024,44960,40370,13270,14510,49220,,31140,153420,18330,15270,18650,26950,10850
28/06/2024,44150,40270,13310,14550,47010,,31530,153840,18310,15260,18520,26830,10810
29/06/2024,42780,40240,13350,14610,45500,,31460,154450,18330,15300,18620,26510,10770
30/06/2024,43300,40310,13320,14560,43870,,31120,154220,18210,15140,18540,27000,10860
01/07/2024,41510,40080,13350,14610,44010,40000,31260,154450,18250,15220,18580,26660,10750
02/07/2024,41770,39950,13330,14580,43380,,31090,153840,18210,15090,18450,26500,10800
03/07/2024,40760,39940,13340,14580,45700,,30920,153840,18210,15090,18350,26670,10830
04/07/2024,40530,39750,13360,14580,46150,,31030,153450,18210,15120,18420,26420,10800
05/07/2024,40180,40420,13290,14550,46090,,30700,153180,18220,15180,18790,26260,10760
06/07/2024,40050,40200,13340,14590,46220,,31020,153450,18170,15150,18400,26390,10780
07/07/2024,39350,39830,13350,14650,46190,,31300,154030,18210,15310,18540,26400,10740
08/07/2024,39330,39940,13390,14650,45820,,30970,153590,18210,15140,18630,26290,10820
09/07/2024,37910,39930,13350,14620,45170,,31010,154010,18140,15220,18440,26180,10740
10/07/2024,36910,40140,13400,14660,44750,,30920,153750,18410,15200,18270,26070,10810
11/07/2024,35910,39740,13360,14610,43720,,30650,153180,18140,15110,18370,26030,10770
12/07/2024,35080,39670,13340,14580,43010,,29980,154180,18130,15190,18340,25970,10690
13/07/2024,34450,39580,13360,14590,43070,,30780,153590,18120,15170,18580,25920,10760
14/07/2024,33690,39690,13390,14630,42920,,30770,155260,18170,15370,18690,26040,10760
15/07/2024,33660,39480,13380,14610,42950,,29790,153320,18130,15060,18220,26290,10730
16/07/2024,33810,39660,13370,14600,42920,,30570,153450,18160,15220,18520,26120,10780
17/07/2024,32910,39590,13410,14630,42940,,30570,153750,18210,15290,18500,26170,10890
18/07/2024,32780,39510,13390,14620,43010,,30510,153450,18190,15300,18540,26110,10910
19/07/2024,32650,39710,13430,14620,42290,,30270,153450,18190,15310,18500,25890,10810
20/07/2024,32540,39390,13440,14620,41350,,30150,153450,18190,15260,18570,25910,10780
21/07/2024,31200,39080,13440,14640,41210,,30420,155040,18200,15470,18660,26020,10740
22/07/2024,30990,39520,13490,14640,39200,,30300,153450,18120,15470,18520,25900,10810
23/07/2024,30610,39380,13500,14670,38260,,30220,155110,18170,15580,18730,25910,10800
24/07/2024,29110,39320,13500,14690,36680,,29720,154010,18120,15330,18610,25630,10840
25/07/2024,28470,39320,13490,14660,35530,,29740,153450,18100,15290,18470,26240,10780
26/07/2024,27960,39060,13450,14640,35000,,29590,153780,18110,15470,18610,25500,10800
27/07/2024,27740,39030,13490,14660,34280,,29500,153450,18060,15290,18450,25370,10790
28/07/2024,26550,38890,13490,14660,34560,50000,29600,154640,18070,15410,18550,25360,10750
29/07/2024,27480,39200,13440,14580,34590,,29440,153450,18100,15300,18590,25380,10820
30/07/2024,27560,39220,13470,14650,34860,,29430,153450,18100,15290,18520,25450,10790
31/07/2024,26640,38950,13500,14650,34960,,29570,153450,18140,15290,18480,25360,10760
01/08/2024,27000,39090,13500,14660,35360,,29430,153840,18140,15190,18350,25400,10720
02/08/2024,26690,39170,13490,14690,33990,,29370,153450,18100,15310,18270,25310,10720
03/08/2024,27130,39030,13490,14690,34930,,29170,153450,18100,15310,18350,25220,10720
04/08/2024,26520,39090,13510,14720,35890,,29670,155290,18110,15610,18630,25300,10700
05/08/2024,26460,39100,13490,14700,38110,,29470,153450,18060,15360,18420,25190,10720
06/08/2024,26490,39510,13520,14710,39880,,29790,153590,18140,15330,18520,25030,10750
07/08/2024,26490,39480,13500,14710,41210,,29760,154030,18100,15480,18560,25040,10680
08/08/2024,26670,39400,13490,14700,41920,,29540,153450,18140,15320,18420,25040,10720
09/08/2024,26940,39420,13490,14700,43690,,29250,153050,18140,15360,18490,25040,10720
10/08/2024,26840,39450,13490,14700,46090,28000,29150,153450,18140,15330,18410,24990,10720
11/08/2024,26500,39180,13500,14710,46890,,29250,153820,18140,15270,18360,25010,10830
12/08/2024,27110,39480,13480,14680,47950,,29300,153450,18140,15330,18490,25110,10680
13/08/2024,26610,39600,13480,14680,48860,,29220,153450,18100,15360,18460,25070,10680
14/08/2024,26900,39540,13450,14680,48630,,29220,153450,18140,15360,18490,25180,10650
15/08/2024,26570,39670,13400,14600,47760,,28850,153590,18070,15330,18280,25270,10530
16/08/2024,26360,39510,13440,14630,47310,,29510,152770,18110,15300,18410,25150,10630
17/08/2024,26480,39490,13420,14600,47550,,29260,153020,18100,15360,18500,25410,10650
18/08/2024,26590,39650,13440,14630,47260,,29320,153820,18140,15370,18360,25340,10630
19/08/2024,27000,39600,13420,14620,46660,,29370,153450,18100,15360,18710,25680,10650
20/08/2024,26920,39610,13410,14620,46400,,29260,153450,18100,15500,18330,25760,10700
21/08/2024,27020,39300,13410,14620,45770,58990,29150,153020,18100,15360,18450,25630,10630
22/08/2024,26610,39500,13390,14550,44450,,29010,152920,18080,15250,18330,25640,10550
23/08/2024,26870,39450,13410,14630,44160,,29300,153050,18100,15360,18270,25680,10630
24/08/2024,26930,39540,13410,14650,43870,,29430,153450,18100,15450,18180,25680,10660
25/08/2024,26520,39690,13430,14660,43410,,29150,153820,18110,15360,18080,25530,10630
26/08/2024,26710,39670,13420,14660,43070,,29770,153450,18100,15380,18150,25820,10680
27/08/2024,26780,39630,13450,14650,41460,,28780,153320,18070,15320,18040,25740,10660
28/08/2024,26290,39480,13460,14690,40420,,29680,153450,18100,15350,18070,25760,10680
29/08/2024,26520,39320,13470,14680,40330,,29500,152600,18100,15480,18300,25710,10680
30/08/2024,26010,39470,13470,14680,40820,,29250,152240,18100,15420,18220,25860,10680
31/08/2024,26070,39290,13490,14720,39680,,29210,152740,18070,15440,18390,25890,10710
01/09/2024,26390,39280,13530,14720,40700,,29380,153310,18070,15230,18050,25670,10720
02/09/2024,26730,38890,13490,14680,39660,,29530,152260,18080,15530,18510,25680,10580
03/09/2024,26240,39280,13530,14730,38440,,29530,152630,18030,15380,18180,25740,10720
04/09/2024,26110,39160,13520,14730,37540,,29260,152630,18030,15380,18210,25800,10720
05/09/2024,26080,38880,13530,14720,36830,,29030,152630,18030,15480,18160,25880,10610
06/09/2024,26150,38890,13530,14720,36960,,29590,153050,18030,15460,18170,25740,10680
07/09/2024,25950,39060,13510,14720,36030,,29850,153050,18030,15610,18250,25950,10650
08/09/2024,25490,38750,13510,14710,33000,,28860,153050,18000,15290,18060,25730,10600
09/09/2024,25960,38850,13500,14680,33500,,29850,152630,18070,15540,18250,25680,10610
10/09/2024,26120,39080,13500,14700,31020,,29610,152630,17990,15730,18170,25580,10420
11/09/2024,25830,39030,13500,14680,29160,,29360,153050,17990,15550,18130,25460,10460
12/09/2024,25840,38980,13500,14700,28230,,29760,152600,17960,15520,18200,25490,10580
13/09/2024,25640,38930,13530,14700,27460,,29170,152150,17800,15690,18040,25440,10600
14/09/2024,25890,39190,13500,14660,29540,,29390,152600,17890,15750,18210,25400,10580
15/09/2024,25910,39230,13420,14660,29080,,29630,152090,17770,15670,18210,25360,10580
16/09/2024,26240,38630,13500,14650,30160,,29570,153420,17890,15720,18140,25550,10540
17/09/2024,26340,39140,13490,14700,31030,,29560,152990,17920,15720,18170,25590,10580
18/09/2024,26460,39030,13500,14710,30060,,29610,152990,17960,15440,18130,25620,10540
19/09/2024,26790,39070,13500,14700,30580,,29800,152990,17990,15810,18100,25590,10620
20/09/2024,27130,38830,13490,14700,30120,14000,30100,152990,17990,15600,18170,25560,10620
21/09/2024,27140,38810,13490,14690,29510,,29910,152990,17960,15600,18090,25600,10620
22/09/2024,27770,39230,13440,14690,29590,,30000,152880,17960,15610,18170,25600,10650
23/09/2024,27350,39400,13490,14680,28990,,30010,152990,17990,15780,18100,25630,10650
24/09/2024,27700,39340,13520,14700,28650,,30130,153120,17990,15630,18030,25590,10690
25/09/2024,28110,39190,13430,14670,28120,,30380,153560,18030,15780,18570,25640,10740
26/09/2024,28110,39350,13470,14680,26990,,30020,152990,17990,15660,18070,25690,10680
27/09/2024,27890,39260,13420,14620,26210,,30200,152990,17990,15720,18150,25590,10710
28/09/2024,28150,39240,13510,14650,25950,,30570,152320,17990,15730,18080,25580,10640
29/09/2024,28430,39160,13470,14660,26140,,30290,153260,17990,15610,18040,25570,10720
30/09/2024,28960,39110,13470,14660,25510,,30080,152990,18030,15670,18000,25690,10680
