Date,Harga Bahan Pangan Bawang Merah,Harga Bahan Pangan Bawang Putih Bonggol,Harga Bahan Pangan Beras Medium,Harga Bahan Pangan Beras Premium,Harga Bahan Pangan Cabai Merah Keriting,Harga Bahan Pangan Cabai Rawit Merah,Harga Bahan Pangan Daging Ayam Ras,Harga Bahan Pangan Daging Sapi Murni,Harga Bahan Pangan Gula Konsumsi,Harga Bahan Pangan Minyak Goreng Curah,Harga Bahan Pangan Minyak Goreng Kemasan Sederhana,Harga Bahan Pangan Telur Ayam Ras,Harga Bahan Pangan Tepung Terigu (cerah)
01/01/2022,26890,27240,9960,11210,39240,80020,37610,124900,13240,,18820,30480,9090
02/01/2022,25600,26430,9800,11210,39570,81700,36440,126580,12920,,18660,30130,8960
03/01/2022,26390,27550,10040,11290,38700,84630,37440,124900,13080,,18640,30200,9040
04/01/2022,26630,26600,9900,11210,41310,88680,37320,126160,13180,,18850,29180,9020
05/01/2022,26610,26470,9750,11250,38710,79400,36900,127060,13060,,18980,28530,9170
06/01/2022,26760,26650,9970,11280,37690,73770,36890,126160,13180,,18910,28220,9020
07/01/2022,25830,27530,10040,11290,34910,67710,37620,124900,13080,,18720,27430,9040
08/01/2022,26030,27080,9880,11290,32210,68450,36570,126580,13080,,18980,28050,9390
09/01/2022,26460,27300,10070,11570,24100,64940,36900,125900,13090,,19190,26770,9270
10/01/2022,26140,26730,9970,11280,31940,64990,36030,126160,13180,,18990,27060,9020
11/01/2022,26460,27140,10030,11320,31210,64040,36180,125620,13200,,19320,26510,9170
12/01/2022,26270,26730,9970,11280,27830,54830,37040,126160,13240,,19300,25520,9020
13/01/2022,26300,27000,10110,11400,28730,53180,38180,125620,13340,,18980,24940,9170
14/01/2022,25910,26690,9970,11300,25710,53620,37890,124900,13660,,19150,24770,9040
15/01/2022,26270,26600,10030,11350,27670,50890,38030,126160,13290,,18990,24190,9020
16/01/2022,24660,26210,9900,11330,27200,51380,37340,127060,13190,,18980,23930,9170
17/01/2022,25310,27000,10110,11400,28620,51650,37620,125620,13490,,18840,23870,9170
18/01/2022,25680,26880,9890,11350,35460,50380,37530,126160,13290,,18990,23440,9020
19/01/2022,26880,26740,10030,11350,33000,48840,37400,126160,13300,,18990,22450,9020
20/01/2022,26880,26470,10030,11350,33610,49080,37160,126160,13410,,18400,22440,9020
21/01/2022,25910,26250,9970,11380,33320,48800,36740,126580,13060,,18200,21650,9390
22/01/2022,27070,26430,9700,11300,33130,46510,36570,126580,12900,,17880,21490,9040
23/01/2022,27400,26230,10060,11350,32850,47500,38600,126160,13290,,18270,21240,9020
24/01/2022,27400,26610,9970,11280,32810,42760,36780,126160,13480,,18340,21360,9020
25/01/2022,26400,25580,9970,11380,31220,38880,36570,126580,13310,,18120,21650,9390
26/01/2022,27530,26490,9890,11210,32430,40110,36530,126160,13540,,16850,21230,9020
27/01/2022,27050,26080,9830,11250,31920,38800,34490,127060,13480,,17270,20990,9170
28/01/2022,27600,26120,9970,11280,32210,36880,36800,126160,13540,,16080,20540,9020
29/01/2022,27120,26290,10110,11400,31900,37090,36770,125620,13330,,15700,20980,9170
30/01/2022,26740,26430,9800,11210,32250,36830,35940,126580,13140,,16240,20400,9040
31/01/2022,28020,25990,9970,11280,30880,37330,36510,126160,13230,,16480,20730,8890
01/02/2022,28090,26730,9960,11250,30060,35890,36760,125620,13260,,16750,20700,8890
02/02/2022,28040,25920,9970,11380,29640,37080,36260,126580,13390,,17710,20640,9390
03/02/2022,29260,26190,9970,11300,30860,37320,36570,124900,13480,,17360,21300,9040
04/02/2022,28970,25920,9970,11380,30410,37820,35930,126580,13390,,17510,20730,9390
05/02/2022,31030,26560,9960,11250,30660,39270,35920,125620,13480,,16930,20760,8890
06/02/2022,29860,25800,9800,11210,30920,39020,35280,126580,13390,,17380,20560,9040
07/02/2022,31210,26900,9830,11180,33850,42500,35600,125620,13960,,17050,20540,8890
08/02/2022,31360,26730,9970,11280,35060,42040,35520,126160,13770,,16640,20270,9020
09/02/2022,32270,27120,9970,11280,35790,43070,36120,126160,13770,,15890,19970,9020
10/02/2022,34440,26560,9970,11280,35500,42750,35520,126160,13540,,15760,20110,9020
11/02/2022,33200,26360,10110,11400,34450,41010,36060,125620,13410,,15310,20130,9170
12/02/2022,33630,26560,9970,11280,35790,42100,35520,123550,13540,,16010,19860,9020
13/02/2022,34300,26100,9870,11250,35900,41200,34930,127060,13480,,16320,19840,9170
14/02/2022,33690,26770,10110,11400,35900,41870,36060,125620,13330,,16030,19700,9170
15/02/2022,34610,26830,9970,11280,36560,44000,35260,126160,13660,,16030,19560,9020
16/02/2022,35280,27360,9970,11280,36190,43980,35260,126160,13660,,16150,19800,9020
17/02/2022,33720,27610,9960,11250,35380,42710,34570,125620,13610,,15940,19920,8890
18/02/2022,34870,26750,9970,11240,35900,47300,34980,127330,13530,,15900,19940,9020
19/02/2022,33670,26520,9970,11280,35090,44790,35110,127330,13730,,16330,20060,9020
20/02/2022,31470,26370,9970,11360,34800,42660,34750,125900,13170,,15850,19900,9270
21/02/2022,33950,26390,9970,11280,36380,45820,35110,127330,13540,,15900,20180,9020
22/02/2022,33520,27290,9970,11380,39020,48800,35270,128150,13310,,16570,20490,9390
23/02/2022,33160,25760,10110,11400,42420,56780,35910,126950,13550,,16030,21130,9170
24/02/2022,35270,27370,9970,11280,43540,53310,35400,127330,13670,,15200,21240,9020
25/02/2022,33810,26060,9970,11280,40500,52420,35400,127980,13670,,15080,21110,9020
26/02/2022,35180,26010,10110,11400,42540,52370,36060,127700,13620,,15090,21130,9170
27/02/2022,34960,27590,9960,11210,40690,52790,35180,125620,13620,,15250,21350,8890
28/02/2022,35530,27030,9800,11130,44820,57470,35210,128280,13640,,15300,21410,8710
01/03/2022,35990,27080,9830,11250,43020,54870,34930,129890,13620,,15110,21710,9170
02/03/2022,35920,26440,9970,11280,44110,63460,35520,128520,13610,,14970,21930,9020
03/03/2022,34430,27450,9800,11210,41140,62190,35560,128280,13570,,15470,21830,9040
04/03/2022,35710,26930,10110,11370,44780,63250,38260,129890,13700,,15100,22280,9170
05/03/2022,35740,27130,9970,11280,43550,63970,36400,129900,13740,,15090,22120,9020
06/03/2022,34410,27890,9960,11250,42770,63150,36020,127060,13700,,15250,22140,8890
07/03/2022,34270,26620,9970,11380,44630,65990,36760,129870,13660,,15290,23810,9390
08/03/2022,34910,27490,9970,11280,45680,64810,36510,129900,13740,,15090,23670,9020
09/03/2022,34550,27490,9970,11280,46980,66310,36400,129900,13740,,14910,23980,9020
10/03/2022,35070,27260,9970,11280,47230,64860,36400,129900,13740,,14890,23850,9020
11/03/2022,32470,27730,9970,11280,48610,65220,36530,129900,13740,,14910,23870,9020
12/03/2022,32300,27780,9910,11280,47490,66030,36400,129900,13480,,14850,24110,9020
13/03/2022,30580,27790,9800,11210,44810,61020,35570,128280,13740,,15170,23900,9040
14/03/2022,31730,27820,10030,11400,43490,59130,36170,129890,13780,,14700,23770,8890
15/03/2022,32290,27580,9970,11390,49490,65120,36540,131620,13830,,14820,23910,8870
16/03/2022,31930,27510,9970,11280,47290,66020,36500,129900,13810,,15020,23740,9020
17/03/2022,32730,27950,10110,11400,48740,64150,37190,131380,13780,,17870,24060,9170
18/03/2022,31930,28330,10030,11320,45370,57390,37150,131210,13810,,20520,23800,9020
19/03/2022,31330,28690,9900,11330,44920,59260,36760,131380,13710,,21150,23920,9170
20/03/2022,31240,28600,10030,11350,46410,59160,37150,131210,13810,,20970,23930,9020
21/03/2022,32400,28720,10350,11990,43690,56090,38410,132430,13870,,21200,23860,9340
22/03/2022,30080,29050,10100,11090,44150,53830,36740,127220,13740,,21830,23680,9490
23/03/2022,31570,29360,10110,11470,44170,54460,37460,129890,13930,,22590,23780,8890
24/03/2022,30830,29690,10030,11280,42090,55800,37670,129900,13940,,22370,23680,9150
25/03/2022,30400,28920,10030,11280,40820,53710,37010,131210,13930,,22630,23680,9150
26/03/2022,30090,30180,10110,11330,40940,53390,37620,131380,13780,,22190,23780,9330
27/03/2022,30800,29060,10030,11280,41050,55700,37140,131210,13930,,22630,23680,9150
28/03/2022,30440,29740,9900,11190,41690,51760,36750,131380,13990,,22330,23990,9300
29/03/2022,31100,29470,10030,11280,42120,53320,37280,131210,13940,,22520,24180,9390
30/03/2022,31080,29730,9940,11200,40370,52570,37670,131210,13940,,22640,24550,9390
31/03/2022,31690,30240,10000,11220,41720,52950,38500,134100,13780,,22610,24770,9600
01/04/2022,31710,30060,9940,11230,42420,54130,38690,137250,13810,,22770,24610,9390
02/04/2022,31910,30650,9990,11170,41810,52860,39920,139820,13940,,22520,24810,9270
03/04/2022,31780,30650,10000,11260,44410,54260,39240,138420,13930,,22190,24780,9470
04/04/2022,31890,30060,9820,11230,45660,55020,39090,137990,14000,,22520,24550,9410
05/04/2022,32450,29730,9880,11230,46000,53650,38960,137340,14000,,22770,24490,9470
06/04/2022,32700,29670,9940,11230,41760,51680,38580,136080,13870,,22520,24740,9330
07/04/2022,32670,29660,10000,11230,43340,50700,39230,136080,14120,,22080,24430,9470
08/04/2022,32930,29990,9940,11230,44820,46660,38960,137340,14000,,22410,24170,9470
09/04/2022,33390,30140,9940,11170,46990,46880,39360,135970,14000,,22290,24240,9960
10/04/2022,32570,29790,9940,11170,42780,46000,39090,137340,14000,,22410,24370,9860
11/04/2022,34780,29750,10000,11230,42150,41110,38300,137150,14000,,22680,24240,9860
12/04/2022,34820,29000,10000,11290,35770,38950,38440,138530,14120,,22800,24110,9960
13/04/2022,33570,30060,10000,11290,34810,39440,38050,138530,14000,,22740,23740,9960
14/04/2022,32700,29860,10040,11410,33210,36060,38070,138530,14000,,22620,23990,10160
15/04/2022,31870,29510,10000,11410,32910,36000,38210,134540,14000,,22520,23860,10160
16/04/2022,31290,29620,9880,11370,32870,35960,37620,137910,13920,,22370,23660,10390
17/04/2022,32380,29970,9930,11340,32340,35980,38070,137760,14000,,22020,23800,10390
18/04/2022,32770,29300,9930,11340,32660,35120,38460,138340,14000,,21190,23550,10190
19/04/2022,32740,29550,9990,11340,31500,35750,38340,135970,14120,,22280,23370,10190
20/04/2022,32630,29160,9970,11340,32020,33800,38980,135970,13990,,22280,23430,10190
21/04/2022,32560,29770,9930,11280,32290,31450,38980,137950,14120,16860,22280,24550,10050
22/04/2022,32270,29530,9930,11340,32570,31610,38970,135970,13930,16100,21410,24810,10080
23/04/2022,32470,29090,9790,11250,32680,32730,38980,139120,13990,16690,22460,24990,9960
24/04/2022,33890,29440,10220,11570,32590,31760,39590,137800,13880,17470,22400,24680,9940
25/04/2022,33980,29420,9930,11340,35950,33530,39110,139890,14060,16860,22770,24990,10080
26/04/2022,35200,29510,9930,11340,39100,36850,40280,141030,13790,16400,22710,24930,10320
27/04/2022,36700,29160,9870,11150,40460,38420,39690,146730,14180,17030,22830,25150,10190
28/04/2022,36700,28480,9820,11220,43560,33990,40330,148630,14000,17650,23470,25840,10190
29/04/2022,39000,30800,10660,11740,46770,36750,42430,154770,13730,15880,22990,26070,9720
30/04/2022,40430,31440,10070,11230,49670,41270,41930,152690,14100,17180,23790,26670,9770
01/05/2022,43560,33100,9950,11460,60310,46060,42210,167440,13740,19070,22980,27330,9490
02/05/2022,37420,32400,11250,12250,56130,50000,42430,164920,13750,14970,22980,25990,10390
03/05/2022,41600,31580,10290,11450,51920,47180,39790,152350,13830,15530,23310,26640,10590
04/05/2022,40350,30520,10100,11150,45220,42490,40540,147810,13900,15910,23580,25560,10130
05/05/2022,37220,28980,10140,11330,41030,44090,43000,139760,13870,15880,23240,26200,10190
06/05/2022,36150,29040,10290,11450,38060,51490,38660,141530,13830,17440,23310,25650,10260
07/05/2022,37420,30120,10140,11330,38690,46190,38660,146590,13870,16110,23240,26280,10440
08/05/2022,34380,28360,9900,11050,31730,38190,38400,144570,13900,17660,23580,26570,10350
09/05/2022,39310,28860,9980,11320,33000,37450,38870,141090,13780,16730,23120,27270,9950
10/05/2022,40790,28630,9830,11390,33880,33130,40100,146480,13920,16510,23150,26810,10610
11/05/2022,38590,29330,9830,11220,38330,34600,39820,143500,13810,16500,23340,26340,10180
12/05/2022,39490,29280,9800,11220,38640,34880,39030,143500,13810,16500,23340,26220,10180
13/05/2022,41180,28980,9790,11220,37290,33860,38770,142340,13810,16370,23340,26360,10180
14/05/2022,39560,27180,9640,11330,35070,34220,39340,142440,14000,17480,22690,26480,9970
15/05/2022,41820,28540,9710,11180,33580,34270,37570,139800,13930,16330,23220,26270,10360
16/05/2022,39750,29900,10060,11570,40810,34620,37530,140920,13900,15910,22350,25560,9960
17/05/2022,40460,28560,9740,11120,35670,34580,36800,139230,13540,16910,22580,25470,10010
18/05/2022,44580,28240,9690,11150,38300,40590,37970,139680,14140,16330,22730,26560,10360
19/05/2022,43580,28830,9850,11250,40100,45110,37540,136850,13780,16480,22320,26560,9950
20/05/2022,44840,29470,9760,11190,41470,47540,37210,138430,13810,16300,22770,26860,10180
21/05/2022,44480,29210,9760,11190,42520,47740,37840,139550,13810,16170,22640,26860,10180
22/05/2022,41020,28630,9690,11170,41020,45940,35620,141130,13920,15910,22860,26650,10420
23/05/2022,45260,28650,10050,11370,44420,50700,37100,141280,13780,15790,22520,26850,10360
24/05/2022,45150,28670,9790,11190,44330,52760,36770,138430,13930,15920,22520,26740,10180
25/05/2022,46060,28670,9790,11130,45270,56180,36120,139550,13810,15990,22520,26860,10070
26/05/2022,45500,28470,9850,11190,49530,59840,35990,139550,13810,15870,22400,26860,10180
27/05/2022,45510,28070,9760,11190,55150,62450,35180,138430,13810,15490,22270,27230,10180
28/05/2022,46290,26760,9780,11350,55560,65740,36190,143260,13920,15750,22120,27500,10460
29/05/2022,44940,27490,9660,11150,52190,56610,35490,139680,13930,15420,22310,27270,10230
30/05/2022,45540,28990,9920,11440,57090,66000,36870,141280,13930,15240,22100,27560,10230
31/05/2022,45080,29530,9790,11270,56320,66600,36770,138430,14000,15710,22270,27740,10070
01/06/2022,44150,29050,9790,11180,57650,67760,37170,138430,14000,15650,22270,27740,10070
02/06/2022,44550,29470,9790,11180,56640,70780,36560,138430,14000,15650,22400,27740,10180
03/06/2022,44690,27970,9850,11250,59000,75550,38320,139720,13870,15520,22330,27730,10070
04/06/2022,45160,26630,9940,11470,61610,74610,38660,140650,13850,15200,22100,28350,10230
05/06/2022,46210,27030,9760,11250,61760,76540,38070,139910,13870,15420,22270,28120,9950
06/06/2022,48700,26900,9760,11250,69460,86110,38840,141790,13870,15180,22270,28490,9950
07/06/2022,49180,25910,9600,11140,73910,92030,38970,142050,14000,14980,22660,28710,9810
08/06/2022,48720,26900,9820,11250,72040,91080,39090,139280,14000,15040,22570,28800,9950
09/06/2022,55060,26490,9920,11540,77240,97070,39710,138420,14000,14980,22100,29060,10170
10/06/2022,,,,,,,,,,,,,
11/06/2022,,,,,,,,,,,,,
12/06/2022,,,,,,,,,,,,,
13/06/2022,,,,,,,,,,,,,
14/06/2022,,,,,,,,,,,,,
15/06/2022,,,,,,,,,,,,,
16/06/2022,,,,,,,,,,,,,
17/06/2022,,,,,,,,,,,,,
18/06/2022,,,,,,,,,,,,,
19/06/2022,,,,,,,,,,,,,
20/06/2022,,,,,,,,,,,,,
21/06/2022,,,,,,,,,,,,,
22/06/2022,,,,,,,,,,,,,
23/06/2022,,,,,,,,,,,,,
24/06/2022,,,,,,,,,,,,,
25/06/2022,,,,,,,,,,,,,
26/06/2022,,,,,,,,,,,,,
27/06/2022,,,,,,,,,,,,,
28/06/2022,,,,,,,,,,,,,
29/06/2022,,,,,,,,,,,,,
30/06/2022,,,,,,,,,,,,,
01/07/2022,,,,,,,,,,,,,
02/07/2022,,,,,,,,,,,,,
03/07/2022,,,,,,,,,,,,,
04/07/2022,,,,,,,,,,,,,
05/07/2022,,,,,,,,,,,,,
06/07/2022,,,,,,,,,,,,,
07/07/2022,,,,,,,,,,,,,
08/07/2022,,,,,,,,,,,,,
09/07/2022,,,,,,,,,,,,,
10/07/2022,,,,,,,,,,,,,
11/07/2022,,,,,,,,,,,,,
12/07/2022,,,,,,,,,,,,,
13/07/2022,,,,,,,,,,,,,
14/07/2022,68970,23130,9560,11080,111340,113710,38950,141950,14000,12560,19940,28200,10370
15/07/2022,68620,23440,9890,11270,97940,100330,39090,140000,13940,12900,20130,28000,10350
16/07/2022,66560,22560,9540,11120,92820,97730,36220,140000,13920,12210,19400,27990,10310
17/07/2022,65540,24540,9690,11280,94470,97920,37440,140000,13920,12210,19710,27830,10470
18/07/2022,60330,23370,9740,11240,89960,89920,37500,139270,13930,12530,19480,27990,10400
19/07/2022,56510,23220,9840,11270,92140,87480,37800,140000,13940,12810,19660,28000,10350
20/07/2022,53810,23850,9800,11270,86500,85120,37180,138710,13940,12830,19170,28000,10350
21/07/2022,49060,24170,9800,11270,83530,82260,37820,140000,13940,12950,19210,28000,10350
22/07/2022,46550,24170,9810,11270,83020,81310,37440,140000,13940,12830,18480,28000,10350
23/07/2022,47020,23480,9830,11460,85710,82000,37440,140000,13920,12400,17820,27990,10470
24/07/2022,50360,23650,9700,11460,84880,81320,37950,140000,13690,12550,18780,27800,10370
25/07/2022,42120,23110,9710,11240,78080,81780,37230,140000,13930,12490,18030,28270,10400
26/07/2022,45100,22620,9800,11270,79200,79100,37560,138710,13940,12710,18020,28240,10350
27/07/2022,40510,22630,9800,11270,76140,74790,37560,139370,14000,12710,17890,27930,10350
28/07/2022,39260,23560,9800,11270,74490,72730,37560,139370,13810,12710,18130,28000,10350
29/07/2022,36720,22760,9710,11240,75160,73130,36790,140000,13930,12410,17870,27780,10400
30/07/2022,38710,23560,9810,11270,74490,72140,37180,138730,13940,12710,18340,27810,10350
31/07/2022,34540,23870,9660,11280,74830,71090,36280,139150,13920,12150,18210,27830,10470
01/08/2022,35500,23560,9800,11270,72330,71050,36800,138710,13940,12760,18240,27620,10470
02/08/2022,35190,23680,9860,11270,70480,68670,36530,137400,13940,12660,18340,27370,10350
03/08/2022,34760,20650,9390,11320,73190,68290,36240,140000,13830,12060,17150,27650,10630
04/08/2022,37600,23480,9800,11270,70810,68440,36530,138710,13940,12730,17040,27620,10350
05/08/2022,35280,24170,9710,11240,71300,68430,37190,140000,13860,12510,17020,27420,10800
06/08/2022,35390,23520,9860,11140,72890,69930,36150,140000,14000,12390,18350,27400,10570
07/08/2022,36170,22610,9970,11470,72350,69740,36900,140000,13930,12560,17430,27560,10660
08/08/2022,37020,22780,9800,11270,68940,63890,36400,138710,13810,12470,17690,27110,10350
09/08/2022,35710,23370,9840,11270,68770,63020,36380,140000,13810,12610,17120,27100,10350
10/08/2022,35990,23370,9900,11220,68470,65990,36520,138710,13940,12550,17240,27610,10350
11/08/2022,35760,23280,9750,11110,70250,65530,36440,137070,13780,12490,16700,27410,10260
12/08/2022,35910,23150,9840,11220,70510,61700,35840,138080,13810,12610,16720,28370,10350
13/08/2022,35690,24290,9820,11250,69190,60940,35440,136360,13930,13230,16980,28270,10400
14/08/2022,35660,23260,9900,11220,69350,63030,35990,136810,13810,12610,16160,28240,10350
15/08/2022,35980,23710,9840,11220,69860,57410,35980,138080,13810,12610,16570,28860,10590
16/08/2022,34240,23560,9840,11220,67940,56650,36390,137430,13940,12540,16720,29220,10590
17/08/2022,34240,24120,9880,11250,66280,54770,35900,137070,13930,13220,16980,28990,10680
18/08/2022,32300,23560,9840,11220,72920,59890,36250,138080,13870,12550,16620,29860,10590
19/08/2022,33950,23700,9960,11340,74760,56020,36630,138080,13870,12480,16550,30350,10590
20/08/2022,33950,23980,9960,11340,74490,55440,36900,137450,13810,12480,16680,30230,10590
21/08/2022,33950,23980,9960,11340,73900,58560,36780,138080,13810,12480,16680,30110,10590
22/08/2022,35040,23430,10100,11540,70990,49190,37170,137810,13930,12560,16790,30700,10680
23/08/2022,33050,23980,10150,11340,65720,52380,36250,138080,13810,12550,16550,30350,10590
24/08/2022,31180,23600,10090,11280,63390,48600,36630,138080,13940,13680,16550,30730,10720
25/08/2022,32130,23780,10090,11280,61570,50160,36620,138080,13940,12550,16550,30590,10590
26/08/2022,34410,24800,10090,11280,62080,50760,36490,138080,13940,12550,16650,30470,10590
27/08/2022,33070,23750,10260,11480,63310,48080,36750,137810,13930,12560,16900,31130,10400
28/08/2022,31420,24520,9970,11180,61030,50030,36430,139270,13930,12490,16400,30540,10260
29/08/2022,30800,23900,10220,11280,64860,51950,36900,138080,13810,12550,16510,30730,10350
30/08/2022,32120,23920,10160,11280,62580,52910,36520,138080,13940,12490,16510,30730,10350
31/08/2022,32100,23750,10160,11280,63210,51720,36650,138080,13940,12490,16410,29980,10350
01/09/2022,32240,22530,10160,11280,68580,54180,35940,138080,13940,12480,16550,30230,10350
02/09/2022,31630,24390,10260,11480,69990,52100,36120,137810,13930,12480,16470,29700,10400
03/09/2022,32130,24070,10160,11280,69790,53950,36250,138080,13810,12420,16410,29860,10350
04/09/2022,32510,23490,10160,11280,74130,54600,36120,138080,13810,12420,16410,29860,10350
05/09/2022,33300,23490,10160,11280,75210,58010,35180,138080,13810,12420,16550,29220,10480
06/09/2022,33570,23620,10160,11280,77640,61410,36250,139910,13620,12420,16650,28980,10640
07/09/2022,33530,23730,10250,11280,79720,60390,37410,139280,13740,12490,16410,29090,10540
08/09/2022,33280,23360,10230,11320,81150,60360,36720,138080,13870,12490,16270,28730,10500
09/09/2022,32920,23380,9970,11180,79140,58010,35870,138280,13830,11900,15790,28650,10680
10/09/2022,34320,23140,10410,11560,80070,59410,36590,137810,14000,12560,16620,28280,10810
11/09/2022,33020,23360,10160,11350,74560,57260,35690,138080,13870,12420,16270,28490,10560
12/09/2022,33020,23590,10230,11350,72230,58270,35300,138080,13870,13020,16270,27990,10560
13/09/2022,32830,24210,10190,11350,71610,62080,35420,136810,13870,12490,16270,27740,10830
14/09/2022,32910,23480,10210,11310,72150,64620,35420,138080,13810,12350,16270,27620,10700
15/09/2022,32020,23360,10240,11350,68370,64130,34450,136810,13870,12490,16270,27620,10460
16/09/2022,31790,23480,10230,11350,67780,63390,34170,136810,13870,12550,16390,27550,10580
17/09/2022,31790,23480,10230,11350,67160,63560,34030,136810,13870,13200,16390,27370,10580
18/09/2022,31790,23480,10230,11350,67940,67380,34050,136810,13870,13020,16390,27310,10720
19/09/2022,32020,23480,10230,11350,65290,66200,34050,136810,13870,12490,16390,27240,10720
20/09/2022,31650,23150,10250,11350,66120,71890,35250,136810,13740,13090,16390,26850,10720
21/09/2022,32020,23120,10230,11350,66130,69220,35120,136810,13870,12350,16390,26730,10720
22/09/2022,32040,23360,10250,11350,63560,63940,34320,137430,13870,12350,16390,26370,10780
23/09/2022,32040,23420,10250,11350,59610,64220,34320,136810,13870,12880,16390,25730,10720
24/09/2022,31510,23210,10120,11260,59950,65530,34230,137810,13850,12860,16110,25560,10610
25/09/2022,32040,23760,10230,11350,61130,64860,34190,136810,13870,12880,16390,25740,10720
26/09/2022,30920,23070,10120,11260,57220,67660,34390,137810,13850,12260,15980,24840,10610
27/09/2022,31930,23640,10230,11350,59380,65140,34570,137430,13740,12240,15850,24730,10720
28/09/2022,32070,23870,10230,11350,61110,62150,34600,137430,13870,12880,15850,24730,11180
29/09/2022,32350,23270,10410,11560,55620,64820,34990,137070,14000,13010,16140,24130,10830
30/09/2022,32300,23360,10230,11350,56150,62810,34600,136810,13870,12350,15850,24240,11180
01/10/2022,32300,23240,10230,11350,57390,59930,34600,137430,13870,12880,15850,24340,10720
02/10/2022,32790,23140,10410,11560,59200,61570,34850,136360,14000,12400,16140,23990,11240
03/10/2022,32140,23360,10230,11290,54380,63440,34480,136810,13870,12300,15850,24360,10590
04/10/2022,32390,23640,10260,11350,54110,60240,34480,137430,13870,12490,15850,24370,10590
05/10/2022,33000,23380,10230,11350,52850,58900,34200,136810,13870,12230,16000,24240,10590
06/10/2022,33970,23760,10230,11350,53590,57780,33930,136810,13870,12230,16000,23800,10590
07/10/2022,33570,23930,10120,11260,58410,55530,34350,136360,13850,12220,16310,23710,10610
08/10/2022,33970,23200,10400,11570,58920,57960,34230,136580,14000,11860,15640,23990,10720
09/10/2022,34660,24240,10320,11490,59860,57830,35700,135760,13830,12260,16730,23490,10720
10/10/2022,33010,23640,10230,11350,59780,57690,33930,136810,13740,12230,16000,24480,10420
11/10/2022,33300,23800,10230,11350,58650,57280,34320,136810,13740,12900,16000,25370,10480
12/10/2022,33530,23700,10230,11350,60800,56770,34320,136810,13740,12380,16000,25620,10480
13/10/2022,31320,22990,10230,11350,59780,57850,34050,136810,13740,12430,16000,25740,10480
14/10/2022,33030,23440,10230,11350,55490,54180,34600,136810,13740,12490,16000,25740,10540
15/10/2022,34200,23360,10260,11480,53160,52060,34230,137070,13710,12500,16000,25850,10550
16/10/2022,33650,23440,10160,11350,53970,52990,34320,136810,13680,13090,15950,25740,10480
17/10/2022,33180,23800,10160,11350,53320,52690,34320,136810,13680,12620,15950,25860,10480
18/10/2022,32810,22420,10160,11350,48900,51430,34190,136810,13750,12620,15950,26310,10480
19/10/2022,32660,23500,10160,11350,49370,50510,34320,136810,13750,12620,15950,26300,10480
20/10/2022,32810,23500,9970,11350,47060,47950,34050,136810,13750,13460,16220,25820,10240
21/10/2022,32690,23510,10040,11230,45770,46880,34050,136810,13620,13040,16220,26300,10240
22/10/2022,33200,23270,10100,11230,48970,47740,34050,136810,13750,13040,15410,26240,10240
23/10/2022,32930,23800,10040,11230,48970,48840,34050,136810,13750,13580,16220,26180,10240
24/10/2022,32930,23900,10040,11230,45770,45200,34430,136810,13750,12850,15950,26550,10240
25/10/2022,32190,23900,10100,11230,45690,42720,34710,136810,13490,12920,15950,26420,10240
26/10/2022,32930,24160,10140,11280,45600,44140,34710,136810,13750,12980,15950,26490,10240
27/10/2022,32190,23620,10140,11280,46250,43630,34710,136810,13750,12920,15950,26240,10360
28/10/2022,33180,23620,10140,11280,45500,43440,34710,136810,13750,13590,15800,26240,10240
29/10/2022,33180,23620,10140,11280,45280,42360,34710,136810,13750,12920,15950,25390,10360
30/10/2022,32510,23560,10260,11480,43990,42570,34670,136360,13860,12910,16250,25990,10420
31/10/2022,32880,23900,10140,11280,44580,43070,35980,136810,13750,12790,15800,26110,10360
01/11/2022,34270,23700,10220,11480,39650,39790,34620,136580,13830,12910,15470,25990,10490
02/11/2022,33800,23640,10100,11280,41350,40430,34900,136810,13750,12980,15950,26110,10360
03/11/2022,32560,23640,10140,11280,40860,39320,34900,136810,13750,12980,15950,26110,10360
04/11/2022,33930,24940,10220,11480,39200,38340,34620,136580,13830,12910,15570,25990,10490
05/11/2022,32530,23080,10090,11190,37470,39560,34380,137810,13710,12980,14980,26560,10420
06/11/2022,33070,23700,10220,11480,37060,38210,34620,136580,13830,12910,14770,26150,10490
07/11/2022,31270,23360,10120,11280,33620,37340,34900,136810,13750,13110,15330,26120,10360
08/11/2022,33250,23360,10120,11280,33620,34730,34900,133980,13750,13230,15330,26120,10490
09/11/2022,33010,23360,10120,11280,34020,36630,35600,136810,13870,13700,15330,26240,10360
10/11/2022,33790,24420,10260,11480,35280,36510,35340,136360,13860,13280,15530,26280,10420
11/11/2022,32120,22740,10120,11280,33350,35600,34900,136810,13750,13110,15330,26500,10360
12/11/2022,33070,23740,10310,11560,34990,35710,35930,135760,13830,13240,15800,26660,10490
13/11/2022,32320,23680,10120,11280,34220,36890,34620,136810,13750,13560,15330,26860,10360
14/11/2022,31410,23880,10120,11280,32370,33470,34340,136810,13750,13110,15330,26300,10360
15/11/2022,31160,22780,10120,11280,33400,34160,34480,133980,13750,13110,15330,27370,10360
16/11/2022,30760,22440,10080,11300,33210,37420,34060,132830,13660,12830,14770,27160,10490
17/11/2022,31490,23060,10120,11280,33000,37420,34480,136810,13620,13170,15330,27240,10360
18/11/2022,32070,22930,10070,11320,33710,37050,34620,137450,13830,12880,15800,27320,10490
19/11/2022,30890,23330,10120,11280,32370,37800,34900,136810,13750,13300,15330,27240,10360
20/11/2022,31730,23350,10260,11480,31860,36870,35010,136360,13860,13560,15530,27130,10420
21/11/2022,30360,23310,10100,11280,33560,39340,34900,136810,13680,13740,16110,27500,10360
22/11/2022,30510,23830,10100,11280,33650,38440,34900,136810,13810,13930,15610,27610,10360
23/11/2022,29910,23690,9970,11190,32140,37780,34230,137810,13930,13920,15860,27710,10280
24/11/2022,30740,23370,10040,11250,32650,38500,34230,137070,13780,13780,15240,27630,10420
25/11/2022,30740,22760,10160,11330,32350,37320,33910,136360,13780,13780,15100,28050,10420
26/11/2022,30740,22760,10050,11190,33590,38360,33750,137090,13780,14140,15570,28630,10280
27/11/2022,32030,24660,10260,11410,31670,36750,35170,136360,13780,14910,16000,28770,10420
28/11/2022,32060,23450,10230,11420,33000,37880,34620,135550,13810,13990,16000,29430,10360
29/11/2022,31430,23070,10270,11420,33600,38470,34470,136190,13870,14120,16000,29050,10360
30/11/2022,32300,23640,10290,11350,33380,39750,35300,136190,13610,13990,16000,29860,10360
01/12/2022,32300,23640,10270,11350,34030,42420,34900,136810,13870,14660,16000,29740,10360
02/12/2022,32780,23890,10310,11480,34730,45010,35180,136360,14000,14140,16000,29850,10420
03/12/2022,32420,23740,10270,11350,34000,42800,34760,136810,13740,13990,16000,29740,10360
04/12/2022,32300,23530,10270,11350,35680,42680,35160,137990,13870,13990,16000,30170,10360
05/12/2022,32560,23560,10240,11350,36990,46650,34620,137370,13870,13930,15870,30670,10360
06/12/2022,32360,23870,10240,11260,36940,49840,33760,137710,13850,13990,15580,30700,10280
07/12/2022,32420,23900,10390,11480,35860,51900,34480,136720,13750,13930,16000,30480,10360
08/12/2022,32420,24560,10350,11480,36150,51340,34480,136720,13810,13930,16000,30870,10360
09/12/2022,32060,24160,10310,11410,36520,48980,33910,138450,13780,13920,15730,30850,10280
10/12/2022,32770,24190,10360,11560,36590,49760,35540,137330,13920,14000,16530,30490,10490
11/12/2022,31910,23660,10380,11470,36060,49020,34230,138420,13780,13850,15530,30850,10420
12/12/2022,32400,24320,10390,11480,37400,49110,34760,137370,13870,14120,16130,30730,10360
13/12/2022,32930,24320,10390,11480,36540,50580,35040,137370,13870,14440,15890,30480,10360
14/12/2022,33050,25140,10450,11530,36790,51670,34890,137990,13680,14230,16130,30610,10360
15/12/2022,33100,24830,10450,11530,36730,51950,35040,137990,13810,14230,16200,30480,10360
16/12/2022,33200,24890,10590,11690,37580,50760,35190,136360,13780,14130,16220,30270,10420
17/12/2022,33730,24410,10230,11470,37040,51460,35340,137710,13640,14000,16450,30120,10420
18/12/2022,33890,24480,10450,11530,37340,50980,35040,137990,13750,14110,16200,30090,10360
19/12/2022,33050,25230,10450,11530,36500,49890,35940,137370,13870,14110,15730,29550,10360
20/12/2022,32190,24520,10570,11590,34400,49000,36370,137990,13810,14000,15920,29790,10360
21/12/2022,32650,25740,10740,11760,35400,48930,35980,136360,13860,14060,16070,29410,10420
22/12/2022,32300,24940,10570,11590,34210,47440,36120,137990,13870,14050,15860,29360,10360
23/12/2022,32680,25310,10600,11590,36150,46280,36120,139280,13870,14000,16070,29610,10360
24/12/2022,32560,25570,10600,11590,35810,48130,36260,138640,13680,14180,16070,29490,10360
25/12/2022,32300,25310,10600,11590,35810,48820,36260,139280,13810,14180,16070,29490,10360
26/12/2022,33090,25550,10600,11590,36760,51830,36630,138640,13680,14120,16000,28990,10360
27/12/2022,33090,25550,10600,11530,37120,54400,36220,138640,13810,14050,15940,28990,10360
28/12/2022,34070,25550,10600,11630,38520,55150,36220,138640,13810,14050,15870,28860,10360
29/12/2022,34090,26200,10600,11620,38900,57490,36640,138640,13810,14250,16000,28740,10360
30/12/2022,33680,25640,10610,11680,38680,58220,36170,139900,13780,14510,15000,28350,10420
31/12/2022,34220,25680,10600,11620,41790,66490,36700,138640,13810,14180,16000,28430,10360
01/01/2023,34960,26540,10690,11720,39450,63760,37930,137260,13920,14240,16350,28080,10490
02/01/2023,35910,24860,10690,11720,44590,71030,35930,135760,13740,13990,16440,28410,10490
03/01/2023,36040,25830,10730,11660,45060,78720,36350,136810,13810,13930,15870,27990,10240
04/01/2023,36210,26500,10910,11840,43710,72570,35710,137070,13780,13990,15540,28560,10420
05/01/2023,35960,26070,10800,11790,44600,69510,36060,137990,13810,14050,16130,28240,10360
06/01/2023,36360,26210,11040,12040,48530,70490,36220,137810,13930,14060,16220,28410,10280
07/01/2023,36210,26640,10890,11890,45450,73340,36080,136360,13780,13840,16290,28270,10420
08/01/2023,36210,25540,11000,11960,44020,72000,35400,137810,13780,14280,15060,28140,10420
09/01/2023,36340,24670,10710,11720,45590,66930,34630,137810,14140,14130,15800,27710,10420
10/01/2023,36180,25520,10970,11980,47740,65420,35010,136810,14240,14230,16060,27990,10360
11/01/2023,34870,25410,10970,11840,47250,64730,35140,136810,14120,14110,16060,27990,10490
12/01/2023,35230,25540,10970,11980,45190,60950,35140,136810,14120,14180,16060,27870,10490
13/01/2023,34870,25410,10950,11970,43860,62300,35010,136810,14120,14420,16060,27990,10360
14/01/2023,34870,25520,10970,11970,42060,60360,35010,136810,14120,14920,15330,27930,10490
15/01/2023,35990,25410,10970,11970,44630,61630,35150,136810,14120,14180,16060,27750,10490
16/01/2023,35450,24550,10970,11970,44080,59400,35420,137450,14000,14250,15700,27680,10360
17/01/2023,37720,25650,11030,11970,43560,57260,35420,138080,14000,14170,16130,27800,10360
18/01/2023,37670,25990,10970,11970,43910,56740,35160,138080,14000,14300,16130,27680,10360
19/01/2023,37040,25760,10970,11970,40970,54830,34870,138080,14000,14110,16060,26980,10360
20/01/2023,39170,24170,10970,11970,40870,58310,35010,138080,14000,14310,16060,27680,10360
21/01/2023,40120,26890,10950,12050,40830,57370,35930,137450,14160,14070,16340,27240,10320
22/01/2023,37230,25310,10960,11970,40830,56260,35010,138080,14120,14170,16060,27430,10360
23/01/2023,38950,25500,10950,11840,41100,58550,35010,138080,14120,14240,16060,27430,10360
24/01/2023,39830,25760,10960,11970,43330,60430,35300,138080,14120,14240,16200,27430,10360
25/01/2023,40770,27380,10960,11970,43340,60920,35300,138080,14120,14480,16270,27430,10360
26/01/2023,40060,25050,10960,11970,44630,58660,35300,139280,14120,14240,16000,27430,10360
27/01/2023,40370,25260,10960,12040,43950,57530,35790,137810,14140,14280,16300,27350,10280
28/01/2023,40140,25230,10960,11970,42920,59900,35300,136810,14120,14480,16200,27430,10360
29/01/2023,41960,25830,10870,11970,44100,60550,35010,136810,14120,14300,15900,27310,10360
30/01/2023,39860,25840,10510,11970,42930,57830,35010,136810,14120,14300,16270,27430,10360
31/01/2023,43550,27010,10510,11970,42990,57850,34730,136810,14120,14300,16270,27430,10360
01/02/2023,45160,27800,10570,11980,39900,57030,35010,136810,14120,14420,16270,27430,10360
02/02/2023,44990,26340,10570,11970,43630,57720,35710,136810,14180,14300,16330,27370,10360
03/02/2023,45590,26570,11030,11960,43860,55860,34730,136160,14180,14540,15660,27370,10360
04/02/2023,45820,26570,11000,12020,43260,56600,34730,136160,14180,14540,16260,27370,10360
05/02/2023,45220,26340,11060,12020,43310,55040,35010,136160,14120,14540,16400,27430,10360
06/02/2023,45460,26570,11220,12210,44330,60340,35600,136810,14120,14540,17590,27370,10360
07/02/2023,46620,26670,11100,12150,46660,63030,35290,136810,14120,14540,16330,27300,10360
08/02/2023,44860,27050,11310,12210,46680,60130,35560,136810,14180,14540,16660,27240,10420
09/02/2023,43500,27440,11350,12280,46070,60220,35560,136810,14120,14970,16660,27240,10360
10/02/2023,42990,28040,11190,12030,45870,60880,35420,136810,14000,14610,16590,27240,10360
11/02/2023,42480,26820,11370,12210,44790,60340,35420,136810,14120,14540,16330,27240,10360
12/02/2023,42990,27200,11250,12220,44860,61060,35950,136810,14180,14540,16590,27370,10360
13/02/2023,39450,26820,11370,12280,44670,62350,35420,136810,14180,14540,16530,27240,10360
14/02/2023,37400,27180,11440,12410,45700,64900,35720,135550,14240,14470,16260,27240,10360
15/02/2023,38190,26700,11440,12350,44860,63330,35720,136810,14120,13890,15720,27370,10360
16/02/2023,36150,26820,11440,12350,48800,69130,35720,135550,14120,14350,16400,26860,10360
17/02/2023,36020,26820,11420,12360,52250,71110,35580,135550,14180,14470,16400,28040,10360
18/02/2023,36320,26690,11440,12390,49730,70540,35580,135550,14180,14230,16400,26990,10360
19/02/2023,35620,26820,11420,12390,50220,69560,35710,135550,14120,14170,16270,26990,10360
20/02/2023,34240,27310,11350,12280,51740,70480,35420,135550,14120,13410,16130,26740,10360
21/02/2023,33940,26440,11340,12320,49030,68470,35420,135550,14180,14040,16270,26740,10360
22/02/2023,36150,27840,11420,12360,50300,71790,35420,135550,14120,14100,16130,26990,10360
23/02/2023,34750,28140,11250,12250,50650,70520,35300,135550,14120,14040,16130,26490,10240
24/02/2023,35270,28230,11310,12430,48330,68530,35300,135550,14120,13980,16020,26490,10240
25/02/2023,34750,28230,11190,12240,48720,69910,35300,135550,14120,13910,16270,26490,10240
26/02/2023,34750,28510,11250,12190,48720,67270,35300,135550,14120,13910,16130,26490,10240
27/02/2023,34470,29250,11290,12190,45370,66600,35300,136810,14180,13970,16270,26610,10240
28/02/2023,33810,29010,11100,12190,44440,67890,35560,136810,14240,14030,16130,26610,10810
01/03/2023,33810,29120,11220,12190,44440,67140,35560,136810,14240,13970,16130,26300,10240
02/03/2023,34530,28730,11160,12390,40770,66740,35560,135550,14240,13910,15890,27610,10350
03/03/2023,34000,28290,11110,12310,41400,66230,34670,135620,14140,13980,15400,26480,10400
04/03/2023,34470,28840,11450,12080,40630,70810,35170,135550,14120,14100,15890,26300,10350
05/03/2023,34470,28270,11290,12460,42780,72680,35170,135550,14120,14040,16010,26600,10350
06/03/2023,35270,29270,11230,12460,42220,71700,35030,135550,14120,14640,16010,26490,10350
07/03/2023,36190,29670,11250,12390,40640,77850,34750,136810,14180,14100,16010,26490,10350
08/03/2023,35790,31900,11160,12390,42250,79090,34750,136810,14120,14570,15960,26560,10350
09/03/2023,35590,29650,11230,12460,44350,79800,34750,136810,14120,13850,15410,26750,10350
10/03/2023,35590,30490,11160,12390,42780,79000,34890,136810,14120,14140,15410,27000,10350
11/03/2023,34100,31710,11220,12390,46780,72550,34890,136810,14120,13970,15520,27240,10350
12/03/2023,35070,30550,11230,12460,42160,75940,35150,136160,14120,14090,15180,27230,10350
13/03/2023,35590,31100,11160,12520,43230,78040,34930,137430,14120,13850,15240,28390,10480
14/03/2023,35070,31620,11030,12070,41540,76790,36630,134200,14120,13850,15360,27990,10120
15/03/2023,34140,31350,11160,12220,40510,75520,36090,135550,14120,13970,15360,28040,10120
16/03/2023,35390,30810,11160,12220,40510,77420,36100,135550,14120,13730,15480,28350,10120
17/03/2023,34800,31370,11290,12530,42960,80000,35980,136810,14120,13970,15240,28980,10120
18/03/2023,34410,31370,11230,12530,42960,79320,36100,136810,14120,13610,15220,29230,10120
19/03/2023,34410,31370,11290,12530,43410,80610,35980,136810,14120,13910,15480,29230,10120
20/03/2023,34800,31620,11290,12530,43130,82430,36100,138710,14120,13730,15480,29360,10120
21/03/2023,35500,30430,11290,12410,39920,81840,35990,138620,14120,13610,15840,29480,10120
22/03/2023,36560,31370,11290,12350,40250,81840,36260,138620,14120,13730,15840,29360,10120
23/03/2023,36190,31020,11290,12350,40510,81180,36260,134820,14120,13850,15710,29610,10120
24/03/2023,35410,31300,11290,12410,43910,81220,36260,136720,14120,13670,15710,29490,10120
25/03/2023,33940,31070,11090,12270,47120,81800,35850,138620,14180,13730,15480,29860,10120
26/03/2023,34820,31550,11090,12270,43560,79120,35850,138620,14180,13730,15290,29860,10120
27/03/2023,33760,30140,11030,12270,39600,73320,35850,138620,14180,13730,15480,29730,10120
28/03/2023,33380,29620,10850,12270,38510,71450,35590,138620,14180,13730,15370,29360,10120
29/03/2023,33010,30380,10980,12220,36700,59330,35450,137990,14180,13730,15610,29490,10120
30/03/2023,33670,29440,10980,12270,36560,57520,35300,137990,14180,13850,15610,29360,10240
31/03/2023,34320,30720,10860,12350,39090,57050,35300,138620,14180,13790,15480,29230,10480
01/04/2023,34220,29900,11050,12410,38840,55920,35300,138620,14180,13600,15480,29110,10240
02/04/2023,33450,30030,10990,12410,37420,52670,35300,137340,14180,13850,15350,28990,10240
03/04/2023,33880,30140,11180,12410,35100,50730,35300,138620,14180,13730,15480,28610,10120
04/04/2023,33570,30140,11050,12350,35890,50710,35300,138620,14180,13610,15480,28730,10120
05/04/2023,34010,30720,10990,12410,35690,48920,35300,138620,14180,13730,15480,28480,10240
06/04/2023,33300,29620,11110,12390,33780,45110,35020,139910,14180,13730,15480,28230,10360
07/04/2023,33860,29620,11110,12220,34070,45930,35020,137340,14180,13730,15480,28220,10240
08/04/2023,33860,29730,11110,12340,34640,44960,35020,137340,14180,13790,15480,28220,10240
09/04/2023,32390,29060,11090,12340,33130,44780,34060,135360,14050,13790,15110,28060,10240
10/04/2023,32040,29980,11110,12340,34070,43160,35020,138620,14180,13790,15480,28220,10240
11/04/2023,31320,30300,11050,12340,33220,42210,35020,138620,14180,13610,15550,27840,10240
12/04/2023,33570,29470,11180,12660,35410,41320,35150,137340,14180,13730,15230,28100,10240
13/04/2023,33570,30290,11240,12660,35010,40430,35150,137340,14180,13850,15350,27490,10240
14/04/2023,35400,30630,10790,12830,35690,40050,35800,135550,14180,13670,15480,27490,10240
15/04/2023,35030,30370,11050,12590,33780,40050,35930,136810,14120,13730,15420,27300,10240
16/04/2023,34330,30160,11050,12520,35930,40640,36100,137430,14120,13790,15350,27240,10240
17/04/2023,35860,30880,10990,12450,39590,42500,35850,138620,14180,13850,15350,27670,10240
18/04/2023,37340,30990,10920,12560,43350,44200,36120,141120,14180,13980,15420,27480,10240
19/04/2023,39350,31730,11050,12560,44910,45330,37130,142340,14180,14170,15480,27740,10120
20/04/2023,39650,32180,10990,12380,49260,44670,38330,150970,14180,13980,15740,27620,10120
21/04/2023,41530,32460,11120,12450,50470,44670,38900,156100,14180,14100,15740,27680,10120
22/04/2023,40370,33390,11130,12390,51850,48680,40380,152910,13850,13910,15840,27630,10140
23/04/2023,40290,33960,10990,12450,52780,44760,39430,152510,14180,13860,15610,28050,10120
24/04/2023,40190,32110,11130,12300,49500,45370,39020,151300,14210,13990,15840,27850,10000
25/04/2023,42130,31840,11120,12450,46600,43470,38670,145430,14180,14100,15740,27490,10120
26/04/2023,43250,31020,11120,12450,37320,39600,37690,143500,14180,13860,15610,27230,10120
27/04/2023,41980,31620,11120,12510,35100,37620,37140,142440,14180,13860,15540,27480,10120
28/04/2023,40740,32240,11120,12450,31900,34310,37140,141790,14250,13800,15740,27490,10120
29/04/2023,39840,31130,11410,12310,31480,33300,37390,139820,14180,14030,15740,27360,10120
30/04/2023,39590,31360,11340,12310,32750,35150,36880,139820,14180,14090,15610,27360,10120
01/05/2023,39980,31490,11340,12310,31590,34640,36390,141120,14180,13730,15480,27360,10140
02/05/2023,40430,31900,11410,12310,32060,34820,36890,137990,14180,13730,15610,27490,10120
03/05/2023,39730,31330,11410,12310,30720,32120,36630,137340,14180,13670,15740,27800,10120
04/05/2023,39070,32140,11410,12310,30800,32120,36760,138620,14180,13730,15610,27550,10120
05/05/2023,39730,31880,11120,12630,29820,31700,36620,138620,14180,13730,15610,27620,10120
06/05/2023,40320,31270,11120,12630,29530,32750,36390,138620,14180,13730,15610,27860,10120
07/05/2023,40320,31610,11120,12700,30690,33300,36620,138620,14180,13980,15420,27860,10120
08/05/2023,40430,31250,11120,12630,31320,33500,36020,138620,14180,13730,15610,27860,10120
09/05/2023,42220,31940,11060,12630,33300,35770,36020,138620,14180,13730,15610,28300,10120
10/05/2023,41950,32560,10920,12570,33030,35410,35720,137340,14180,13920,15610,28860,10120
11/05/2023,42040,33200,11120,12630,34330,36700,35720,136720,14180,13980,15610,29480,10120
12/05/2023,42040,34040,11180,12690,33300,35190,36090,137340,14180,14400,15610,29490,10120
13/05/2023,40140,32650,11190,12630,33060,36700,36230,136720,14180,13980,15610,29730,10120
14/05/2023,40820,32930,11060,12630,32400,35990,35860,137340,14180,14030,15610,30090,10120
15/05/2023,41540,33380,11120,12690,31180,34910,35860,136720,14180,14330,15370,30850,10350
16/05/2023,39590,32190,11060,12690,31770,34970,36260,137990,14180,14200,15610,30960,10120
17/05/2023,40930,33200,11180,12750,31160,36640,36260,138620,14180,14170,15610,31480,10240
18/05/2023,40250,32390,11060,12630,31530,36230,36260,137340,14180,13970,15480,31480,9990
19/05/2023,40740,33980,11060,12690,30460,36870,36390,137340,14180,14030,15610,31360,9990
20/05/2023,40820,33650,11060,12700,29880,37800,36390,138620,14180,13800,15610,31480,9990
21/05/2023,40560,32460,11120,12630,30460,39190,36390,138620,14180,14280,15610,31360,10220
22/05/2023,40140,33600,11060,12630,29100,39740,36530,138620,14180,13730,15480,31840,10110
23/05/2023,40000,34300,11180,12770,29380,42590,37010,138620,14250,14090,15610,31670,10220
24/05/2023,39180,34820,11120,12630,29380,41580,36780,138620,14250,14030,15610,31740,10110
25/05/2023,39590,35500,11120,12640,31770,41470,37430,137340,14250,14030,15610,31610,10120
26/05/2023,40480,34360,11180,12700,30320,41460,37400,138620,14250,14030,15610,31490,10110
27/05/2023,40060,34420,11120,12700,30650,43500,37160,138620,14180,14280,15480,31490,9990
28/05/2023,39480,33940,11180,12700,31510,41350,37400,138620,14180,13900,15480,31610,10110
29/05/2023,41420,36230,11180,12830,30580,44150,37400,138620,14180,13540,15360,31610,9990
30/05/2023,40820,34720,11120,12830,30580,42930,37250,137340,14180,13540,15360,31560,10110
31/05/2023,40820,35520,10990,12690,30580,42310,37250,137340,14180,13540,15360,31490,9990
01/06/2023,40060,34720,11210,12770,31180,42930,36630,137340,14180,13670,15480,31370,9990
02/06/2023,40560,35270,11150,12830,30910,42770,36630,137340,14180,13540,15360,31120,10110
03/06/2023,39230,34640,11120,12710,31180,43550,36260,137340,14180,13790,15360,30990,10110
04/06/2023,40000,34940,11180,12770,31180,43630,36490,136160,14180,13790,15360,30860,10110
05/06/2023,39670,34720,11180,12770,31070,41530,37530,137340,14180,13850,15360,30860,9990
06/06/2023,39260,33980,11180,12770,32130,43270,37110,137340,14180,13790,15360,30610,9990
07/06/2023,39730,33650,11300,12770,32130,41530,37110,137340,14180,14030,15360,30870,10110
08/06/2023,39730,33650,11180,12830,32130,41870,37530,138620,14310,14030,15360,30610,10110
09/06/2023,38820,33500,11180,12770,31510,41870,36490,138620,14180,13790,15480,30360,10110
10/06/2023,39840,33650,11180,12770,32670,42920,37760,138620,14180,13850,15360,30360,10220
11/06/2023,39730,33430,11180,12770,32000,42220,37760,138620,14180,13790,15470,30360,10220
12/06/2023,39260,34180,11120,12770,31930,40070,37760,138620,14180,14030,15090,30360,10110
13/06/2023,39730,34180,11120,12640,31240,41260,37760,138620,14180,13850,15360,30360,10110
14/06/2023,39730,34180,11120,12640,31850,40280,37480,138620,14180,14030,15360,30230,10110
15/06/2023,39730,34300,11120,12770,31400,40330,37760,138620,14180,13850,15360,30230,10050
16/06/2023,39730,34300,11120,12710,30800,38570,37760,138620,14180,13790,15360,30110,10220
17/06/2023,39730,33520,11070,12770,31400,39660,37760,138620,14180,13790,15360,30230,10340
18/06/2023,39730,34300,11190,12770,31850,39760,37760,138620,14180,13790,15360,29860,10230
19/06/2023,39260,35850,11130,12770,30220,37720,38650,138620,14180,13670,15480,30110,10560
20/06/2023,38510,34300,11240,12890,31400,38340,38080,138620,14180,13790,15360,30110,10340
21/06/2023,40000,36700,10990,12500,29960,39660,38170,137340,14180,13790,15120,30110,10230
22/06/2023,39340,36560,11050,12450,32320,38470,38870,137340,14300,14260,15120,29860,10110
23/06/2023,38690,36230,11050,12450,31510,38380,37580,137340,14180,13790,15240,30120,10230
24/06/2023,39340,36690,10870,12380,32040,39120,39180,137340,14180,13790,15240,30120,10230
25/06/2023,40590,35860,10960,12320,33590,38950,39070,137340,14180,13790,15240,30370,10230
26/06/2023,39260,35860,11120,12700,35930,38050,39730,137340,14180,14030,15240,30110,10340
27/06/2023,39920,37800,11220,12890,39260,38690,41200,139820,14250,13790,15240,30490,10230
28/06/2023,41110,38040,11180,12830,39920,38840,41600,141030,14180,14170,15350,30500,10110
29/06/2023,39580,38420,11120,12700,41000,40590,42210,139820,14180,14040,15240,30560,10220
30/06/2023,39670,37720,11120,12700,39670,38590,41540,138530,14180,13790,15240,30430,9990
01/07/2023,39260,38130,11180,12830,40430,39550,42040,138530,14180,13790,15240,30430,10110
02/07/2023,39670,38130,11180,12950,40760,37970,41000,139820,14180,13790,15120,30430,10110
03/07/2023,40170,39520,11120,12830,39150,37290,39950,138530,14180,13880,15120,31680,10110
04/07/2023,38580,39980,11120,12890,37250,34710,40730,137340,14180,14260,15120,30800,10110
05/07/2023,39060,39190,11240,12830,36460,35120,41260,137340,14180,13790,15120,30550,10110
06/07/2023,37800,39220,11120,12760,36060,35560,41000,137340,13860,13790,15120,30610,10110
07/07/2023,36690,38000,11180,12830,35410,33270,40730,137340,14310,13790,15240,30610,10320
08/07/2023,36690,39910,11120,12830,35770,34120,40730,137340,14310,13790,15240,30740,10240
09/07/2023,36320,38900,11180,12830,36700,34040,40730,137340,14310,13790,15240,30740,10140
10/07/2023,35910,37760,11120,12830,33030,33800,40730,135970,14180,13670,15240,30610,10350
11/07/2023,35190,38660,11240,12830,33860,34430,40380,137340,14180,13900,15240,30500,10240
12/07/2023,35160,39730,11180,12830,34360,34780,40870,137340,14240,13790,15120,30620,10240
13/07/2023,35000,38410,11120,12830,33860,33800,39910,137340,14370,13790,15240,30620,10240
14/07/2023,34430,38730,11180,12830,34870,33710,39910,137340,14310,13790,15120,30750,10240
15/07/2023,33030,39210,11240,12830,34750,33330,39790,137340,14310,13790,15240,30740,10350
16/07/2023,33030,39150,11120,12760,34210,33070,40160,137340,14310,13790,15120,30740,10280
17/07/2023,33390,39120,11180,13010,34750,33230,40040,137340,14360,14000,15120,30740,10350
18/07/2023,31850,39330,11120,12890,31770,31770,40500,137340,14360,13540,15120,30870,10120
19/07/2023,30740,39230,11140,12880,32030,32030,40410,136970,14410,13480,15140,30850,10140
20/07/2023,30960,37710,11180,12890,32040,31790,40110,137340,14360,13540,14990,30870,10240
21/07/2023,30650,37710,11180,12890,31510,32400,40110,137340,14360,13770,15240,30740,10350
22/07/2023,31160,38340,11120,12890,31180,31240,40000,134720,14360,13660,14990,30740,10220
23/07/2023,30910,37940,11120,12890,31180,32040,39860,137340,14360,13660,15120,30740,9990
24/07/2023,30960,37710,11120,12890,31180,32130,39280,137340,14360,13540,15120,30870,10220
25/07/2023,30060,39090,11120,12950,30380,35410,39010,137340,14490,13420,15120,30870,10110
26/07/2023,31510,38340,11120,12890,31510,35410,39010,137340,14360,13540,15120,30740,10220
27/07/2023,31790,38010,11120,12890,32810,34600,38500,137340,14360,13910,15120,30870,10220
28/07/2023,31560,38340,11180,12890,31180,35010,37940,137340,14360,13660,15120,30870,10220
29/07/2023,31840,39090,11180,12890,31790,34470,37940,137340,14360,13770,15060,30870,10240
30/07/2023,31160,38100,11240,12890,31790,34240,37940,137340,14360,13540,14870,30870,10240
31/07/2023,31240,38100,11120,12890,33030,35010,37940,137340,14360,14100,15120,30990,10350
01/08/2023,31240,38590,11120,13010,34240,39740,37660,137340,14360,13420,15120,31370,10120
02/08/2023,30740,38670,11140,12950,35570,38460,37340,136970,14410,13480,15140,31200,10140
03/08/2023,31510,38190,11120,12960,35500,39660,37660,137340,14360,13660,15120,31170,10350
04/08/2023,30380,38160,11240,12960,34910,38980,37400,137340,14420,13660,15120,30990,10350
05/08/2023,30380,37460,11240,12960,34140,37680,37960,137340,14420,13660,15120,30800,10120
06/08/2023,30380,37460,11240,12960,35390,38180,36790,137340,14150,13660,15120,30920,10400
07/08/2023,29130,38590,11300,13020,33860,40310,36180,137340,14360,13630,15120,31050,10240
08/08/2023,29380,37550,11040,12900,34910,39430,36790,137340,14420,14010,14990,30800,10120
09/08/2023,28720,36270,11240,12620,32950,38780,34690,134720,14150,13620,14730,30220,9990
10/08/2023,29960,36610,11360,12960,33030,39060,37400,137340,14420,13620,15060,30480,10350
11/08/2023,29130,37950,11420,12960,30880,40170,37400,137340,14490,13880,15120,30480,10180
12/08/2023,29960,36610,11360,12960,35590,39700,37400,137340,14420,13940,15120,30610,10350
13/08/2023,29380,36830,11300,12830,34820,39080,37400,137340,14420,13880,15060,30480,10350
14/08/2023,29130,36250,11300,12960,35100,40430,37400,137340,14550,14260,15120,30480,10350
15/08/2023,28410,35540,11300,12780,36190,43150,37660,137340,14420,13890,15120,29970,10240
16/08/2023,28680,36600,11420,12710,35500,43250,37900,137470,14420,13940,15120,30040,10350
17/08/2023,29530,36470,11230,12710,35620,41760,37900,137340,14420,14000,15060,29970,10350
18/08/2023,28970,36470,11420,12710,35960,41860,38180,137340,14360,13940,15120,29730,10350
19/08/2023,28320,36390,11360,12710,36320,42080,38180,137340,14230,13940,15060,29730,10350
20/08/2023,28460,36700,11360,12710,37200,43730,38180,137340,14190,13940,15120,29600,10350
21/08/2023,28170,36840,11420,12710,38790,42770,37690,137340,14360,14000,15060,29210,10350
22/08/2023,25990,36940,11420,12770,39150,43920,37690,137340,14360,13880,15240,28600,10240
23/08/2023,25680,36940,11550,12840,39840,42090,38190,138620,14360,13890,15240,28850,10120
24/08/2023,25900,36940,11490,12840,40370,42590,38190,138620,14360,14010,15120,28600,10120
25/08/2023,26920,36230,11600,12840,40700,38600,38070,138620,14150,14000,15240,28850,10350
26/08/2023,26080,36410,11550,12820,39920,39130,38380,138420,14270,13870,15210,28690,10400
27/08/2023,25260,36790,11550,12820,41520,38790,37650,138420,14100,13870,15140,28540,10140
28/08/2023,25460,37950,11600,12900,40970,38220,37690,138620,14360,13880,15060,28220,10120
29/08/2023,24750,36070,11600,12970,42990,38130,37940,138620,14270,13880,15060,27960,10120
30/08/2023,25100,37070,11830,13200,41720,39050,37940,138620,14420,13820,15060,27600,10250
31/08/2023,23820,36460,11830,13120,44630,38280,37940,138620,14490,13570,15060,26320,10240
01/09/2023,24970,35320,11840,13000,40510,37550,37940,138620,14210,14000,15060,26690,10350
02/09/2023,26020,37250,11840,13000,42000,38280,37690,138620,14420,13750,14990,26570,10220
03/09/2023,24970,36000,11780,13000,40450,38470,37690,138620,14490,13750,14990,26570,10220
04/09/2023,24070,35790,11900,13330,39260,36800,37070,138620,14490,13690,15060,26220,10220
05/09/2023,23940,35270,11960,13390,37340,36800,36950,138620,14490,13570,15060,27240,10110
06/09/2023,23940,35640,12020,13450,36520,36440,37420,138620,14290,13520,14930,27370,10110
07/09/2023,23940,35890,12270,13450,35930,35500,37970,138620,14490,13570,15060,27370,9990
08/09/2023,23940,35760,11960,13330,35340,34910,36520,138620,14420,13750,14990,27370,10220
09/09/2023,24100,35270,11840,13390,35340,34910,36790,138620,14420,13750,14870,26870,10220
10/09/2023,24100,33650,12030,13390,33320,34600,36790,138620,14420,13750,14870,27250,10220
11/09/2023,23280,35270,12150,13460,33590,34820,36180,138620,14550,13750,14870,27240,9990
12/09/2023,23940,35960,12150,13520,32790,35500,38240,138620,14550,13690,14870,27180,9990
13/09/2023,22880,35270,12210,13650,34240,35500,39320,138620,14490,13570,14930,27180,10110
14/09/2023,23820,35640,12210,13650,33860,35190,39320,138620,14490,13570,14930,27180,10110
15/09/2023,23810,35640,12280,13710,32580,33940,38500,138620,14490,13690,14870,26990,10110
16/09/2023,22880,35640,12070,13890,33590,33590,38500,138620,14420,13690,14930,26990,10110
17/09/2023,23750,34600,12400,13960,32670,34260,38750,138620,14610,13750,14800,26860,10220
18/09/2023,23150,34040,12530,14200,32830,34780,37800,138620,14610,13750,14930,26350,10110
19/09/2023,23680,35400,12530,13370,33300,35030,37800,138620,14740,13940,14870,26610,9990
20/09/2023,23580,35290,13240,13670,32090,35000,37930,139880,14660,13160,14740,26500,10140
21/09/2023,24350,34690,12270,13770,33860,34820,37800,137430,14610,13750,14990,26490,10220
22/09/2023,22880,35490,12660,13660,33490,34140,37940,138620,14740,13630,15060,26300,10110
23/09/2023,22640,35360,12290,13960,34820,35590,37530,138620,14740,13570,15060,26060,10110
24/09/2023,23790,36350,12260,14030,36750,35670,37930,138420,14840,13340,15070,26210,10500
25/09/2023,22880,35660,12360,13910,37390,37320,36790,138620,14740,13750,14870,26180,9990
26/09/2023,23710,34670,12340,13910,36540,35690,35470,138620,14730,13620,14980,26050,10350
27/09/2023,22250,34780,12470,14030,38510,36700,37130,138620,14790,13740,14930,27360,10240
28/09/2023,23810,35060,12410,13910,37870,35410,35640,138620,14790,13620,14870,25680,10240
29/09/2023,23520,35360,12340,13840,38750,36090,37130,138620,14660,13620,14620,25800,10120
30/09/2023,23430,34570,12340,13840,37380,35100,37130,138620,14730,13620,14870,25420,10400
01/10/2023,22880,34570,12280,13780,38330,36350,37020,138620,14320,13620,14870,25670,10350
02/10/2023,22510,34950,12340,13840,39150,38260,37680,138620,14790,13620,14740,25680,10400
03/10/2023,23430,35640,12410,13840,38340,41530,37720,138620,14850,13560,14740,25480,10280
04/10/2023,23150,36050,12340,13840,39090,40330,36520,138620,14850,13560,14740,25490,10120
05/10/2023,23150,33080,12340,13780,38180,40670,37830,138620,14610,13620,14430,25490,10350
06/10/2023,23460,33260,12410,13840,38450,39980,36040,138620,14670,13620,14740,25730,10240
07/10/2023,23250,35660,12390,13890,38230,41830,37360,138420,14700,13500,14770,26240,10140
08/10/2023,21790,32450,12340,13840,37970,39940,37830,138620,14670,13680,14800,25960,10350
09/10/2023,23020,33060,12340,13840,38450,40840,37690,138620,14790,13230,14800,25700,10350
10/10/2023,22640,33000,12340,13910,36700,40720,37560,138620,14730,13620,14740,25570,10220
11/10/2023,22590,35310,12690,13970,36510,44090,38090,138420,14840,13620,14770,25800,10120
12/10/2023,22640,32940,12220,13910,39260,43470,37560,138620,14800,13370,14740,25700,10220
13/10/2023,22510,34090,12290,13840,38960,44050,37410,138620,14800,13400,14800,25700,10220
14/10/2023,23400,36290,12420,13960,40090,46000,37410,138620,14920,13510,14920,26030,9990
15/10/2023,22250,34650,12290,14030,39990,45330,37560,138620,14740,13450,14800,25230,9990
16/10/2023,22580,35590,12410,14150,39920,46550,37010,138620,14860,13340,14800,24870,10110
17/10/2023,21960,35960,12410,14150,40330,49970,37010,138620,14920,13080,14740,24870,10110
18/10/2023,22250,35190,12350,14090,40480,48540,37140,138620,14990,13080,14670,25110,10120
19/10/2023,23550,34400,12350,14030,39490,47200,37140,138620,14800,13400,14670,25250,9990
20/10/2023,21960,35330,12410,14150,40220,49970,36900,138620,14920,13210,14670,25060,10110
21/10/2023,23200,33870,12230,13920,42710,52670,36770,138620,14860,13150,14800,25180,10220
22/10/2023,22250,35330,12410,13920,42360,53340,36670,138620,14990,13450,14740,25060,10110
23/10/2023,22880,34650,12410,14040,40840,55400,37010,138620,14850,13400,14670,25180,10220
24/10/2023,22070,35200,12490,14040,41110,66040,37140,138620,15100,13700,14800,24990,10110
25/10/2023,21460,32820,12490,14040,41660,66770,37140,138620,14980,13210,14740,25060,10110
26/10/2023,24490,34570,12430,13910,44090,65340,36900,138620,14850,13450,14740,25120,10220
27/10/2023,23980,33700,12350,13920,44120,66500,37000,138620,14850,13400,14740,25120,9990
28/10/2023,22990,33870,12600,14180,46210,66380,37000,138620,15220,13210,14670,25110,10110
29/10/2023,24270,34650,12540,14120,47560,69550,36760,138620,14850,13580,14740,25120,10220
30/10/2023,23810,35330,12540,14120,50150,72860,36900,138620,14850,13460,14740,25120,10380
31/10/2023,24530,34760,12540,14120,59290,74320,36390,138620,14850,13400,14740,25120,10270
01/11/2023,25260,33160,12550,14210,60840,77540,37060,138420,14910,13460,14700,24990,9990
02/11/2023,25460,35330,12480,13990,59940,75580,36530,138620,14970,13280,14740,25110,10250
03/11/2023,26550,34650,12540,14120,62710,82650,36900,138620,14970,13400,14740,25120,10110
04/11/2023,25520,33620,12410,14060,64570,84880,36480,139900,14830,13120,14570,26070,10250
05/11/2023,26360,35920,12480,14120,64800,85850,36670,138620,15220,13580,14910,25250,10420
06/11/2023,27010,34360,12480,14120,65230,62960,36900,138620,14970,13400,14780,25500,10220
07/11/2023,26270,33870,12540,14120,67140,81030,36670,138620,15290,13210,14670,25990,10220
08/11/2023,26500,35330,12600,14180,68960,81640,36670,138620,15590,13150,14780,26240,10110
09/11/2023,27010,34270,12480,14120,70870,81480,36900,138620,14920,13210,14650,26230,9990
10/11/2023,27540,34520,12540,14120,68160,81290,36900,138620,15190,13400,14660,26490,9990
11/11/2023,27010,35960,12480,14120,69700,82010,36670,135970,15190,13640,14580,26240,10110
12/11/2023,26870,35340,12410,13960,75860,81130,36480,139900,15110,13190,14570,26480,10120
13/11/2023,29070,34260,12540,14160,70300,79920,36870,134720,15220,13400,14740,26800,10220
14/11/2023,28970,35700,12660,14220,73210,84110,37000,137340,15590,13380,14780,27110,10110
15/11/2023,29380,34750,12540,14160,72140,85290,37040,137340,15700,13640,14540,26980,10440
16/11/2023,30690,34620,12540,14160,71610,84550,37000,137340,15630,13340,14780,26990,10220
17/11/2023,29920,34490,12630,14160,73640,83440,37000,136080,16030,13630,14920,27240,9720
18/11/2023,29880,34770,12600,14220,74180,85940,37000,136080,15760,13400,14670,26860,10110
19/11/2023,30020,34490,12540,14220,74870,83770,36870,135460,15830,13400,14670,26990,10220
20/11/2023,29350,33830,12540,14220,73370,85130,36760,135460,15620,13400,14780,27060,10340
21/11/2023,30040,33760,12660,14220,77380,89630,36870,134820,16340,13400,14800,27240,9990
22/11/2023,30860,33600,12660,14220,75930,91740,37140,135460,16010,13460,14910,27110,10220
23/11/2023,30380,33120,12600,14220,71990,90740,37140,136080,16070,13460,14850,27110,10110
24/11/2023,30650,33890,12600,14220,74610,90040,37140,135460,16070,13400,14780,27110,10110
25/11/2023,29800,34550,12720,14340,77720,91670,37140,134720,16470,13400,14910,27430,9990
26/11/2023,29770,34480,12620,14250,76960,90540,36590,135520,16550,13470,14770,27420,9990
27/11/2023,29770,34460,12620,14250,74120,90540,36250,135520,16550,13540,14910,27140,9990
28/11/2023,30120,33860,12540,14220,75210,90910,36430,137340,16740,13660,14970,27120,10340
29/11/2023,29800,34800,12660,14340,80920,93480,36430,137340,16870,13600,14900,27240,10110
30/11/2023,29800,34800,12660,14340,83750,92510,36430,137340,16870,13600,14900,27240,10110
01/12/2023,29300,33730,12620,14180,84330,89730,35950,138420,16920,13320,14890,27280,10280
02/12/2023,30110,34290,12660,14340,82810,89720,36430,137340,16670,13660,14970,27120,10220
03/12/2023,29800,34090,12780,14340,83380,90940,36430,137340,16800,13770,15030,27120,10110
04/12/2023,29380,33760,12660,14340,84540,90470,36570,136080,16800,13410,14900,27240,10110
05/12/2023,30380,34140,12660,14340,87980,94750,36430,137340,16930,13600,15030,27120,9990
06/12/2023,28460,33110,12660,14340,88720,95730,36460,136080,16930,13600,14900,27110,10110
07/12/2023,30630,34550,12780,14280,87560,71510,36460,137340,16930,13830,15030,26740,10110
08/12/2023,30380,34550,12720,14340,84580,71030,36460,136080,16930,13540,14660,26740,10110
09/12/2023,30630,33960,12720,14340,85850,93590,36230,136080,16520,13670,15100,27050,10110
10/12/2023,31080,34670,12720,14340,85890,96590,36170,135460,16930,13540,15160,26930,10110
11/12/2023,30740,34480,12830,14460,86850,68790,35120,134100,17070,13800,14920,26850,10120
12/12/2023,30880,34530,12720,14340,79060,92960,36460,133580,16930,13540,15160,26860,9990
13/12/2023,30740,35100,12720,14460,74090,90730,36690,133140,17080,13400,14740,26820,9980
14/12/2023,31130,34760,12840,14450,74590,90540,36730,133580,16930,13610,15160,26860,10110
15/12/2023,31130,34760,12840,14450,71820,89800,36730,133580,16930,13540,15280,27050,10110
16/12/2023,31600,34220,12840,14390,70380,87920,36730,134820,16520,13670,15210,26930,10110
17/12/2023,30590,33610,12840,14330,67720,87740,36730,133580,16520,13670,15150,26800,10220
18/12/2023,31400,34350,12750,14450,65280,87670,36280,134100,15320,13420,14890,26920,10120
19/12/2023,30650,34090,12890,14450,63420,83460,34570,134100,16620,13630,15110,26980,10250
20/12/2023,32520,34780,12840,14450,61480,80780,34840,133580,16930,13670,14900,26990,10110
21/12/2023,34020,34350,12750,14450,61180,81880,34030,134100,16920,13420,14750,26840,10120
22/12/2023,34140,35010,12910,14450,61480,81980,35130,133580,16930,13670,14900,26740,10110
23/12/2023,33140,34340,12840,14390,61780,79750,35340,134820,16520,13790,15080,26860,10220
24/12/2023,32250,33930,12660,14390,64120,82400,35500,134820,16800,13790,14970,26740,10220
25/12/2023,32660,33990,12840,14390,63980,84720,35730,134820,16520,13980,15030,26620,10220
26/12/2023,33210,33940,12840,14330,65220,83340,35150,136080,16800,13850,15150,26680,10220
27/12/2023,33850,35740,12840,14330,62600,84930,33740,133580,16930,13740,15280,26740,10110
28/12/2023,32960,34660,12750,14410,63320,81460,34650,134100,16850,13910,15320,26560,10250
29/12/2023,34880,35280,12840,14330,63430,81510,35080,134820,16800,13800,15150,26610,10330
30/12/2023,34060,35280,12840,14330,62680,80690,35200,133580,16800,13800,15210,26740,10220
31/12/2023,34060,35280,12840,14330,61260,80240,35080,134820,16800,13860,15210,26620,10220
01/01/2024,34540,34950,12680,14310,59620,81210,34740,134820,16770,13700,14810,26420,10310
02/01/2024,36250,36410,13130,14520,66520,86310,35440,134100,16920,13980,15470,26560,9990
03/01/2024,35500,36990,12840,14450,70890,83610,34600,133580,16990,13670,15410,26310,10110
04/01/2024,35860,36470,12840,14330,69260,84450,34610,132430,17120,13670,15410,26180,10110
05/01/2024,35100,36360,12840,14450,69740,83450,34740,134210,16860,13670,15410,26000,10110
06/01/2024,34910,35790,12840,14390,64410,75900,35360,134210,16860,13790,15350,26120,10220
07/01/2024,34240,36200,12710,14330,64580,69460,35590,135460,16730,13970,15290,26120,10220
08/01/2024,34970,36790,12750,14380,65520,63120,33730,134820,16990,13630,15200,25990,10120
09/01/2024,34560,37180,12840,14450,65460,64020,35200,134840,16990,13790,15410,26120,10110
10/01/2024,33060,37180,12840,14450,66600,60720,34840,135480,16990,13730,15410,26310,9870
11/01/2024,33520,34950,13040,14600,64830,60420,36020,134120,16670,13980,15120,26560,10110
12/01/2024,33070,36830,12820,14380,63420,59920,35150,134220,16850,13770,15470,25990,9850
13/01/2024,31220,36530,12840,14390,61170,58840,34840,132450,16870,13850,15410,25870,9870
14/01/2024,31320,36280,12840,14390,60510,61980,35200,133690,16470,13790,15410,25860,10100
15/01/2024,30050,36660,12910,14520,64210,58210,34840,132450,16870,13730,15360,25740,9870
16/01/2024,30030,36540,12910,14430,62930,57390,35510,131140,16810,13910,14900,26780,9870
17/01/2024,30150,36660,12780,14400,62300,58980,35760,132450,16470,13910,15410,26120,9990
18/01/2024,30130,37010,13190,14780,60940,54130,35630,134390,16890,13860,15420,25770,10090
19/01/2024,27490,38090,13080,14680,58190,49760,35340,133270,16890,13760,15420,25770,9880
20/01/2024,28640,38520,13000,14530,59340,51380,36400,133820,16650,13970,15470,26170,10360
21/01/2024,28710,36480,13110,14380,59180,52310,35840,133700,16670,14070,15480,26280,10170
22/01/2024,27940,37030,12980,14650,61680,49860,35610,133070,17000,13840,15560,26570,10090
23/01/2024,28540,37340,13130,14670,67530,48620,36170,133590,16750,13930,15350,26990,10260
24/01/2024,28810,37110,13200,14710,67330,49120,36400,134360,16750,14090,15390,26990,10260
25/01/2024,27510,38030,13200,14670,64400,48860,36010,133590,17040,14170,15220,27070,9950
26/01/2024,27920,37110,13160,14670,63450,52670,36380,134360,16790,14090,15180,26990,10110
27/01/2024,27300,37650,13190,14730,62820,49250,36490,134260,17040,14200,15250,26820,9940
28/01/2024,28250,37370,13250,14640,59870,48780,35950,134260,16750,14290,15300,26860,9870
29/01/2024,27400,36620,13250,14770,62490,49310,35670,133790,16790,14170,15180,26840,10090
30/01/2024,26650,37670,13280,14950,61880,48360,36590,134950,17040,14160,15180,26860,10040
31/01/2024,26410,37310,13310,14920,60520,49550,36320,133790,17040,14210,15430,26960,10030
01/02/2024,26890,36950,13160,14770,59810,50170,36460,133790,16790,14210,15240,26920,10090
02/02/2024,27020,37430,13310,14920,61430,50070,36320,134180,16830,14320,15070,26960,10090
03/02/2024,27360,36560,13220,14750,62120,47970,35680,133700,16820,14350,15420,27040,9880
04/02/2024,27500,36670,13590,15040,64770,49260,35650,131650,16700,14150,15570,27000,10070
05/02/2024,29790,37130,13420,14740,67430,49950,36970,134070,17010,14820,15330,27050,10450
06/02/2024,28200,37400,13810,15250,68140,47370,35660,133580,17040,14350,15530,27040,9870
07/02/2024,28810,36680,13870,15280,64100,48470,36900,133790,16860,14170,15290,27300,10240
08/02/2024,28830,36900,13980,15220,65050,48440,36980,133280,16740,14410,15270,27240,10200
09/02/2024,29080,36260,14180,15260,65400,48180,36220,134490,16750,14540,15700,27090,10010
10/02/2024,29740,34900,13910,15140,62550,52150,36850,135290,16240,14190,15010,27200,10150
11/02/2024,29370,36560,13890,15240,67090,52310,36130,134940,16770,14410,15730,27290,9940
12/02/2024,30410,37130,14250,15330,69800,55570,36420,134040,17040,14580,15760,27590,9840
13/02/2024,30000,36260,14540,15530,69460,53890,37310,133030,17110,14410,15710,27570,10130
14/02/2024,29270,36400,14500,15940,68080,55060,36930,133030,16860,14380,15880,27500,10420
15/02/2024,29860,36790,14900,16290,73990,65480,37230,133410,17110,14290,15630,27830,10130
16/02/2024,31070,35940,14840,16170,77410,72200,36660,132860,16890,14510,15590,28190,10220
17/02/2024,30530,36440,14540,16100,79490,77740,36370,134490,16460,14560,15620,28260,9920
18/02/2024,30930,36440,14590,16140,77120,75870,36830,134490,16760,14560,15620,28300,9760
19/02/2024,30450,35640,14720,16270,77970,70540,35670,134180,16870,14320,15440,28330,10230
20/02/2024,29840,36410,14870,16380,79520,73200,36660,133700,17130,14340,15560,28570,10060
21/02/2024,31420,35800,14730,16160,77870,71110,36780,133700,16910,14390,15590,28570,10140
22/02/2024,31480,36530,14680,16450,80800,71550,37250,133030,16870,14470,15700,28680,10200
23/02/2024,29420,36040,14620,16130,76920,71880,35900,133440,16730,14220,15630,28390,9910
24/02/2024,31690,35650,14980,16350,79990,73360,37260,133410,16870,14470,15700,28830,10200
25/02/2024,31370,36410,14890,16490,78630,72000,37540,134110,16860,14290,15520,29320,10150
26/02/2024,31380,35690,15010,16320,81610,62520,36940,132210,17120,14350,15600,29760,10030
27/02/2024,31050,35330,14900,16560,78770,73430,37500,133790,16870,14550,15670,29600,10140
28/02/2024,29990,35840,15080,16360,77050,71970,36780,133410,17120,13880,15720,29670,10230
29/02/2024,29920,36060,15000,16710,72790,69720,37380,132590,17120,14390,15600,30530,10380
01/03/2024,30450,36300,14990,16690,71780,70230,37560,133410,17120,14430,15740,30460,10140
02/03/2024,30400,36120,14680,16270,69520,66980,36700,133440,17060,14570,15980,30290,9880
03/03/2024,30500,36530,14680,16260,69330,68600,36890,134490,16810,14650,15790,30270,10060
04/03/2024,29850,36350,14710,16740,67940,65100,37420,132200,17170,14630,15530,30550,10480
05/03/2024,29830,36310,14630,16420,69520,68190,38040,133410,17040,14390,15740,30460,10250
06/03/2024,29350,36840,14590,16380,68110,69350,38780,133800,17120,14070,15890,30680,10450
07/03/2024,29720,36960,14700,16400,67080,68180,39230,134480,16930,14440,15660,30660,10290
08/03/2024,30220,36530,14530,16290,67220,69250,39950,134090,16930,14590,15770,30810,10260
09/03/2024,30580,37690,14820,16020,67710,66120,38790,135830,16810,14880,15980,30650,10070
10/03/2024,29750,37100,14450,16080,67430,66740,39110,134830,16720,14750,15750,31810,10190
11/03/2024,30320,37630,14620,16170,68460,66900,40040,135250,16870,14680,15760,30940,10280
12/03/2024,30320,36820,14600,16340,71350,65340,40150,134840,16930,14630,15780,30750,10340
13/03/2024,30140,37270,14530,16320,77870,71080,39760,134840,17140,14510,15900,30880,10250
14/03/2024,30310,37130,14400,16280,73550,70120,39680,134840,16970,14580,15660,30880,10280
15/03/2024,30510,38660,14270,16300,75700,69010,40070,135230,17990,14670,15820,30880,10210
16/03/2024,30160,38170,14240,16010,70260,66560,39210,136330,16750,14720,15720,30950,10170
17/03/2024,30880,37680,14350,16290,61360,60610,38830,134830,16770,14790,15790,30990,10080
18/03/2024,31420,38350,14310,16280,61550,58820,39290,136390,17140,14710,15820,31310,10330
19/03/2024,30640,38690,14080,16210,54980,54170,39680,135610,17140,14670,15710,31140,10330
20/03/2024,30370,38600,14280,16210,54160,54500,39120,135610,17140,14670,15820,31070,10330
21/03/2024,32640,38640,14200,16090,50010,51780,39200,138260,17140,14770,15820,31140,10330
22/03/2024,29990,39560,14200,16090,49160,53340,39430,138260,17140,14800,15890,31070,10330
23/03/2024,28820,38950,14010,16100,48550,52560,39080,136680,16810,15060,15290,31370,10800
24/03/2024,29380,38980,14250,15900,45520,44890,39200,135740,16830,14820,15790,30890,10160
25/03/2024,30350,38630,13960,16020,42500,46300,38970,136090,16920,14950,15480,30980,10430
26/03/2024,30550,39590,13970,15910,42380,45780,39530,135610,16850,14730,15700,30350,10360
27/03/2024,30710,39870,13860,16230,39690,41690,39130,134420,16770,14620,15710,29880,10620
28/03/2024,31840,39980,13890,16110,40000,43540,39120,135610,16930,14550,15740,29740,10480
29/03/2024,31720,40030,13730,15870,36560,39020,38670,135650,17070,14960,16070,29470,10070
30/03/2024,32170,39610,13710,15890,41190,42680,39610,135340,16790,14850,15710,29350,10190
31/03/2024,31690,38590,13740,15890,41310,42300,38500,136890,16750,15280,15840,29410,10170
01/04/2024,32800,39160,13670,15770,39530,41380,39120,136750,16930,14630,15780,29170,10400
02/04/2024,33630,39480,13730,15830,40900,42790,39660,136900,16840,14870,15760,29090,10130
03/04/2024,34090,38500,13450,15720,39730,41360,39590,137840,17230,15010,15820,28920,10230
04/04/2024,39390,40110,13210,15680,40070,41450,39720,137990,17050,14940,16020,29050,10360
05/04/2024,40300,40750,13300,15570,42560,40100,39250,141790,17290,15210,16260,28540,10200
06/04/2024,41390,39900,13790,15840,45620,43150,40350,139660,17030,15020,16260,30080,10230
07/04/2024,45490,38950,13910,15840,53110,54120,40060,143030,17030,14700,16120,28270,10270
08/04/2024,47590,38220,13700,15490,54130,52190,39420,146040,16820,14910,16180,28540,10250
09/04/2024,48180,40660,13570,15300,52400,53590,42140,150290,16800,15150,16090,28590,10460
10/04/2024,,,,,,,,,,,,,
11/04/2024,,,,,,,,,,,,,
12/04/2024,49660,40300,13620,15820,51130,49730,42250,145930,17290,14840,16410,28980,10100
13/04/2024,52010,38590,13830,15860,47500,45480,42160,139280,16730,15210,16150,29620,10340
14/04/2024,51560,41270,13680,15840,44720,44980,40430,137370,16970,15120,16510,29080,10270
15/04/2024,56120,40820,13300,15200,42190,43780,39480,138210,16970,15160,16030,29090,10300
16/04/2024,56910,41140,13490,15410,38230,38370,40220,138010,17350,14990,16420,28440,10330
17/04/2024,59950,41730,13270,15520,36880,39810,40150,141690,18180,15220,16180,28370,10480
18/04/2024,61590,41410,13420,15660,37860,39600,39650,138610,17460,15170,16630,28390,10440
19/04/2024,61320,40850,13140,15360,36540,39160,39180,138580,17540,15120,16640,28730,10360
20/04/2024,59080,39590,12970,15080,37940,39580,38870,137610,17110,15370,16560,28520,10090
21/04/2024,62210,41230,13180,15040,39520,41270,38560,137850,17210,15250,16620,28580,10270
22/04/2024,62130,40260,13240,15450,37540,40200,39390,138310,17540,14990,16780,28060,10480
23/04/2024,59830,41410,13300,15360,39090,39960,38290,136540,17390,15080,16640,28150,10230
24/04/2024,61150,41450,13300,15240,38950,41150,38410,138180,18010,15210,16920,27740,10390
25/04/2024,61440,41810,13250,15060,42280,41100,38040,137820,17920,15140,17000,27750,10520
26/04/2024,60190,41360,12910,15090,42310,41140,37360,137390,17800,15010,16870,27910,10230
27/04/2024,61380,40250,12760,14970,37400,39420,37640,137370,18010,15380,16620,28000,10180
28/04/2024,61380,40250,12720,14830,50770,39530,37540,138320,18160,15380,16910,28000,10280
29/04/2024,58980,40400,12650,15020,48470,37840,36710,137150,18160,15190,16820,28060,10250
30/04/2024,58330,40390,12990,14840,56630,41540,37370,134490,18060,15350,16830,28310,10390
01/05/2024,55100,40080,12690,15190,56090,42700,36240,134440,17790,14880,16950,28150,10270
02/05/2024,55580,40210,12720,15150,56190,39660,36390,134490,18130,14890,17330,28490,10170
03/05/2024,55100,40600,12180,14630,56760,39580,36360,134920,18320,15180,17240,28820,10350
04/05/2024,54530,40540,12810,14970,55770,37360,36430,135950,18360,15230,17220,29340,10280
05/05/2024,53200,40450,12700,14780,57840,35750,37220,135950,18420,15010,16850,29530,10370
06/05/2024,49950,40780,12530,14630,54850,38930,37620,135700,17960,15050,16720,29520,10440
07/05/2024,50690,41250,12370,14750,51400,39000,38040,135760,17960,15130,16990,29450,10420
08/05/2024,51170,40920,12560,14420,51470,37960,37850,135930,18380,15170,16910,29530,10500
09/05/2024,48930,40440,12410,14370,50400,36520,37970,136420,18090,15380,16910,29540,10370
10/05/2024,49540,40840,12370,14470,46710,35310,37870,135380,18530,14920,17110,29530,10170
11/05/2024,48460,39300,12430,14230,49060,36170,37860,136420,17990,14910,16610,29490,10370
12/05/2024,48130,40790,12280,14430,46690,36320,37690,135830,18080,14870,16740,29400,10250
13/05/2024,46490,40800,12520,14660,46690,35890,38440,135700,18330,14970,16660,29600,10290
14/05/2024,47780,41050,12750,14550,42440,34940,38560,136190,18400,15100,16530,29780,10390
15/05/2024,48890,40720,12340,14550,43040,34400,36910,135350,18400,14970,16720,29820,10310
16/05/2024,47530,41450,12840,14510,43480,35650,38460,136190,18070,15000,16450,29700,10310
17/05/2024,48210,41060,12470,14770,40860,34430,38640,135770,18610,14760,16590,29950,10310
18/05/2024,47290,41560,12360,14470,41390,33960,38760,135420,18430,14760,16820,29690,10370
19/05/2024,47710,40790,12380,14430,42900,33180,37430,135830,18390,14780,16610,29540,10180
20/05/2024,49160,40590,12330,14510,45340,35240,38150,135380,18440,14870,16650,29630,10170
21/05/2024,49250,40790,12470,14590,42820,33600,36780,135320,18520,14890,16700,29450,10250
22/05/2024,47780,41130,12500,14710,44670,35370,37860,135350,18000,14800,16580,29410,10390
23/05/2024,46360,40670,12260,14470,46190,36080,37340,135420,17900,14760,16810,29340,10200
24/05/2024,45420,40630,12680,14190,48350,38660,38360,136940,17940,14970,16770,29340,10370
25/05/2024,46010,40080,12470,14610,45250,35430,38230,136290,18260,14690,16700,29400,10340
26/05/2024,47950,40570,12410,14510,44480,36350,38050,135830,18080,14780,16700,29220,10180
27/05/2024,47600,40520,12300,14460,44780,35920,38040,135350,18320,14800,16590,29160,10230
28/05/2024,48040,40900,12920,14400,52060,39160,38550,136380,18410,15040,17020,29280,10120
29/05/2024,48180,41050,12500,14730,51700,36210,37880,136090,17690,14810,16850,29030,10290
30/05/2024,46740,40610,12270,14590,50390,34890,38200,136600,18320,14890,17030,28950,10230
31/05/2024,47310,41090,12390,14670,50660,36440,38040,136190,18400,14890,16670,28950,10230
01/06/2024,45420,39620,12520,14420,52730,39000,37850,137440,17830,14920,16670,28740,10310
02/06/2024,45910,40150,12170,14510,49990,36920,37960,136420,18280,14710,16730,28640,10180
03/06/2024,43910,40130,12250,14640,48740,39450,38140,136290,18260,14640,16760,28800,10250
04/06/2024,43540,40510,12380,14670,50160,39490,38130,136190,18240,14760,16680,28740,10380
05/06/2024,42190,40070,12460,14750,47770,40130,35830,135770,18060,14610,16640,28530,10360
06/06/2024,42630,39950,12320,14720,46560,37250,38360,136940,18540,14110,16780,28380,10180
07/06/2024,42330,40480,12390,14700,46220,36420,37800,135700,18220,14640,16830,28290,10210
08/06/2024,41590,39850,12210,14780,49240,37510,36840,138080,18430,14480,16740,28350,10110
09/06/2024,40170,41360,12590,14860,50810,42220,37290,137730,18050,14720,16640,28100,10200
10/06/2024,41100,39960,12310,14720,48180,39280,37830,137030,18120,14870,16780,28280,10310
11/06/2024,40160,40480,12340,14800,50120,41820,37790,136870,17950,14840,16830,28060,10290
12/06/2024,39820,40480,12340,14770,48380,38230,38100,137260,17790,14840,17050,27990,10290
13/06/2024,40370,40010,12340,14920,52160,38810,38030,136870,17870,14900,16830,28000,10290
14/06/2024,39870,39290,12450,15060,55660,38780,37690,137460,17870,14690,16660,27790,10170
15/06/2024,40530,40920,12530,14860,64100,44460,38360,139410,17900,14400,16810,28240,10150
16/06/2024,39470,39010,12790,14880,66860,46340,39480,142150,17650,14940,16570,28290,10370
17/06/2024,,,,,,,,,,,,,
18/06/2024,40000,45000,11500,13000,60000,45000,40000,130000,17000,16000,18000,40000,10000
19/06/2024,39520,40170,12480,14760,59860,41750,39500,137830,18660,14900,16980,28280,10230
20/06/2024,37460,40150,12490,14890,57400,39530,38640,136860,17840,14750,16750,28070,10140
21/06/2024,38020,40220,12570,14830,55860,39260,38510,137180,17940,14890,16890,28260,10170
22/06/2024,37080,39570,12580,14970,49710,41020,37560,137440,17560,14730,16580,28090,10370
23/06/2024,38490,40120,12490,14810,50230,38700,38210,136190,17990,14970,16990,28240,10230
24/06/2024,38170,40540,12620,14970,46180,38610,37780,136190,17950,15060,16990,28160,10150
25/06/2024,35980,39710,12710,14930,39780,37640,37640,134930,17680,15100,16820,28000,10430
26/06/2024,35040,39890,12690,15020,36160,34760,37610,136190,17740,15030,16900,27920,10150
27/06/2024,33750,39890,12660,14990,34470,35130,37310,135840,17580,14930,16990,27820,10070
28/06/2024,34780,41020,12930,15070,37930,35510,37280,134510,17490,14850,17060,27900,10230
29/06/2024,33550,39950,12880,14760,36050,36190,37500,136030,17490,15250,17080,28000,10310
30/06/2024,33880,39950,12840,14730,38190,38540,37550,135930,17170,15220,16670,27890,10380
01/07/2024,33250,39810,12730,15110,36720,38730,37770,135350,17740,15020,17070,28000,10060
02/07/2024,31940,39520,12730,15070,39650,41300,37590,134940,17780,15060,17060,28000,10310
03/07/2024,33210,39640,12720,14980,38830,41540,37770,134550,17760,15160,16870,28300,10210
04/07/2024,33210,39480,12620,15020,40140,42130,37650,134930,17760,15060,16980,27540,10150
05/07/2024,32120,39150,12750,14900,41390,41730,37850,134550,17420,15200,16900,27570,10250
06/07/2024,31700,39350,12600,15180,40620,41510,37090,134300,17560,14850,16860,27750,9970
07/07/2024,31700,38460,12930,15050,42010,44360,36010,134930,17210,15290,16650,27680,10090
08/07/2024,31280,40710,12710,15060,40340,44580,37930,134510,17740,15270,16820,27950,10190
09/07/2024,31080,40500,12860,15060,43660,45990,37850,134550,17510,15250,16810,27710,10320
10/07/2024,30770,40230,12930,15220,42960,46260,37840,134940,17700,14970,16760,27450,10120
11/07/2024,30520,40430,12800,15160,43430,46210,38010,134870,17850,15150,17170,27490,10120
12/07/2024,30750,39480,12830,15020,41030,49340,37620,134550,17800,15130,16850,27720,10110
13/07/2024,30680,39530,12700,15200,39610,52780,37290,135400,17900,14990,16980,27720,10210
14/07/2024,30060,38420,12700,14930,39770,54680,37840,134470,17810,15010,16750,27770,10120
15/07/2024,29970,39910,13010,14940,41410,58930,38020,134940,17690,15360,16640,27960,10270
16/07/2024,27440,39530,12700,14920,38550,59500,38190,134490,17860,15100,16890,27950,10250
17/07/2024,28290,38760,13060,15010,40350,65430,37520,134440,17840,15680,17180,27950,10030
18/07/2024,28020,38640,12820,14960,39060,62820,37550,134550,17550,14660,16850,27880,10670
19/07/2024,27810,39100,12640,15010,39170,65520,37520,134110,17780,15330,17070,27960,10110
20/07/2024,26610,38710,13010,15260,39180,70950,37670,134930,17860,15470,17110,27810,10040
21/07/2024,26450,39060,12690,14820,38390,65920,37840,132160,17850,15190,16980,27950,10120
22/07/2024,28370,39280,12940,14780,38820,73840,38030,133950,17940,15430,17030,28050,10130
23/07/2024,26980,38970,12710,15000,39300,70760,37300,134550,17720,15240,17250,27920,10100
24/07/2024,26580,39290,12700,14940,40190,72130,36830,134180,17800,15290,17180,27920,10240
25/07/2024,26960,39210,12690,14940,43130,73590,37380,134550,17800,15470,17180,27920,10210
26/07/2024,27200,38500,12790,14940,43140,70600,37010,134930,17710,15330,16830,27720,10200
27/07/2024,27720,38250,12550,14790,43270,69930,36660,134440,17640,15490,16780,27650,10130
28/07/2024,25430,39220,13210,15030,42980,79800,37400,134320,17860,15080,17050,27870,10200
29/07/2024,28170,38110,12770,14930,42160,71970,36460,134940,17580,15600,16810,27840,10240
30/07/2024,27840,38950,12770,14960,42110,72470,36590,134110,17870,15860,17150,27830,10150
31/07/2024,27180,39370,12760,15040,41970,71720,37090,133790,17880,15570,17140,27680,10170
01/08/2024,25740,38790,12730,14880,42600,75700,36680,134110,17780,15710,17150,27830,10190
02/08/2024,25010,38040,12950,15190,42180,78880,36610,133950,17840,15800,17340,27590,10130
03/08/2024,25400,39060,12640,14900,41970,78850,36600,133690,17780,15620,17150,27660,10190
04/08/2024,26130,38680,12610,14980,42010,74380,36670,134490,17500,15450,16830,27540,10200
05/08/2024,25460,38370,12640,14950,42910,79490,36770,133690,17950,15580,17150,27580,10110
06/08/2024,24600,38980,12650,14980,42120,78690,36020,133700,17700,15700,16990,27450,10190
07/08/2024,26310,38810,12760,14930,44280,76400,36710,133410,17720,15530,16930,27650,10250
08/08/2024,26180,39500,12990,14860,44310,78150,36560,133580,18000,15730,17170,27400,10210
09/08/2024,26870,39130,12660,14970,43840,71950,36540,133410,17800,15490,16930,27220,10390
10/08/2024,25650,39400,12710,14930,43600,76140,36530,133280,17870,15580,17010,27330,10200
11/08/2024,26660,38660,12670,14680,43610,76330,36740,133440,17590,15800,17180,27290,10320
12/08/2024,26160,38650,12810,14930,43610,72050,36400,133410,17580,15570,17170,27370,10240
13/08/2024,25270,38400,12930,14980,43020,69970,35950,133580,17640,15590,16970,26990,10200
14/08/2024,26240,38390,12900,15010,43830,68200,36610,133410,17580,15460,17000,26950,10240
15/08/2024,25780,38490,12730,15000,43420,65080,36850,133410,17540,15700,17050,27060,10280
16/08/2024,25240,38780,12680,14930,42450,58800,36290,133130,17770,15590,17120,27030,10120
17/08/2024,25080,38960,12730,15080,40890,62990,36020,133440,17890,15550,17180,26740,9980
18/08/2024,25220,38960,12820,14820,43630,63240,36620,132960,17510,15540,16780,27090,10370
19/08/2024,24640,38880,12770,15010,41770,65650,36330,133280,17780,15540,17230,26900,10110
20/08/2024,24490,39390,12890,15160,42020,65450,36350,133280,17990,15620,16980,26650,10030
21/08/2024,24090,38700,12690,14950,39750,61760,36000,132860,17740,15580,17110,26480,10260
22/08/2024,23890,39000,12720,14930,38440,57310,36460,133130,17810,15190,16950,26800,10200
23/08/2024,24190,39070,12840,15030,39500,58020,36220,133410,17840,15500,17220,26830,10100
24/08/2024,25130,38240,12680,14890,39650,57790,36460,133130,17580,15590,16980,26840,10200
25/08/2024,25370,39180,12800,14950,38780,56530,36730,134440,17890,15650,17140,26630,10130
26/08/2024,24270,38010,12830,14940,38580,55860,36390,133410,17840,15530,17220,26520,10210
27/08/2024,24570,38440,12830,15190,35950,54080,35940,133700,17910,15450,17280,26280,10110
28/08/2024,24180,38740,12840,15030,36450,51800,36240,133030,17840,15500,17060,26290,10170
29/08/2024,25250,38760,12700,15030,38390,52120,36530,132960,17510,15550,16630,26590,10030
30/08/2024,25470,38240,12750,14860,36300,49340,36320,132940,17850,15700,17190,26330,10220
31/08/2024,24340,38380,12790,14960,38090,49760,36000,132860,17780,15660,16970,26360,10260
01/09/2024,25520,38660,12700,14870,36470,48710,35620,133890,17690,15550,16880,26090,10130
02/09/2024,25010,38980,12750,15000,33500,46530,35420,133440,17890,15500,16510,26240,10090
03/09/2024,24760,38780,12670,14940,34230,44040,35910,132670,17810,15630,16980,25940,10200
04/09/2024,24840,38780,12630,14690,33470,44790,35820,133570,17720,15680,17170,26020,10120
05/09/2024,24910,38880,12980,14700,31390,42930,36010,132860,17730,15710,17160,25740,10110
06/09/2024,25270,38200,12610,14830,32210,44760,35940,134510,17540,15500,16980,25980,10110
07/09/2024,25290,38590,12530,14500,32580,44080,36180,131570,17560,15570,16930,26020,10190
08/09/2024,25580,38780,12670,14840,31530,42750,35850,133130,17500,15490,16920,26020,10120
09/09/2024,25070,38880,12790,14690,30800,43490,35830,132870,17820,15580,17070,26100,10110
10/09/2024,24270,39060,12850,14780,30950,41880,35760,132640,17840,15720,17180,26630,10170
11/09/2024,24400,39260,12770,14770,29500,41670,35610,132450,17820,15820,17320,26150,10140
12/09/2024,25160,37570,12670,14620,28300,39090,35510,132640,17540,15720,17060,26330,10170
13/09/2024,24660,38730,12790,14710,28810,39080,35760,133010,17540,15830,17140,26260,10170
14/09/2024,25370,38880,12790,14730,29040,39580,35990,132450,17420,15610,17110,26330,10200
15/09/2024,25440,37960,12750,14730,30170,38430,35340,132940,17410,15740,17080,27210,10130
16/09/2024,25150,38060,12730,14750,29290,39280,36020,132670,17760,15760,17170,26170,10120
17/09/2024,25490,38580,12810,14700,30010,40590,36240,133030,17590,15720,17090,26450,10200
18/09/2024,25170,38980,12980,14850,28000,42890,36500,132450,17910,15860,17360,26410,10270
19/09/2024,25550,38560,12660,14530,28300,43260,36430,133930,17370,15130,17080,26390,10280
20/09/2024,25590,38430,12730,14610,29250,42740,36080,132640,17460,15720,17010,26180,10210
21/09/2024,25970,38510,12610,14540,28540,42280,35730,132160,17420,15940,16810,25990,10200
22/09/2024,25550,39090,12620,14760,27700,42380,35610,132180,17650,15820,17210,26210,10040
23/09/2024,26090,38790,12600,14600,30320,41320,36000,132860,17390,15820,16980,26240,10230
24/09/2024,25910,38970,12770,14770,27070,41590,36250,132450,17730,15820,17320,26280,10180
25/09/2024,26140,39170,12650,14600,28730,42350,36330,132860,17430,15820,16850,26330,10230
26/09/2024,26340,38150,12600,14610,28140,41050,35470,133130,17280,14900,16870,26270,10120
27/09/2024,26360,38970,12860,14650,26760,39740,35780,132670,17710,15950,17170,26180,10120
28/09/2024,26460,38320,12700,14780,27990,39440,36110,132670,17510,15710,16970,26180,10030
29/09/2024,26940,37970,12840,14750,27590,40140,35930,133270,17340,15680,16860,26100,10040
30/09/2024,27940,39250,12800,15000,27100,43160,35930,132220,17950,15710,17260,26350,10030
