Date,Harga Bahan Pangan Bawang Merah,Harga Bahan Pangan Bawang Putih Bonggol,Harga Bahan Pangan Beras Medium,Harga Bahan Pangan Beras Premium,Harga Bahan Pangan Cabai Merah Keriting,Harga Bahan Pangan Cabai Rawit Merah,Harga Bahan Pangan Daging Ayam Ras,Harga Bahan Pangan Daging Sapi Murni,Harga Bahan Pangan Gula Konsumsi,Harga Bahan Pangan Minyak Goreng Curah,Harga Bahan Pangan Minyak Goreng Kemasan Sederhana,Harga Bahan Pangan Telur Ayam Ras,Harga Bahan Pangan Tepung Terigu (Curah)
01/01/2022,33400,32990,12640,14150,84230,114140,45960,144870,13750,,19000,32170,8490
02/01/2022,33200,32990,12640,14150,84230,113210,45330,144870,13750,,19000,32390,8490
03/01/2022,33400,32990,12640,14150,84450,114680,45330,143200,13750,,19000,32700,8490
04/01/2022,31690,31230,12800,14180,81860,105350,45410,144820,13500,,18660,33840,8320
05/01/2022,33140,32390,12640,14150,80920,99490,45720,144870,13750,,18990,34390,8490
06/01/2022,33140,32390,12640,14150,78920,92640,45720,130900,13750,,18990,34390,8490
07/01/2022,33320,32390,12640,14150,78770,90710,45720,144870,13750,,18990,34390,8490
08/01/2022,33140,32390,12640,14150,79940,91890,45720,144870,13750,,18990,33670,8490
09/01/2022,33320,31950,12640,14150,71110,85860,45280,143200,13750,,18990,32540,8490
10/01/2022,33990,31950,12640,14150,65950,79500,45280,144870,13750,,18990,32040,8490
11/01/2022,34460,32320,12460,13930,67140,74760,45280,143200,13750,,19970,32380,8490
12/01/2022,34770,32320,12460,13950,64930,73570,44870,144870,13750,,19970,31960,8490
13/01/2022,35250,32740,12460,13940,64930,72030,44460,143200,13750,,20110,32170,8490
14/01/2022,35250,32740,12460,13940,63810,70970,44270,143200,13750,,20110,32170,8490
15/01/2022,35250,32740,12460,13940,63810,70980,44450,144870,14000,,19860,32170,8490
16/01/2022,34430,32740,12460,13940,62610,66360,43840,143200,14000,,20110,31910,8490
17/01/2022,34430,32740,12460,13940,63710,68430,43650,144870,14490,,20110,31910,8490
18/01/2022,36090,32740,12460,13940,63950,65970,43870,144870,14490,,20110,31640,8740
19/01/2022,37070,33200,12460,13940,63950,67030,44080,143200,15000,,20110,31750,8740
20/01/2022,37070,33200,12460,13940,63950,70560,43880,144870,15000,,20340,32110,8740
21/01/2022,37780,34210,12460,13940,63950,70560,43160,144870,14660,,19860,31690,8740
22/01/2022,37070,33990,12460,13940,62840,68320,43360,143200,14660,,19860,31580,8740
23/01/2022,37070,33990,12460,13940,61760,68320,42970,143200,14660,,19620,31580,8740
24/01/2022,37780,34430,12460,13940,61760,67240,43160,143600,14660,,20090,31580,8740
25/01/2022,38080,33990,12460,13940,61760,63820,43160,143600,14660,,20090,31420,8740
26/01/2022,37850,33990,12460,13940,62760,64770,43160,143600,14660,,20090,31210,8740
27/01/2022,38080,34210,12460,13940,61760,64770,42770,141530,14660,,19860,30900,8740
28/01/2022,37510,33990,12460,13940,62650,63550,43160,143600,14660,,19860,31110,8740
29/01/2022,37740,34210,12460,13940,63590,63550,43160,143600,14660,,19860,31110,8740
30/01/2022,36610,33990,12460,13940,61660,60340,42770,143600,14660,,19860,30900,8740
31/01/2022,36610,33990,12460,13940,60590,58930,43160,141530,14660,,19860,30900,8740
01/02/2022,37080,33990,12460,13940,60650,63550,43160,143600,14820,,19950,31070,8740
02/02/2022,36850,33990,12460,13940,58810,62680,42770,143600,14820,,19740,30530,8740
03/02/2022,36850,33990,12460,13940,58810,62680,42770,143600,14820,,19950,30290,8740
04/02/2022,37080,33990,12460,13940,58810,62680,43360,141530,14820,,20050,29930,8740
05/02/2022,37080,33990,12460,13940,60210,62680,43880,141530,14820,,19840,29720,8740
06/02/2022,37310,34210,12460,13940,61180,60970,44280,143600,14820,,19840,29720,8740
07/02/2022,37080,33990,12460,13940,60210,61880,44280,143600,14820,,19760,30160,8740
08/02/2022,36450,33990,12510,13940,61060,73600,44830,143600,14560,,19520,29590,8740
09/02/2022,36450,34210,12510,13940,60810,71660,44900,143600,14560,,19520,29590,8740
10/02/2022,36450,33990,12510,13940,61060,73830,44400,143600,14560,,19520,28840,8740
11/02/2022,36680,34210,12510,13940,61060,72820,44470,143600,14560,,19520,28840,8740
12/02/2022,34580,31690,12390,13800,52910,68530,43680,137480,14560,,19400,29370,8650
13/02/2022,36100,33990,12510,13940,61060,75910,45500,141530,14560,,19300,28810,8970
14/02/2022,36100,34210,12510,13940,61980,77830,45500,143600,14560,,19300,28810,8970
15/02/2022,35950,34430,12510,13940,60680,76210,45500,143600,14420,,19300,28610,8970
16/02/2022,36380,34430,12510,13940,58840,75780,44870,143600,14420,,18870,28610,8970
17/02/2022,37000,34430,12510,13940,59790,75780,45270,141530,14420,,18410,27560,8970
18/02/2022,36790,34640,12510,13940,58840,74660,45270,143600,14420,,18410,27750,8970
19/02/2022,37190,34640,12510,13940,58840,80020,45680,143600,14420,,18410,27750,8970
20/02/2022,36790,34240,12510,13940,59790,83420,45120,141530,14420,,18410,27600,8970
21/02/2022,37190,34240,12510,13940,58840,85860,45120,143600,14420,,18410,27600,8970
22/02/2022,38520,34030,12510,13940,62490,88550,45120,143600,14420,,18410,26580,8970
23/02/2022,38320,34240,12510,13940,61310,89630,45120,143600,14420,,18410,26430,8970
24/02/2022,38320,34240,12510,13940,61310,89630,44710,143600,14420,,18500,26430,8970
25/02/2022,38710,34440,12510,13940,61030,93590,45310,141530,14420,,18950,26430,8970
26/02/2022,38710,34440,12510,13940,61030,99960,45310,143600,14420,,18950,26250,8970
27/02/2022,38710,34240,12510,13940,61880,98820,45310,143600,14420,,18950,26250,8970
28/02/2022,38490,34240,12510,13940,63890,110710,44900,143600,14530,,19650,26180,8970
01/03/2022,38870,34640,12510,13940,69850,118530,45400,143600,14790,,19650,25810,8970
02/03/2022,38870,34640,12510,13940,69920,116490,46030,141530,14790,,20550,25990,9390
03/03/2022,39090,34640,12510,13940,66360,115190,45610,143600,14790,,20550,25810,9390
04/03/2022,39090,34850,12510,13940,68960,110370,46030,143600,14790,,20550,25620,9390
05/03/2022,39280,34640,12510,13940,66730,108860,46030,143600,14790,,20550,25620,9390
06/03/2022,39050,34840,12510,13940,71080,109190,46030,143600,14790,,20940,25620,9390
07/03/2022,39490,34840,12510,13940,76650,115660,46030,143600,14790,,20940,25650,9390
08/03/2022,39840,35250,12230,13990,77720,116020,45510,143600,14790,,23130,25810,9390
09/03/2022,41290,35250,12230,13990,75910,110560,45930,141530,14990,,24140,26000,9390
10/03/2022,41290,35050,12230,13990,73910,110560,45930,141530,14790,,24730,26000,9390
11/03/2022,41270,34850,12230,13990,75910,110360,45510,143600,14790,,25400,26340,9390
12/03/2022,41740,35050,12230,13990,74930,109530,45510,143600,14790,,25720,26150,9390
13/03/2022,41510,35050,12230,13990,69920,107360,45930,143600,14790,,25400,26340,9390
14/03/2022,41510,35510,12230,13990,71300,104980,45930,143600,14790,,25400,26340,9390
15/03/2022,40920,34890,12230,13990,71300,106340,45940,143600,14790,,25070,27060,9390
16/03/2022,40920,34840,12230,13990,71300,102090,45940,141530,14790,,25070,26600,9390
17/03/2022,41360,34840,12230,13990,71300,103730,45940,143600,14790,,25070,27120,9390
18/03/2022,41360,34470,12230,13990,71300,97680,45940,141530,14990,,25770,27320,9390
19/03/2022,41130,34680,12230,13990,71300,105130,45940,143600,14990,,25770,27320,9390
20/03/2022,41360,34680,12230,13990,71300,105560,45940,141530,14990,,24990,27320,9510
21/03/2022,40480,34890,12230,13990,71370,104000,45520,143600,15150,,25150,27380,9710
22/03/2022,40480,34470,12230,13990,71370,100590,45110,143600,15150,,25690,27380,9710
23/03/2022,40890,34900,12230,13990,68010,100590,45520,143600,15150,,25360,27380,9710
24/03/2022,40890,34900,12230,13990,65950,97680,45520,143600,15150,,25570,27180,9710
25/03/2022,41110,34680,12230,13990,65500,96630,45520,143600,15150,,25510,27160,10160
26/03/2022,40870,34470,12230,13990,65500,98070,45520,141530,15150,,25320,27160,10160
27/03/2022,41110,34680,12230,13990,66560,100160,44900,141530,15150,,25320,27160,10160
28/03/2022,41110,34890,12230,13990,66560,99030,44900,141530,15150,,25320,27160,9920
29/03/2022,40890,34890,12230,13990,68250,101410,45520,143600,15150,,25320,27160,10160
30/03/2022,40890,35090,12230,13990,69790,96310,45520,141530,15150,,25320,27160,10160
31/03/2022,41130,35090,12230,13990,70920,98160,45330,143600,15150,,25320,27160,9920
01/04/2022,40520,35510,12370,14030,73990,98160,45330,143600,15290,,25900,27290,9920
02/04/2022,40520,35710,12230,14030,70680,99020,45330,144370,15290,,25900,27290,9920
03/04/2022,40520,35510,12370,14030,72590,102090,45520,143200,15290,,25900,27120,9920
04/04/2022,40930,36350,12370,14030,73600,104920,45340,144870,15290,,25960,27310,10290
05/04/2022,40950,36350,12370,14030,75910,103380,45340,141610,15290,,25960,27510,10110
06/04/2022,40950,36350,12370,14030,75910,105190,45340,139590,15290,,25960,27540,10110
07/04/2022,40730,36150,12370,14030,75130,105550,45340,141610,15290,,25960,27540,10110
08/04/2022,40920,36150,12370,14030,71660,102740,45340,146100,15480,,25960,27540,10110
09/04/2022,40070,35690,12370,14030,72370,100970,45340,146100,15480,,26160,27720,10110
10/04/2022,40070,35690,12370,14030,73370,99680,45340,144820,15480,,26160,27720,10110
11/04/2022,39490,35690,12370,14030,73310,96340,44720,146100,15480,,26460,27540,10110
12/04/2022,39910,35890,12370,14030,74320,95300,44310,146100,15640,,27170,27130,10110
13/04/2022,39490,35690,12370,14030,76650,93900,44930,146100,15660,,27170,27130,10110
14/04/2022,39510,35480,12370,14030,76650,92410,44520,146100,15660,,27170,26930,10110
15/04/2022,39300,35270,12370,14030,70840,84880,44320,147430,15870,,27080,27130,10110
16/04/2022,39510,35480,12370,14030,69790,84880,44720,147430,15870,,27080,27330,10110
17/04/2022,39290,35270,12370,14030,69710,84880,44720,147430,15870,,27080,27110,10110
18/04/2022,39090,34860,12370,14030,67600,83860,44510,147430,15870,,26920,27110,10110
19/04/2022,38250,34860,12370,14030,66360,80720,44510,147430,15870,,26920,27110,10110
20/04/2022,36070,37160,12370,14030,64940,81110,44510,147430,15680,,26920,27110,10110
21/04/2022,38460,35050,12370,14030,63710,77720,44510,147430,15870,27000,27130,27110,10110
22/04/2022,38050,35070,12370,14030,61470,74930,44510,148730,15870,,26930,26890,10300
23/04/2022,37840,34850,12370,14030,61470,74200,44300,148310,15870,,26930,27110,10300
24/04/2022,37630,34640,12370,14030,60490,73310,44300,148310,15870,,26930,27110,10300
25/04/2022,37840,35050,12370,14030,62390,76650,44480,152440,15990,,26930,28520,10300
26/04/2022,38250,35270,12370,14030,61160,77720,44480,153620,16180,,26930,28520,10300
27/04/2022,38450,35070,12370,14030,61010,75360,45750,154770,15990,,26930,28520,10300
28/04/2022,38660,35270,12370,14030,61920,78200,45750,154770,15990,,26930,28620,10300
29/04/2022,38860,35690,12370,14030,71120,81520,45960,154770,16180,,26930,29800,10300
30/04/2022,38860,35690,12370,14030,74220,82580,45960,154770,15990,,26930,30000,10300
01/05/2022,38860,35690,12370,14030,75650,86350,46760,151690,16180,,26930,29780,10300
02/05/2022,38860,35890,12370,14030,78620,89480,47140,157290,15990,,27130,29780,10300
03/05/2022,39240,36480,12370,14030,76980,89480,47140,157290,16180,,26890,29060,10300
04/05/2022,39020,36280,12370,14030,78130,76730,46540,154770,16180,,26930,29060,10300
05/05/2022,39210,36280,12370,14030,79210,79580,46540,156390,16180,,26930,29060,10300
06/05/2022,39210,36280,12370,14030,73310,80400,46540,154770,16180,,26930,29190,10300
07/05/2022,39210,36280,12370,14030,73310,79370,46540,156390,16180,,26930,29220,10300
08/05/2022,38750,36070,12370,14030,72230,78280,46540,156390,16180,,26930,29240,10300
09/05/2022,38750,35690,12370,14030,68090,71260,47370,150000,16180,,26930,29260,10300
10/05/2022,39320,35480,12370,14030,75180,73190,47960,147430,16180,,26930,29960,10300
11/05/2022,39320,35480,12370,14030,75180,72440,47760,147430,16180,,26930,30000,10300
12/05/2022,39540,35480,12370,14030,75180,73450,47760,147430,16180,,26930,29890,10300
13/05/2022,39490,35270,12370,14030,70680,67730,47350,147430,16180,,26930,29860,10310
14/05/2022,40080,35270,12370,14030,69210,67000,47350,147430,16180,,26720,29870,10300
15/05/2022,40080,35480,12370,14030,69210,69490,46920,147430,16180,,26720,29650,10300
16/05/2022,40080,35480,12370,14030,66810,69490,46920,146590,16180,,26520,29870,10300
17/05/2022,40760,35880,12370,14030,62460,69770,46360,147430,15960,,26090,29140,10300
18/05/2022,41160,36060,12370,14030,61530,68170,47350,147430,15960,,26090,29590,10300
19/05/2022,41330,36250,12370,14030,61710,69710,47350,147430,15960,,26090,29360,10300
20/05/2022,41290,36040,12370,14030,63390,72370,46920,146590,16160,,26090,29420,10300
21/05/2022,42650,36260,12370,14030,64340,72370,47350,146590,16160,,26090,29420,10300
22/05/2022,42410,36220,12370,14030,64340,71300,47350,146590,16160,,26090,29420,10300
23/05/2022,42410,36070,12370,14030,64340,76720,47530,147430,16160,,26090,29620,10300
24/05/2022,44500,36610,11990,13800,66830,78640,47950,146590,15950,,25950,31610,10980
25/05/2022,42410,35850,12370,14030,65480,74500,46920,146590,16160,,26160,30850,10300
26/05/2022,42650,36070,12370,14030,66460,77720,47350,146590,16160,,26160,30840,10300
27/05/2022,42410,36070,12370,14030,66460,77570,47350,147430,16160,,26160,30840,10300
28/05/2022,42590,36040,12370,14030,75030,77270,47350,146590,16160,,25960,31030,10300
29/05/2022,42590,36040,12370,14030,75030,77270,46940,147430,16160,,25960,31030,10300
30/05/2022,42830,36260,12370,14030,75030,81720,45540,146590,16160,,25960,31030,10300
31/05/2022,43610,36260,12370,14030,73010,80600,45960,147430,16160,,25960,31180,10300
01/06/2022,43370,36040,12370,14030,73010,81480,45960,147430,16160,,25960,31180,10300
02/06/2022,43610,36440,12370,14030,74100,82360,45960,148730,16160,,25960,31410,10300
03/06/2022,43370,36260,12370,14030,71080,80150,45960,148730,16160,,25960,31180,10300
04/06/2022,43370,36620,12370,14030,72590,85690,45960,148310,16160,,25960,31410,10300
05/06/2022,42920,36620,12370,14030,73500,89920,45960,148310,16160,,25760,31260,10300
06/06/2022,42750,36840,12370,14030,75570,85380,45960,148730,16160,,25760,31220,10300
07/06/2022,42990,36620,12370,14030,80400,85940,45960,148730,16160,,25760,31360,10300
08/06/2022,42990,36450,12370,14030,81770,90260,45960,148730,16160,,24980,31360,10300
09/06/2022,42810,36450,12370,14030,76070,93090,45960,148730,16160,,24980,31590,10300
10/06/2022,,,,,,,,,,,,,
11/06/2022,,,,,,,,,,,,,
12/06/2022,,,,,,,,,,,,,
13/06/2022,,,,,,,,,,,,,
14/06/2022,,,,,,,,,,,,,
15/06/2022,,,,,,,,,,,,,
16/06/2022,,,,,,,,,,,,,
17/06/2022,,,,,,,,,,,,,
18/06/2022,,,,,,,,,,,,,
19/06/2022,,,,,,,,,,,,,
20/06/2022,,,,,,,,,,,,,
21/06/2022,,,,,,,,,,,,,
22/06/2022,,,,,,,,,,,,,
23/06/2022,,,,,,,,,,,,,
24/06/2022,,,,,,,,,,,,,
25/06/2022,,,,,,,,,,,,,
26/06/2022,,,,,,,,,,,,,
27/06/2022,,,,,,,,,,,,,
28/06/2022,,,,,,,,,,,,,
29/06/2022,,,,,,,,,,,,,
30/06/2022,,,,,,,,,,,,,
01/07/2022,,,,,,,,,,,,,
02/07/2022,,,,,,,,,,,,,
03/07/2022,,,,,,,,,,,,,
04/07/2022,,,,,,,,,,,,,
05/07/2022,,,,,,,,,,,,,
06/07/2022,,,,,,,,,,,,,
07/07/2022,,,,,,,,,,,,,
08/07/2022,,,,,,,,,,,,,
09/07/2022,,,,,,,,,,,,,
10/07/2022,,,,,,,,,,,,,
11/07/2022,,,,,,,,,,,,,
12/07/2022,,,,,,,,,,,,,
13/07/2022,,,,,,,,,,,,,
14/07/2022,70060,33230,12660,14440,88410,139870,48360,151650,15630,,24410,31630,10980
15/07/2022,70900,32970,12660,14440,87190,139870,47550,151230,15540,,24410,31630,10980
16/07/2022,70260,32970,12660,14440,87190,135260,47160,151650,15540,,24410,31840,10380
17/07/2022,70260,32710,12660,14440,88010,133200,47160,151650,15540,,24410,31630,10980
18/07/2022,71230,32970,12660,14440,79440,130020,47550,151230,15540,,24410,31630,10980
19/07/2022,71230,32970,12660,14440,81460,128960,47350,151230,15540,,24410,31630,10980
20/07/2022,73970,32970,12660,14440,83090,124360,46360,151230,15540,,24410,32000,10980
21/07/2022,74550,32970,12660,14440,81520,120110,47350,151230,15540,,24410,32430,10980
22/07/2022,76570,33230,12660,14440,82060,116340,47140,151230,15770,,24790,32670,10980
23/07/2022,78280,33730,12660,14440,79960,111700,46940,151230,15770,,24670,32890,10380
24/07/2022,78600,33730,12570,14240,78870,102090,46940,151650,15770,,24670,32890,10980
25/07/2022,78600,33730,12570,14240,79890,98430,46940,151230,15770,,22620,32670,10980
26/07/2022,78600,33730,12570,14240,78280,99240,46940,151650,15770,,24460,32670,10980
27/07/2022,76530,33730,12570,14240,77130,98430,46940,151230,15770,,24270,32670,10980
28/07/2022,76220,33730,12570,14240,79370,97830,46510,151230,15770,,24270,32890,10980
29/07/2022,76220,35660,12570,14240,79370,96070,46130,151230,15770,,23800,32890,10980
30/07/2022,72220,35470,12570,14240,78280,94260,46130,151230,15770,,23800,32890,10980
31/07/2022,72220,35470,12570,14240,78280,94260,46510,151230,15770,,23800,33100,10980
01/08/2022,70100,35270,12570,14240,75180,94510,45130,151230,15770,,24380,33680,10980
02/08/2022,71010,35660,12570,14240,75100,95280,45130,151650,15770,,23800,33900,10980
03/08/2022,70250,35010,12720,14300,80500,105690,45680,150000,15590,,24000,33630,10970
04/08/2022,69170,35000,12570,14240,77130,102700,44080,151230,15770,,23800,34120,10980
05/08/2022,68150,35000,12570,14240,76070,103810,44480,151650,15770,,23440,33900,10980
06/08/2022,67280,35000,12570,14240,75030,103290,44480,151230,15770,,23520,33420,10980
07/08/2022,66210,35000,12570,14240,75030,101290,44480,151230,15770,,23130,33350,10980
08/08/2022,64380,35000,12570,14240,75030,106360,44480,151650,15770,,22700,33160,10980
09/08/2022,65220,35200,12570,14240,77130,106700,44480,151230,15770,,22700,33560,10980
10/08/2022,64320,35000,12570,14240,74870,112020,44480,151230,15770,,22700,33160,10380
11/08/2022,60730,33840,12570,14240,74870,109510,44480,151650,15770,,22700,33370,10380
12/08/2022,60280,33840,12570,14240,74870,112250,44480,151650,15770,,22460,33600,10380
13/08/2022,60800,34050,12570,14240,86000,98430,44260,151230,15770,,22460,33600,10380
14/08/2022,60090,34250,12570,14240,80900,98380,44480,151230,15770,,22460,33600,10380
15/08/2022,63170,34060,12720,14300,73640,104870,45680,150000,15740,,23420,33750,10480
16/08/2022,59140,34050,12570,14240,77280,105880,43310,151230,15890,,21680,33380,10610
17/08/2022,57200,33840,12570,14240,77280,104010,42920,151230,15890,,21680,33380,10610
18/08/2022,57200,34050,12570,14240,76220,104010,43310,151230,15890,,21860,33380,10610
19/08/2022,56180,33840,12570,14240,72990,96660,42720,151650,15890,,20780,33730,10610
20/08/2022,56180,33840,12570,14240,73830,96660,42720,151230,15890,,20670,33760,10610
21/08/2022,55530,33010,12570,14240,71190,94400,43310,151650,15890,,20670,33960,10610
22/08/2022,53370,33010,12570,14240,70290,91170,43310,151230,15890,,20840,33740,10610
23/08/2022,54400,33010,12570,14240,69790,86960,43310,151650,15890,,20840,33740,10610
24/08/2022,54400,33010,12570,14260,75030,89400,43310,151230,15890,,20840,35570,10610
25/08/2022,53370,32810,12570,14260,72750,87490,43310,151230,15890,,20670,35500,10610
26/08/2022,52940,32810,12570,14260,71490,88550,44030,151230,15890,,20120,35280,10610
27/08/2022,52940,32810,12570,14260,71490,88550,43630,151650,15890,,20670,35280,10610
28/08/2022,52940,33010,12570,14260,71410,88550,44030,151230,15890,,20670,35510,10610
29/08/2022,51840,33010,12570,14260,71910,88610,44030,151650,15890,,20670,35510,10610
30/08/2022,47570,33010,12570,14360,69720,86420,44030,151650,15890,,20670,35510,10610
31/08/2022,46960,33010,12570,14360,70760,85380,44480,151230,15890,,20670,35730,10610
01/09/2022,46960,32810,12570,14360,71300,83790,44700,151230,15890,,20670,35940,10610
02/09/2022,46930,33210,12570,14360,71160,83600,44700,151650,15890,,20670,35670,10610
03/09/2022,46050,33010,12570,14360,71810,82990,44920,151230,15890,,20670,35870,11060
04/09/2022,46050,33010,12570,14360,68480,82990,44920,151230,15890,,20670,35670,11060
05/09/2022,46050,33210,12570,14360,69720,83960,44920,151230,15890,,20670,35670,11060
06/09/2022,43840,33210,12650,14360,71820,84000,44920,154950,15790,,20850,36210,11270
07/09/2022,44410,33210,12860,14560,72040,84440,45540,153690,15790,,20850,36000,11060
08/09/2022,43450,33010,12860,14560,75910,80250,45940,153690,15790,,20850,35570,10200
09/09/2022,42430,32810,12860,14560,73600,76980,45520,157400,15690,,20480,36090,11700
10/09/2022,42430,33590,12860,14560,68530,78200,45520,158210,15690,,20480,36090,11700
11/09/2022,42430,32810,12860,14560,70680,79370,45520,157290,15690,,20480,36090,11980
12/09/2022,42430,32810,12860,14560,69640,78280,45520,157290,15690,,20480,36300,12490
13/09/2022,42430,32810,12860,14560,68930,77480,45520,159840,15690,,20480,36300,12490
14/09/2022,41950,33080,12860,14560,70320,79300,45520,159840,15690,,20480,36160,12490
15/09/2022,42150,32870,12860,14560,69290,77060,45520,159840,15690,,20480,36160,12490
16/09/2022,43230,34710,13190,14700,70400,77670,45900,159840,15870,,19900,36430,12490
17/09/2022,42500,33510,12860,14560,67410,77280,45720,157290,15690,,20100,36160,12490
18/09/2022,42090,33510,12860,14560,67410,75100,45060,159790,15690,,20100,35820,12720
19/09/2022,42090,33510,12860,14560,70410,75380,45060,159840,15690,,20100,35820,12490
20/09/2022,42150,33300,12860,14560,67410,76490,45060,157290,15690,,20100,35610,12720
21/09/2022,42150,32010,12860,14560,65370,71430,45060,159840,15690,,20100,35410,12720
22/09/2022,42150,32010,12860,14560,64980,69670,45060,159840,15470,,19740,35610,12720
23/09/2022,42090,32010,12860,14560,65370,69150,44600,159840,15470,14000,19740,35610,12720
24/09/2022,42530,31780,12860,14560,66520,68260,44600,159840,15470,14000,19740,35610,12720
25/09/2022,43190,33100,12590,14450,68260,78020,44500,159790,15340,14000,19210,35770,12630
26/09/2022,41490,31780,12860,14560,64410,67410,44600,159840,15470,14000,19740,35400,12720
27/09/2022,41540,32010,12860,14560,66430,67540,44600,159790,15470,14000,19740,34490,12720
28/09/2022,41490,31540,12860,14560,65850,62880,44600,159840,15470,14000,19740,34210,12720
29/09/2022,41490,31780,12860,14750,65850,67010,44600,159790,15470,14000,19740,34210,12720
30/09/2022,41490,31780,12860,14750,65450,65750,44600,159790,15470,14000,19540,34400,12720
01/10/2022,40120,31780,12860,14750,65450,67660,44600,159840,15470,14000,19540,34210,12720
02/10/2022,40150,32820,12820,14690,66890,72970,44500,159790,15340,14000,18970,33610,12630
03/10/2022,40120,31220,13050,14750,65040,70170,43960,159790,15470,14000,19540,33120,12720
04/10/2022,40690,31790,13050,14750,65040,74750,44140,159840,15250,14000,19540,32930,12720
05/10/2022,40480,31600,13050,14750,65450,75050,43690,159840,15250,14000,19360,32930,12720
06/10/2022,39710,31130,13050,14750,65450,75230,43690,159840,15250,14000,19360,32740,12720
07/10/2022,39910,31280,13050,14750,64410,75470,43330,159840,15250,14000,19360,32930,12720
08/10/2022,39910,31280,12650,14750,64410,72540,43140,159840,15250,14000,19360,32740,12720
09/10/2022,39910,31280,13050,14750,65450,73370,43140,159790,15470,14000,19360,32740,12720
10/10/2022,40300,31280,13050,14750,64320,76720,42750,159840,15470,,19170,32740,12720
11/10/2022,40300,31440,13050,14750,65280,76830,42750,159840,15470,,19170,32520,12720
12/10/2022,40300,31520,13050,14750,63110,76630,43140,159790,15470,,19170,32710,12720
13/10/2022,40300,31520,13050,14750,61190,78660,43330,159840,15470,,19170,32510,12720
14/10/2022,40900,34290,13440,14940,60280,79610,44770,159840,15870,,18970,33250,12720
15/10/2022,40300,31750,13050,14750,60410,78660,43330,159790,15470,,19170,32190,12720
16/10/2022,40300,31750,13050,14750,59450,77790,43330,159840,15470,,18970,32190,12720
17/10/2022,40300,31750,13050,14750,60410,77320,43330,159840,15470,,19170,32190,12720
18/10/2022,40300,31750,13050,14750,62300,77590,43330,159790,15470,,19170,32710,12720
19/10/2022,40300,31750,13050,14750,63730,76440,42620,159790,15470,,19170,33120,12720
20/10/2022,40300,31280,13050,14750,60630,75520,42620,159840,15470,,19170,33120,12720
21/10/2022,40300,31280,13050,14750,60630,76570,42620,159790,15470,,19170,32910,12720
22/10/2022,40300,31750,13050,14750,62520,76830,42620,159840,15470,,19170,32910,12720
23/10/2022,40300,31750,13050,14750,60290,74660,42620,159840,15470,,19170,32720,12720
24/10/2022,39890,31280,13050,14750,58450,74660,42620,159840,15470,,19170,32720,12720
25/10/2022,39890,31280,13050,14750,60410,73040,42620,161080,15470,,19170,32510,12720
26/10/2022,40300,31280,13050,14750,61190,73040,42620,161080,15470,,19170,32510,12720
27/10/2022,40300,31280,13050,14750,60490,72210,42620,161080,15470,,19170,32320,12720
28/10/2022,40300,31280,13050,14750,61470,72210,42620,161440,15470,,18770,32320,12720
29/10/2022,40300,31110,13050,14750,63590,70850,42440,161080,15470,,18770,32420,12720
30/10/2022,40300,30880,13050,14750,60490,71660,42050,161440,15470,,18770,32420,12720
31/10/2022,39890,30880,13050,14750,60490,70740,42250,161080,15470,,18380,32710,12720
01/11/2022,39890,31110,13050,14750,62460,69100,42250,161080,15470,,18000,33140,12720
02/11/2022,40300,31110,13050,14750,61160,68080,42250,161440,15470,,18000,33140,12720
03/11/2022,40490,30880,13050,14750,59150,66890,41870,161080,15470,,18000,33140,12720
04/11/2022,40710,31110,13050,14750,64490,67660,41870,161440,15470,,18200,33180,12720
05/11/2022,40710,31110,13050,14750,62650,66660,42250,159840,15470,,18200,33180,12720
06/11/2022,41130,30880,13050,14750,62650,68750,42900,161440,15250,14000,18200,33180,12720
07/11/2022,41500,30880,13050,14750,60510,66810,43660,161440,15250,14000,18380,33180,12720
08/11/2022,40860,31110,13050,14750,59370,65080,43400,161080,15250,14000,18380,33370,12720
09/11/2022,40860,30880,13050,14750,59370,66050,43400,161080,15250,14000,18380,33370,12720
10/11/2022,41080,30880,13050,14750,58130,65080,44060,161080,15250,14000,18380,33370,12720
11/11/2022,41080,30880,13050,14750,57200,62940,43660,161080,15250,14000,18380,33370,12720
12/11/2022,41080,31110,13050,14750,55360,59400,44060,161440,15250,14000,18380,33570,12720
13/11/2022,41260,31110,13050,14750,55470,58450,44060,161080,15250,14000,18380,33570,12720
14/11/2022,42600,31110,13050,14750,55190,56120,44060,161080,15250,14000,18380,33370,12720
15/11/2022,42380,30880,13050,14750,55060,56850,43560,164950,15250,14000,18380,33180,12720
16/11/2022,41750,31100,13110,14980,57550,60280,46890,167480,15310,,18480,32740,12970
17/11/2022,43600,30880,13050,14750,60630,58060,43960,167480,15250,14000,18380,32860,12720
18/11/2022,43040,30880,13050,14750,60630,59180,44820,164950,15250,14000,18380,32660,12720
19/11/2022,43960,31370,13050,14750,55950,59180,45000,164950,15250,14000,18380,32850,12720
20/11/2022,43960,30640,13050,14750,56680,59180,45000,164950,15250,14000,18380,32530,12720
21/11/2022,43960,30640,13050,14750,59000,61280,45840,164950,15250,14000,18000,32750,12720
22/11/2022,43960,30880,13110,14750,56120,60040,45000,164950,15250,14000,18000,32900,12720
23/11/2022,43960,30880,13110,14750,56120,62270,46240,167480,15250,14000,18000,32900,12720
24/11/2022,43510,31040,13110,14750,57200,62340,46240,164950,15250,14000,18000,32900,12720
25/11/2022,45010,32760,12900,14690,55200,61780,46560,167480,15060,14000,18000,32640,12630
26/11/2022,43510,30640,13110,14750,56120,57060,46240,164950,15250,14000,18000,32700,12720
27/11/2022,44550,32240,12900,14690,53900,59250,46560,167480,15060,14000,18000,32390,12630
28/11/2022,43510,30390,13110,14750,56120,57270,46920,167480,15250,14000,17800,32890,12720
29/11/2022,43510,30390,13110,14750,56240,60770,47550,168220,15250,14000,17800,32890,12720
30/11/2022,44750,30640,13110,14750,58060,62460,47160,167480,15250,14000,17800,32700,12720
01/12/2022,44390,31370,13110,14750,59000,62940,47160,167480,15250,14000,17800,32700,12720
02/12/2022,44390,31370,13110,14750,58060,64150,47160,164950,15250,14000,17800,32700,12720
03/12/2022,43780,31370,13110,14750,55870,63660,46960,164950,15250,18000,17800,32700,12720
04/12/2022,43780,31370,13110,14750,56850,63660,47160,164950,15250,14000,17800,33030,12720
05/12/2022,44350,31370,13110,14750,57420,70610,47550,164950,15250,14000,17800,33820,12720
06/12/2022,44690,32240,13040,14690,56790,79270,48210,167480,15060,15000,17740,33770,12630
07/12/2022,43930,31370,13230,14750,56810,70610,47550,164950,15250,15000,17800,33820,12720
08/12/2022,44700,31620,13230,14750,54940,68850,47120,167480,15250,15000,17800,33820,12720
09/12/2022,44700,31620,13230,14750,54940,67020,47550,164950,15250,15000,17800,33620,12720
10/12/2022,44700,31860,13230,14750,54940,66360,47920,167480,15250,15000,17800,33710,12720
11/12/2022,44700,31860,13230,14750,54940,68250,47920,167480,15250,15000,17800,33910,12720
12/12/2022,45320,31860,13230,14750,58550,64770,47920,164950,15250,15000,18170,34120,12720
13/12/2022,45110,31620,13330,14940,54070,63990,47920,164950,15470,15000,17800,34640,12720
14/12/2022,45110,31620,13330,14940,53900,62640,47490,164950,15470,15000,17800,34870,12720
15/12/2022,45730,32090,13330,14940,53900,63110,47490,164950,15470,15000,17590,34340,12720
16/12/2022,45760,31340,13330,14940,53050,67000,47920,164950,15470,15000,17160,34660,12720
17/12/2022,45760,31110,13330,14940,53050,66510,47490,167480,15470,15000,17360,34660,12720
18/12/2022,45760,31340,13330,14940,52780,66510,47920,164950,15470,15000,17160,34750,12720
19/12/2022,45210,31690,13160,14690,56250,67110,48210,162480,15340,15000,17480,34060,12320
20/12/2022,44890,29490,13160,14690,50490,63510,48190,164920,15230,15000,16200,34220,12970
21/12/2022,45830,31340,13330,14940,53900,67090,48160,163700,15470,18000,17160,34390,12490
22/12/2022,45830,31340,13330,14940,53900,65930,48560,163700,15470,15000,17160,34790,12490
23/12/2022,45640,31560,13330,14940,53900,69510,48560,166650,15470,15000,16950,34790,12490
24/12/2022,45640,31560,13330,14940,55500,72560,49580,166200,15280,15000,17160,34790,12720
25/12/2022,45640,31970,13330,14940,55500,73570,49580,166200,15280,15000,17160,35000,12490
26/12/2022,45640,32170,13330,14940,59430,80780,49190,166200,15280,15000,17160,35420,12490
27/12/2022,45640,31970,13420,14940,57200,82100,49190,166200,15280,15000,17160,35250,12490
28/12/2022,44870,31970,13420,14940,58300,81110,48160,167480,15280,15000,17160,35250,12490
29/12/2022,45470,32400,13420,14940,56250,78200,48790,168320,15280,15000,17160,35040,12490
30/12/2022,44680,32400,13420,14940,56010,72700,50140,168320,15280,15000,17160,35250,12490
31/12/2022,44270,32610,13420,14940,56010,73770,50720,158230,15280,15000,17160,35040,12490
01/01/2023,44270,32610,13420,14940,56010,71820,50720,155420,15280,15000,17160,35040,12490
02/01/2023,45410,33290,13800,15190,56570,77070,50910,168320,15610,15000,16950,35300,12490
03/01/2023,43620,32610,13540,15050,56250,75630,49030,167480,15280,15000,17160,35040,12490
04/01/2023,43800,32610,13540,15050,56250,75630,49030,167480,15280,15000,17160,35040,12490
05/01/2023,44260,32400,13540,15050,57770,76720,48400,164960,15280,15000,17160,34770,12490
06/01/2023,44460,32610,13540,15050,58630,78790,49430,164950,15280,15000,17160,34980,12490
07/01/2023,44260,32610,13540,15050,58630,79220,49030,166650,15280,15000,17160,34980,12490
08/01/2023,43830,32610,13540,15050,58630,79220,48400,168320,15280,15000,17160,34770,12490
09/01/2023,50000,40000,14000,16000,80000,100000,55000,165000,16500,,18000,36110,12000
10/01/2023,43640,32610,13540,15050,56680,81440,48220,168320,15280,15000,17160,34380,12490
11/01/2023,43190,32810,13540,15050,56190,83390,47780,168320,15280,15000,17160,34380,12490
12/01/2023,43190,32610,13540,15050,56190,83390,47780,164950,15280,15000,17160,34140,12490
13/01/2023,44040,32610,13540,15050,54710,79690,48220,168320,15280,15000,17160,34550,12490
14/01/2023,44040,33200,13540,15050,54710,78790,48000,166200,15280,15000,17160,33650,12490
15/01/2023,44040,32810,13540,15050,54710,78790,48000,166200,15280,15000,17160,33830,12490
16/01/2023,44040,32810,13540,15050,55190,79690,48030,166200,15280,15000,17160,33560,12490
17/01/2023,44040,32810,13540,15050,55190,77720,48030,166200,15280,15000,17160,33760,12490
18/01/2023,44350,33240,13540,15050,57040,77300,48030,164950,15280,18000,17160,33550,12490
19/01/2023,44470,33010,13540,15090,55190,74740,47600,166200,15280,15000,17160,33550,12490
20/01/2023,44640,33590,13540,15090,58000,77690,47840,166200,15280,15000,17160,33550,12490
21/01/2023,44210,33590,13540,15090,58000,77690,47840,166200,15280,15000,17160,33350,12490
22/01/2023,43810,33380,13540,15090,58000,78770,47840,164950,15280,15000,17160,33440,12490
23/01/2023,43810,32960,13540,15090,56790,77610,47840,166200,15280,15000,17160,33440,12490
24/01/2023,43640,31750,13540,15090,55900,74320,47840,164950,15280,15000,17160,33640,12490
25/01/2023,43640,32510,13540,15090,54840,71840,47840,164950,15280,15000,17160,34130,12490
26/01/2023,43640,32270,13540,15090,54840,73550,47410,166200,15280,15000,16950,33930,12490
27/01/2023,43640,32270,13540,15090,54840,72720,47410,164950,15280,15000,17160,33930,12490
28/01/2023,43830,31520,13540,15090,54040,71420,48030,166200,15280,15000,17160,33930,12490
29/01/2023,43640,31280,13540,15090,54040,71840,48030,164950,15280,15000,17160,34130,12490
30/01/2023,44070,32190,13540,15090,53700,72230,47600,168320,15280,15000,17360,34130,12490
31/01/2023,43650,32010,13540,15090,53410,71990,48030,167480,15280,15000,17360,34130,12490
01/02/2023,43440,31750,13540,15090,52450,72280,48030,168320,15280,15000,17360,33350,12490
02/02/2023,43650,32190,13540,15090,51230,72280,48030,168320,15280,15000,17360,33550,12490
03/02/2023,43020,31520,13540,15090,51230,70170,48030,168320,15280,15000,17160,33350,12240
04/02/2023,43610,31120,13540,15090,47890,68470,48030,168320,15280,15000,17160,33550,12490
05/02/2023,44210,31590,13540,15090,49390,65600,48030,167480,15280,15000,17160,33550,12490
06/02/2023,43780,31120,13540,15090,48910,65600,47410,167480,15280,15000,17360,33550,12490
07/02/2023,43780,31120,13540,15090,50570,66160,47410,168320,15280,15000,17360,33350,12490
08/02/2023,44050,31120,13540,15090,50320,67780,47410,167480,15280,16430,17360,33550,12490
09/02/2023,44050,31590,13540,15090,51390,67780,47840,168320,15280,16430,17360,33550,12490
10/02/2023,44260,31360,13540,15090,51390,66960,47180,167480,15280,16430,17360,33020,12490
11/02/2023,44050,31590,13540,15290,51390,66960,47410,164950,15180,16430,17360,33230,12320
12/02/2023,43620,31360,13540,15290,52150,68560,47840,164950,15180,16430,17360,33230,12320
13/02/2023,44230,31930,13540,15090,51680,68970,47450,168220,15180,15580,17360,33230,12320
14/02/2023,44870,32360,13540,15090,52450,68140,47020,166200,14960,15580,17160,33100,12320
15/02/2023,44660,32120,13540,15090,49830,67820,46800,166200,14960,15580,17160,32890,12660
16/02/2023,44660,32120,13540,15090,49040,68880,47450,166200,14960,15580,17160,33100,12320
17/02/2023,44230,32360,13650,15300,50080,70950,47020,166200,14960,15580,17160,32890,12320
18/02/2023,44230,32740,13650,15300,51970,74430,47630,164950,14960,15680,17160,33100,12320
19/02/2023,43620,32180,13650,15300,51440,74380,47020,166200,14960,15680,17160,33100,12320
20/02/2023,43430,31700,13650,15300,54310,76220,46600,166200,14960,15680,17160,32900,12320
21/02/2023,44470,32510,13650,15100,54540,76420,47020,166200,14960,15680,17160,32900,12660
22/02/2023,43640,32740,13650,15300,53510,77350,47020,166200,14960,15680,17160,33100,12660
23/02/2023,44070,33730,13750,15300,54310,78560,47020,166200,15180,15680,17730,32900,12660
24/02/2023,44070,33730,13750,15300,54310,79780,46130,164950,15180,15680,17730,33100,12660
25/02/2023,44070,34170,13750,15300,54310,83130,46130,166200,15180,15680,17730,33100,12660
26/02/2023,44070,36200,13750,15100,55360,86570,46130,166200,15180,15680,17730,32900,12660
27/02/2023,43620,34170,13750,15300,54310,88160,45470,161440,15180,15680,17730,32900,12660
28/02/2023,44010,34640,13750,15300,54200,89070,45280,163540,15180,15680,17730,32770,12660
01/03/2023,43620,33920,13750,15300,55840,90230,44870,163540,15180,15680,17730,32770,12660
02/03/2023,42150,31910,13690,14890,53420,90240,43670,163050,14980,14980,17660,32630,12660
03/03/2023,43620,33570,13750,15300,56070,91740,45280,163540,15180,15570,17730,32960,12660
04/03/2023,42510,33570,13540,15300,55250,90850,45280,161440,15180,15570,17730,32770,12660
05/03/2023,42710,33570,13750,15300,55020,92500,45310,161440,15180,15570,17730,32770,12660
06/03/2023,43100,36650,13650,15300,61430,90580,45720,163540,15180,15230,17730,32540,12970
07/03/2023,42710,34780,13650,15300,63710,96560,45720,163540,15180,15230,17730,32540,12660
08/03/2023,42710,34220,13650,15300,64220,97980,45720,163540,15180,15230,17730,32830,12660
09/03/2023,43100,36410,13650,15300,63340,98050,45720,161440,15390,15230,17730,32580,12660
10/03/2023,42680,34580,13650,15300,64050,100450,45090,163540,15390,15230,17090,32580,12660
11/03/2023,42680,34430,13650,15300,61760,96250,45530,161440,15390,14980,17730,32580,12660
12/03/2023,42290,34580,13650,15300,61760,101430,45530,161440,15390,14980,17730,32390,12660
13/03/2023,42680,34750,13650,15300,63820,103930,44920,163540,15390,14980,17960,32990,12660
14/03/2023,42170,34990,13650,15170,64680,107620,44510,163540,15490,14980,17960,32990,12660
15/03/2023,41560,34360,13650,15170,63460,107620,44920,163540,15490,14980,17960,32790,12660
16/03/2023,41380,34580,13650,15170,63460,105590,44920,166200,15490,14980,17960,32790,12660
17/03/2023,40960,35600,13650,15170,65180,103190,44920,164950,15490,14980,17960,32790,12660
18/03/2023,40450,36200,13650,15170,65440,106190,45130,166200,15490,14980,17960,32790,12660
19/03/2023,40870,36200,13650,15170,64540,107020,45540,166200,15490,14980,17960,32790,12660
20/03/2023,40740,35460,13650,15170,65780,106080,46360,166200,15490,14980,17960,32790,12660
21/03/2023,40740,35460,13650,15170,64820,106930,46360,166200,15490,15230,17580,32990,12660
22/03/2023,40740,35650,13690,15320,67240,101810,45940,166200,15490,15230,16950,33420,12660
23/03/2023,41500,35650,13790,15440,69340,102180,46340,166200,15490,15230,17580,34150,12660
24/03/2023,41500,35650,13790,15440,68510,97120,46340,166200,15490,14460,17580,34350,12660
25/03/2023,41140,35650,13790,15440,68510,98690,47230,164950,15690,15230,17580,34130,12660
26/03/2023,41330,35650,13790,15440,67630,100160,47230,162820,15690,15230,17580,34130,12660
27/03/2023,41330,35650,13790,15440,65380,95790,47020,166200,15690,15230,17480,33930,12660
28/03/2023,41330,35650,13790,15440,65250,93220,47230,162820,15690,15680,17960,34350,12660
29/03/2023,40740,35650,13790,15440,65250,90000,47230,162820,15690,15680,17850,34560,12660
30/03/2023,41140,35460,13790,15440,65250,88130,46800,162820,15690,15680,17850,34350,12660
31/03/2023,40870,35460,13790,15440,62520,82660,47020,162820,15690,15680,18050,34170,12660
01/04/2023,40740,35050,13790,15440,62520,81530,47020,164950,15690,15680,18150,34130,12660
02/04/2023,41140,35460,13790,15440,57530,75600,46790,166200,15690,15680,18050,33980,12660
03/04/2023,40760,35260,13790,15440,54650,69790,47410,161080,15690,15680,18050,34280,12660
04/04/2023,40760,35260,13790,15440,61470,69030,47410,161080,15690,15680,17670,34190,12660
05/04/2023,40760,35460,13790,15440,59210,72100,47780,166200,15690,15680,18050,34400,12660
06/04/2023,40960,35260,13790,15440,59850,71030,47780,161080,15690,15680,18050,34400,12660
07/04/2023,40960,35460,13790,15440,58160,69640,47780,166200,15690,15680,18050,34400,12660
08/04/2023,40960,35280,13790,15440,57240,69640,47780,162820,15690,15680,18050,34400,12660
09/04/2023,40960,35070,13790,15440,58160,70610,47780,164950,15690,15680,18050,34400,12320
10/04/2023,40960,35280,13790,15440,59400,71530,46250,166200,15690,15680,18050,34600,12320
11/04/2023,40760,34860,13790,15440,59580,70550,46250,162820,15690,15680,18050,34590,12320
12/04/2023,40960,35070,13790,15440,59580,70550,45500,161080,15690,15680,18050,34400,12320
13/04/2023,40460,36730,14000,15560,62850,74210,45620,166200,15870,15680,18190,35130,12320
14/04/2023,40370,35280,13790,15440,59080,72110,45500,162820,15690,15680,18050,34400,12320
15/04/2023,41530,35640,13790,15440,59780,71120,45500,166200,15690,15680,18050,34190,12320
16/04/2023,41530,35640,13790,15440,58840,71990,47840,164950,15690,14210,18050,34400,12320
17/04/2023,42170,37460,14000,15790,65220,79840,48730,168740,15870,15410,18190,35380,12320
18/04/2023,41730,35830,13790,15440,63040,75480,48320,164810,15690,15410,18030,34590,12320
19/04/2023,40040,35410,13790,15630,66230,78930,48320,165770,15690,15410,17940,34590,12320
20/04/2023,40040,35410,13790,15630,71130,78930,48320,165770,15690,15410,17940,34590,11970
21/04/2023,40200,36550,14000,16070,76170,80670,48110,169950,15820,15920,18980,35180,12490
22/04/2023,40200,36550,14000,16070,75600,83550,48110,167480,15820,15920,18980,35180,12490
23/04/2023,41350,38470,14000,16100,84850,91290,48630,165000,15730,14970,18490,35780,12000
24/04/2023,38580,35050,13740,15790,72320,71410,45940,157320,15610,15920,18470,34280,12490
25/04/2023,38830,35050,13740,15790,68830,71410,46780,165000,15610,16290,18470,34020,12490
26/04/2023,40000,35780,13790,15630,63200,69250,47410,161080,15690,15410,17940,34210,12320
27/04/2023,40000,35990,13790,15630,61530,71420,47410,161080,15690,15410,17940,34210,12320
28/04/2023,39120,36600,13790,15630,63460,75480,47410,161080,15690,15410,17940,34420,12320
29/04/2023,39780,35990,13790,15630,62360,74370,47410,162820,15690,15410,17940,34210,12320
30/04/2023,40000,35780,13790,15630,62360,74870,47410,161080,15690,15410,17940,34210,12320
01/05/2023,39780,35780,13790,15630,62520,73910,47410,161080,15690,15410,17940,33910,12320
02/05/2023,40300,35780,13790,15630,58550,70610,46210,164950,15690,14210,17940,34110,12320
03/05/2023,40300,35780,13790,15630,57620,70610,45790,166200,15690,15410,17940,34110,12320
04/05/2023,42020,37100,14000,15790,59580,69740,46250,167480,15870,15410,18190,34460,12320
05/05/2023,40560,36630,13790,15630,58630,70760,46210,167480,15690,15410,17940,33890,12320
06/05/2023,41310,35990,13790,15630,58630,69790,46210,168320,15690,15410,17940,33890,12320
07/05/2023,41690,35560,13790,15630,57530,73640,46210,167480,15690,15410,17940,34190,12320
08/05/2023,42980,35780,13790,15630,57530,73640,46210,168320,15690,14210,17940,33990,12320
09/05/2023,44140,35990,13790,15630,58630,73390,45540,167480,15690,15410,17940,33790,12320
10/05/2023,44320,35990,13790,15630,59100,73390,45540,168320,15690,15830,17940,33790,12320
11/05/2023,44320,36850,13790,15630,58160,73390,45130,168320,15690,15410,17940,33790,12320
12/05/2023,45170,37940,14000,15790,57700,72280,45680,168320,15870,15410,18190,34040,12320
13/05/2023,46060,36510,13740,15540,56460,70960,45410,167480,15610,14640,17460,33880,12000
14/05/2023,46620,37670,14000,15790,57700,66450,45410,168320,15870,15410,18190,34190,12320
15/05/2023,45220,35990,13790,15630,60280,67150,44920,168320,15690,15410,18160,33910,12320
16/05/2023,45430,35990,13790,15630,60280,68440,44920,167480,15690,15410,18270,33910,12320
17/05/2023,45430,35990,13790,15630,62630,67680,44920,168320,15690,15410,18160,33910,12320
18/05/2023,45430,36200,13790,15630,59760,65250,44920,167480,15690,15410,18270,34060,12320
19/05/2023,45430,36200,13790,15630,59580,64220,44720,168320,15690,15410,18270,34770,12320
20/05/2023,45840,35990,13790,15630,60630,66600,44310,167480,15690,15410,18270,35230,12320
21/05/2023,45840,36000,13790,15630,57850,64320,44310,168320,15690,15410,18270,35230,12320
22/05/2023,45840,36000,13790,15630,59920,63110,44930,168320,15690,15410,18270,35020,12320
23/05/2023,45840,36580,13660,15420,60000,64220,44930,168320,15690,15410,18160,35420,12320
24/05/2023,46210,36580,13660,15440,61790,64740,44720,168320,15690,15410,18160,35750,12320
25/05/2023,45840,36210,13660,15440,60730,64290,45710,168320,15690,15410,18160,36330,12320
26/05/2023,45840,35790,13660,15440,59920,65530,45530,164950,15690,15410,18160,36330,12320
27/05/2023,45470,36000,13660,15440,59920,68310,45730,166200,15690,15410,18160,36330,12320
28/05/2023,45840,36210,13660,15440,60730,67020,46700,166200,15690,15200,18160,36330,12320
29/05/2023,45840,36210,13660,15440,64410,66160,45730,166200,15690,15200,18160,36330,12320
30/05/2023,46360,36520,13580,15310,61020,72590,47300,164950,15610,14640,17730,36680,12000
31/05/2023,45710,36210,13660,15630,59580,68760,47020,164950,15690,15200,18160,36540,12320
01/06/2023,45090,36210,13660,15440,61630,68190,47780,164950,15690,15200,18160,36540,12320
02/06/2023,45470,36000,13660,15440,59760,70320,47780,166200,15690,15200,18160,36540,12320
03/06/2023,45710,36210,13660,15440,59760,70250,48220,164950,15690,15200,18160,36540,12320
04/06/2023,46690,37950,14000,15830,61020,71830,49850,164950,15870,15200,18470,37200,12320
05/06/2023,44850,36580,13660,15440,60810,69290,48400,166200,15690,15830,18160,36540,12320
06/06/2023,43650,35320,13580,15080,57450,64900,46880,166600,15490,14940,18200,35970,12320
07/06/2023,43990,36210,13660,15440,59760,68350,48320,164950,15690,15200,18160,36160,12320
08/06/2023,44390,36210,13660,15440,60730,68350,49390,164950,15690,15200,17710,36160,12320
09/06/2023,44500,37950,14000,15830,62250,68050,51360,166200,15870,15200,18470,36610,12320
10/06/2023,42520,35770,13580,15560,60780,65570,47320,162480,15610,15620,18190,35830,12490
11/06/2023,43560,36210,13660,15440,59580,67350,50860,164950,15690,15200,17940,35850,12320
12/06/2023,43560,36580,13660,15440,60730,69640,51420,166200,15690,15200,17940,36070,12320
13/06/2023,43560,36580,13660,15440,61630,69640,50760,166200,15690,15330,17940,36070,12320
14/06/2023,43960,36370,13660,15440,60730,68690,50760,164950,15690,15450,17940,36440,12320
15/06/2023,41930,37860,13660,15440,59760,68690,50760,166200,15690,15330,17940,36230,12320
16/06/2023,43400,36580,13660,15440,60730,70550,50760,166200,15690,15330,17940,36230,12320
17/06/2023,43050,36580,13660,15440,62630,70390,51840,164950,15690,15330,17940,36230,12320
18/06/2023,41950,39840,14000,15830,63510,72000,53700,164950,15870,15330,18470,36550,12320
19/06/2023,43420,37510,13660,15440,63240,69430,51420,166200,15690,15330,17940,36030,12320
20/06/2023,42960,37730,13710,15440,65080,71410,51840,166200,15690,15330,17940,36220,12320
21/06/2023,43200,38440,14000,15830,66410,74580,53700,164950,15870,15950,18470,36800,12320
22/06/2023,43780,37420,13660,15440,63380,70270,51260,166200,15690,15330,17940,36220,12320
23/06/2023,44720,38310,13660,15440,63380,71080,51260,166200,15790,16550,17940,36220,12320
24/06/2023,46220,37440,13830,15560,63410,73480,50840,164950,15610,15620,18190,36830,12490
25/06/2023,45970,38100,13860,15440,63160,71080,50410,166200,15790,15330,17940,36250,12320
26/06/2023,45360,38300,14060,15440,67200,75230,50190,166200,15790,15330,17940,36250,12320
27/06/2023,45360,38500,14060,15440,66280,77140,50190,166680,15790,15330,17940,36250,12320
28/06/2023,45360,38900,14100,15440,67350,78020,50410,160970,15790,15330,17940,36050,12320
29/06/2023,46770,39420,14500,15830,70930,84450,52710,167410,15990,15330,18470,36540,12320
30/06/2023,44920,37830,14060,15440,66490,71080,51070,167410,15790,15330,17940,35820,12320
01/07/2023,44920,37600,14060,15440,64470,67190,51070,164950,15790,15330,17940,35820,12320
02/07/2023,44710,38280,14060,15440,63590,67190,51740,164950,15790,15330,17940,35720,12320
03/07/2023,45100,38850,14060,15440,68420,68420,50840,164950,15790,15330,18160,35820,12320
04/07/2023,45100,38630,14060,15440,67600,75780,50840,164950,15790,15330,18160,36230,12320
05/07/2023,45100,38630,14060,15440,68340,74660,50840,166200,15790,15330,18160,36230,12320
06/07/2023,44660,38400,14060,15440,69360,71410,50840,166200,15790,15330,18160,36230,12320
07/07/2023,44660,38850,14050,15440,68340,72470,50630,166200,15770,15330,18160,36230,12320
08/07/2023,44660,38850,14060,15440,63890,66940,50630,166200,15790,15330,18160,36230,12320
09/07/2023,46180,39870,14260,15830,64900,64020,51000,164950,15990,15330,18470,36810,12320
10/07/2023,45500,39040,14060,15440,65890,66600,50570,164950,15790,15330,18160,36230,12320
11/07/2023,45500,40600,14060,15440,64920,67530,50790,164950,15880,15330,18160,36230,12320
12/07/2023,45710,40600,14060,15440,68270,69640,50980,164950,15970,16550,18160,36030,12320
13/07/2023,45920,40600,14060,15440,69290,69490,50790,164950,15970,15330,18160,36230,12320
14/07/2023,45920,40600,14060,15440,69290,69490,50980,164950,15780,15330,18160,36230,12320
15/07/2023,45920,40600,14060,15440,66030,64070,50980,164950,16360,15330,18160,36230,12320
16/07/2023,45290,40360,14060,15440,67010,64070,50020,164950,15970,15330,18160,36230,12320
17/07/2023,45290,40600,14240,15440,67190,62970,50450,164950,15880,15330,18160,36260,12320
18/07/2023,44880,40600,14060,15440,66120,60220,50450,164950,16070,15330,18160,36520,12320
19/07/2023,45500,44270,14060,15440,65620,60490,49590,166200,15880,15330,18160,36520,12320
20/07/2023,45500,40600,14060,15440,64580,60490,49590,164950,16070,15330,18160,36520,12320
21/07/2023,45310,40820,14060,15440,65620,60590,50450,164950,16070,15330,18160,36520,12320
22/07/2023,45310,40350,14060,15440,64490,60590,50450,164950,16070,15330,18160,36520,12320
23/07/2023,45310,40120,14060,15440,64490,60810,49790,164950,16070,15330,18160,36520,12320
24/07/2023,44660,40700,14040,15440,65620,63980,50450,164950,15880,15330,18160,36790,12320
25/07/2023,44260,42300,14060,15440,66600,64320,50450,166200,16070,15330,18160,36790,12320
26/07/2023,44260,42300,14060,15440,64580,63110,50450,164950,16070,15330,18160,36790,12320
27/07/2023,41650,39190,13770,15100,61620,62570,47620,160000,15640,15430,18620,36380,12490
28/07/2023,44660,42300,14060,15440,66600,63200,50450,164950,16070,15330,18160,36790,12320
29/07/2023,44660,41190,14060,15440,64410,65750,49120,164950,16070,15330,18160,36990,12320
30/07/2023,43830,41190,14060,15420,64410,66730,50450,164950,15850,15330,18160,36990,12320
31/07/2023,43870,40950,14060,15420,64580,67510,49860,164950,15850,15330,18160,36990,12320
01/08/2023,43450,41420,14060,15420,64850,67510,49430,164950,15850,15330,18160,36990,12320
02/08/2023,43230,41420,14060,15420,65810,67010,50070,164950,15850,15330,18160,36990,12320
03/08/2023,42770,41780,14500,15800,64810,67050,50020,166200,16350,16550,18470,37480,12320
04/08/2023,41590,40330,14060,15420,64850,65580,50250,164950,15850,15330,18160,36990,12320
05/08/2023,42020,41190,14060,15420,62520,66600,51140,166200,15850,15330,17780,36990,12320
06/08/2023,42220,41190,14060,15420,60630,68690,50720,164950,15850,15330,17780,36990,12320
07/08/2023,42020,41190,14060,15420,62790,71320,50550,164950,15850,15330,17780,36990,12320
08/08/2023,40970,42740,14060,15420,64900,74960,50550,164950,15850,15330,17780,36940,12320
09/08/2023,40970,41610,14060,15420,66360,76700,50550,166200,15850,15220,17780,36940,12320
10/08/2023,41340,41840,14060,15420,65280,76650,50140,164950,16070,15330,17780,36730,12320
11/08/2023,41150,42060,13860,15420,65280,76650,48890,166200,15660,15330,17780,36230,12320
12/08/2023,40840,41420,14060,15420,63860,74510,48430,164950,15850,15330,17780,36230,12320
13/08/2023,40190,40280,14060,15460,64890,76530,48220,164950,15850,15330,17570,36030,12320
14/08/2023,40190,40510,14060,15460,64490,75780,48010,166200,15660,15330,17570,36030,12320
15/08/2023,40420,40740,14060,15460,65450,77830,48430,164950,15850,15330,17780,36030,12320
16/08/2023,39850,41380,14060,15460,63940,77720,48240,164950,15850,15330,17780,36030,12320
17/08/2023,39850,41140,14060,15460,62930,76890,48240,164950,15850,15330,17780,36660,12320
18/08/2023,39850,41380,14060,15460,62760,79690,48240,164950,15850,15330,17580,36030,12320
19/08/2023,39390,40510,14060,15460,62760,78780,48240,164950,15850,15330,17780,36030,12320
20/08/2023,39270,42020,14510,15850,64870,82310,48550,164950,16350,15330,17990,36890,12320
21/08/2023,39390,40740,14060,15460,62760,76760,48240,166200,15850,15330,17780,36030,12320
22/08/2023,39160,40740,14060,15460,62760,79580,48030,166200,15850,15800,17990,36030,12320
23/08/2023,38860,42900,14540,15910,65080,82800,47470,164950,16350,15360,17990,36890,12320
24/08/2023,37740,41190,14090,15510,62230,77300,47370,164950,15850,15360,17990,36030,12320
25/08/2023,37290,41190,14220,15620,61150,77220,47370,164950,15660,15360,17990,36030,12320
26/08/2023,37290,40140,14220,15620,61840,75920,47170,164950,15760,15360,17990,36030,12320
27/08/2023,36900,40140,14220,15620,62760,75920,47170,164950,15850,15360,17990,36030,12320
28/08/2023,36700,39580,14220,15620,63940,66940,47170,164950,15850,15360,17990,35950,11970
29/08/2023,36520,39580,14220,15620,62790,63710,47170,164950,15850,15360,17990,35950,11970
30/08/2023,36230,39360,14410,15620,61600,61090,46960,164950,15850,15360,17990,35260,11970
31/08/2023,36130,39390,14410,15620,61600,61090,46960,164950,15660,15360,17990,35790,11970
01/09/2023,34270,40460,14410,15620,63730,56330,46960,164950,15850,15820,18180,35820,11490
02/09/2023,33370,40460,14500,15810,63730,57530,46960,164950,16040,15360,18180,35440,11490
03/09/2023,35070,40460,14570,15840,63730,56300,46960,164950,15850,15360,18180,35230,11490
04/09/2023,34890,40460,14660,15840,61790,60410,46960,164950,16040,16300,18180,35020,11490
05/09/2023,34890,40850,14660,15840,61790,61150,46540,164950,15850,15360,18180,35220,11490
06/09/2023,35430,40850,14660,15840,61790,61150,46540,164950,16040,15360,18180,35220,11490
07/09/2023,35430,40850,14660,15840,62880,60830,46540,164950,16040,15360,18180,35220,11490
08/09/2023,35780,41040,14660,15840,61880,61120,46540,164950,16040,15360,17990,35220,11970
09/09/2023,35430,40850,14660,15840,61880,62300,46320,164950,16040,15360,17990,35010,11490
10/09/2023,34890,40270,14660,15840,63820,59270,46320,164950,16040,15360,17990,35010,11490
11/09/2023,34750,40270,14660,15840,61790,58610,47160,164950,16040,15360,17990,34750,11490
12/09/2023,34940,40270,14660,15840,61790,58610,46730,164950,16040,15360,17990,35010,11490
13/09/2023,34940,39040,14660,15840,60810,60370,46320,164950,16040,15360,17990,35010,11490
14/09/2023,34560,40270,14660,15840,59360,60450,46510,164950,16040,15820,17990,34780,11490
15/09/2023,34560,40270,14660,15840,58420,61510,46510,164950,16040,15360,17990,34580,11490
16/09/2023,34560,40270,14660,15840,62720,62490,46510,164950,16040,15360,17990,34420,11490
17/09/2023,34560,39850,14660,15840,60250,60520,46510,164950,16040,15360,17990,34420,11490
18/09/2023,34560,39850,14770,15870,62720,62220,46510,164950,16040,15820,17990,34590,11490
19/09/2023,34560,39850,14770,15870,62720,62520,46510,164950,15950,15360,17990,34590,11490
20/09/2023,,,,,,,,,,,,,
21/09/2023,34450,40130,14880,16070,58560,62130,46510,164950,16040,15360,18120,34720,11490
22/09/2023,34410,40460,14770,16070,57550,62130,46510,164950,16040,15360,18120,34780,11490
23/09/2023,34700,40130,14880,16070,60030,62180,45930,164950,16400,15360,17990,34790,11490
24/09/2023,34700,40130,14770,16070,58210,63110,45510,164950,16400,15360,17990,34590,11490
25/09/2023,34700,39930,14880,16070,60190,64450,45720,164950,16400,15360,17990,34590,11490
26/09/2023,34320,39930,14880,16260,60190,63500,45720,164950,16240,15360,17990,34350,11490
27/09/2023,34020,40180,14880,16260,59870,65050,45920,164950,16360,15360,17990,34350,11490
28/09/2023,33010,41310,15620,16730,59760,66550,46200,164950,16860,15360,18240,34850,11490
29/09/2023,33950,40250,14980,16260,59920,63640,46960,164950,16240,15360,17990,34190,11490
30/09/2023,33950,40180,14980,16260,60190,64810,47350,164950,16360,15360,17990,34200,11490
01/10/2023,34680,38680,14980,16260,59230,63110,47530,164950,16360,15360,17990,34120,11490
02/10/2023,33080,39010,15060,16410,60590,65690,47720,164950,16360,15490,17990,34120,11490
03/10/2023,32670,39110,14860,16210,61570,65380,47900,164950,16360,15950,17990,33920,11490
04/10/2023,32910,39200,14980,16210,61570,68900,47900,164950,16360,15490,17990,33920,11490
05/10/2023,33020,38560,14980,16210,61570,68900,48080,164950,16360,15620,17990,34120,11490
06/10/2023,32520,39200,15000,16210,61660,63470,48080,164950,16360,15620,18180,33910,11490
07/10/2023,32720,39200,14680,16130,62650,65310,48080,164950,16360,15620,18180,34100,11490
08/10/2023,32810,39610,14870,16320,62650,63530,48080,164950,16360,15620,18180,33910,11490
09/10/2023,32810,39610,14870,16320,64780,64760,48260,164950,15970,15620,18180,33910,11490
10/10/2023,32810,39610,14870,16310,62650,65380,48260,164950,15970,15570,18180,33910,11490
11/10/2023,32050,39030,15240,16510,62080,64270,46710,162480,15800,15760,17990,34130,12000
12/10/2023,32620,39200,14870,16320,63660,67560,49190,164950,15970,15570,18180,33910,11490
13/10/2023,32620,39200,14870,16320,64290,67650,49190,164950,15970,15570,18180,33910,11490
14/10/2023,32620,39200,14870,16320,63660,69890,49390,164950,15970,15570,18180,33910,11490
15/10/2023,32620,41080,14870,16320,63660,69890,48950,164950,15970,16030,18180,33910,11490
16/10/2023,32840,39200,14870,16320,63660,69790,49570,164950,15970,15570,18290,33940,11490
17/10/2023,33440,39610,14870,16320,62650,70840,49570,164950,15830,15810,18180,33940,11490
18/10/2023,33440,39610,14870,16320,63660,70720,49750,164950,15830,15570,18180,33940,11490
19/10/2023,33820,38560,14870,16300,61660,70060,49750,164950,15830,15570,18180,33940,11490
20/10/2023,33270,39610,14850,16300,61660,70970,49750,164950,15830,15570,18180,33940,11490
21/10/2023,33870,39000,14870,16300,61660,70970,49540,164950,15830,15570,18180,33940,11490
22/10/2023,33630,39000,14870,16300,61660,69590,49750,164950,15830,15570,18180,33940,11490
23/10/2023,33440,39000,14870,16300,62260,70840,49540,164950,15830,15570,18180,33940,11490
24/10/2023,33440,39000,14870,16300,61660,72750,49540,164950,15830,15570,18180,33590,11490
25/10/2023,33440,39000,14870,16300,62650,71820,49540,164950,15830,15570,18180,33690,11490
26/10/2023,33440,39000,14870,16300,62650,69860,49540,164950,15830,15570,18180,33690,11490
27/10/2023,32540,39000,14980,16350,63590,69290,49640,164950,15920,15570,17870,33630,11490
28/10/2023,33050,39000,14980,16350,63590,67680,49640,164950,15830,15570,17850,33430,11490
29/10/2023,32540,38410,14980,16350,64450,68500,49820,164950,15830,15570,17850,33450,11490
30/10/2023,32540,38790,14980,16350,64470,75400,49050,164950,15830,15570,17850,33450,11490
31/10/2023,32350,38790,14980,16350,65510,79170,49470,164950,15830,15570,17850,33450,11490
01/11/2023,31470,36650,15170,16120,64480,74090,45820,160000,15230,15650,17440,33090,12000
02/11/2023,32160,38210,14980,16350,66360,79550,49470,164950,15830,15570,17850,33240,11490
03/11/2023,32160,38410,14980,16350,66360,79550,49290,164950,15830,15570,17850,33450,11490
04/11/2023,32350,38860,14980,16350,66360,78590,49290,164950,15830,15570,17850,33240,11490
05/11/2023,32160,38410,14980,16350,66360,77440,49170,164950,15830,15570,18180,33050,11490
06/11/2023,33580,37320,14980,16350,71530,82330,48620,164950,15950,15570,17850,32840,11490
07/11/2023,33110,38860,14980,16350,75590,83230,48620,164950,15950,15570,17440,33030,11490
08/11/2023,32640,37980,14980,16350,76690,82850,48620,164950,16190,15320,17850,32640,11490
09/11/2023,32640,37980,14980,16350,76690,82900,48440,164950,16190,15320,17730,32320,11490
10/11/2023,32980,37740,14980,16350,76690,84140,48440,164950,16190,15320,17090,32320,11490
11/11/2023,34380,37740,14980,16350,75470,83300,48240,164950,16190,15320,17850,32320,11490
12/11/2023,33230,37740,14980,16350,76690,83170,49270,164950,16190,15320,17850,32520,11490
13/11/2023,34380,36210,14980,16350,78710,89320,48870,164950,16430,15570,17850,32400,11490
14/11/2023,34590,36210,14980,16350,78710,92690,48240,164950,16730,15570,17650,32200,11490
15/11/2023,34590,35930,14790,16350,80400,92970,47800,163320,16730,15320,17650,32400,11490
16/11/2023,34380,36210,14980,16350,81450,93930,47800,163320,16730,15570,17850,32400,11490
17/11/2023,35000,39340,14740,16190,81810,100850,48520,163320,16430,15430,17810,32410,11490
18/11/2023,34380,36210,14790,16350,82440,99600,47800,163320,16730,15320,17650,32320,11490
19/11/2023,33940,36210,14790,16350,81450,99600,47800,163320,16730,15320,17850,31980,11490
20/11/2023,34380,36210,14790,16150,81230,100680,48070,163320,16730,15570,17530,31780,11490
21/11/2023,34290,36210,14790,16150,79090,98340,48070,163320,16730,15570,17440,32380,11490
22/11/2023,34090,36210,14790,16150,78970,102090,48690,163320,17240,15570,17850,32290,11490
23/11/2023,34490,36750,14790,16150,78070,103040,48070,163320,17430,15570,17850,32810,11490
24/11/2023,34490,36750,14980,16150,76070,103960,48070,163320,17360,15300,18180,32300,11490
25/11/2023,34690,36210,14790,16150,76070,102900,48070,163320,17540,15570,18180,32300,11970
26/11/2023,34490,36210,14790,16150,77000,102490,48070,163320,17540,15570,18180,32090,11970
27/11/2023,35430,36210,14790,16150,80270,113980,47870,163320,17730,15570,18180,32500,11970
28/11/2023,35220,36210,14790,16150,81380,123650,47650,163320,17730,15570,17990,32520,11970
29/11/2023,35430,36750,14790,16150,82440,131150,47550,163320,18110,15570,17770,32520,11970
30/11/2023,35430,36750,14790,16150,82510,130270,47550,163320,18110,15810,17770,32520,11970
01/12/2023,35630,36210,14790,16150,82510,129160,47750,163320,17990,15810,17770,32520,11970
02/12/2023,35630,36480,14790,16150,80400,126270,47970,163320,18110,15570,17770,32720,11970
03/12/2023,35630,36750,14790,16150,80400,77620,47970,163320,18110,15570,17770,32720,11970
04/12/2023,35820,36210,14790,16150,89550,78170,48360,163320,17990,15570,17770,32720,11970
05/12/2023,35630,36480,14790,16150,90530,121210,48570,163320,17990,15570,17770,32910,11490
06/12/2023,35820,36210,14790,16150,93890,120220,47920,163320,17990,15570,18150,32910,11970
07/12/2023,35630,36480,14900,16250,94860,78330,48320,163320,17990,15570,18150,32910,11970
08/12/2023,36020,36480,14900,16250,96010,123210,48530,164960,17990,15570,17770,32530,11970
09/12/2023,35300,36480,14900,16250,96010,129520,48400,164960,17860,15570,17770,32530,11970
10/12/2023,35500,36210,14900,16250,96010,142260,48610,164960,17490,15570,18150,32730,11970
11/12/2023,37390,37290,14900,16250,106440,143340,47950,164960,17570,15570,17610,32720,11970
12/12/2023,37390,37290,14900,16250,106440,143340,47740,164960,17570,15300,17610,32720,11970
13/12/2023,37770,39340,14900,16250,106440,141340,48360,164960,17940,15300,17990,32720,11970
14/12/2023,38160,38880,14900,16300,106690,158110,47560,164960,17940,15570,17610,32720,11970
15/12/2023,38160,39120,14900,16300,103340,151680,47350,164960,17570,15570,17990,32720,11970
16/12/2023,38160,39570,14900,16300,103340,148380,47550,164960,17570,14780,17610,32720,11970
17/12/2023,38530,40000,14900,16300,103510,148380,47550,164960,17620,15570,17610,32720,11970
18/12/2023,39810,40000,14900,16300,101100,148030,47630,163320,17570,15570,17610,32630,11970
19/12/2023,39810,40000,14900,16300,101100,141170,47630,164960,17570,16030,17610,32630,11970
20/12/2023,40000,37070,14900,16300,81950,130750,47630,163320,17570,15570,17610,32630,11970
21/12/2023,40950,39040,14900,16300,98990,141170,47830,164960,17570,15570,17610,32630,11970
22/12/2023,41040,40560,14900,16300,95440,140100,47830,164960,17570,15570,17610,32630,11970
23/12/2023,41420,41000,14900,16300,94670,138800,49050,162800,17540,15570,17610,32820,11970
24/12/2023,41800,41000,14900,16300,96380,145880,49050,167340,17920,15570,17610,32630,11970
25/12/2023,42260,40570,15130,16380,96410,156460,48810,163400,17900,15760,17280,33030,12490
26/12/2023,42260,40050,15130,16380,95340,152640,47540,168120,17900,15760,17280,33030,12490
27/12/2023,41420,41000,14900,16300,96920,141530,48590,163320,17920,15570,17610,32630,11970
28/12/2023,41600,40560,14900,16300,95090,136460,48590,163320,17540,15570,17610,32630,11970
29/12/2023,43430,40320,14900,16300,92880,134290,48950,167340,17540,15570,17770,32830,11970
30/12/2023,44330,39520,15130,16380,89890,135390,47540,162480,17430,15760,17480,32790,12490
31/12/2023,44070,39520,15130,16380,86940,130940,48310,168120,17430,14710,17480,32540,12490
01/01/2024,43430,40330,14900,16300,89400,124920,48950,164950,17540,15570,17770,32630,11970
02/01/2024,43830,38950,15130,16380,85630,127420,47540,162480,17430,15760,17480,32790,12490
03/01/2024,43300,38660,15130,16380,85630,123040,47540,162480,17430,15760,17480,32790,12490
04/01/2024,46560,39860,14690,16300,81450,118400,48950,164950,17540,15570,17770,33030,11970
05/01/2024,47240,40290,14900,16300,81450,110730,49390,164950,17540,15570,16950,32630,11970
06/01/2024,48230,41440,14900,16300,81450,108640,48590,164950,17540,15570,17770,32830,11970
07/01/2024,48680,41870,14900,16300,81520,109210,49030,164950,17540,15570,17770,32420,11970
08/01/2024,49240,42300,14900,16300,79220,109210,48840,163320,17540,15570,17770,34500,11970
09/01/2024,49240,41870,14900,16300,79220,107330,48840,163320,17540,15570,18200,32420,11970
10/01/2024,50090,42720,14900,16300,78800,108140,48840,164960,17540,16520,18390,32620,11970
11/01/2024,50090,43340,14900,16300,80070,107040,48840,163320,17540,15570,18390,32420,11970
12/01/2024,50710,43110,14900,16300,80820,104080,47520,163320,17540,15570,17970,32420,11970
13/01/2024,50710,42720,14900,16300,77860,92590,47520,164960,17540,15570,18390,32420,11970
14/01/2024,51130,41450,14900,16300,75500,90430,48650,163320,17540,15570,18390,32620,11970
15/01/2024,51730,43670,14900,16300,72680,87030,49030,161650,17540,15570,18200,32420,11970
16/01/2024,51650,44070,14900,16300,70760,79810,49030,161650,17540,15570,18200,32880,11970
17/01/2024,52240,44440,14900,16300,70760,78300,49390,161650,17540,15570,18200,32880,11970
18/01/2024,41860,42310,14690,16200,72410,75760,48540,161650,17220,15650,17840,32520,11980
19/01/2024,49800,41670,14690,16200,70880,75210,48540,161650,17220,15650,18280,35050,11980
20/01/2024,50400,41670,14690,16200,71630,74580,48990,161650,17220,15790,18280,32370,11980
21/01/2024,50720,41670,14690,16200,70920,73080,48990,163700,17220,15790,18320,32370,11980
22/01/2024,51130,42190,14330,16240,68260,69130,50110,163700,17310,15990,18520,32300,11980
23/01/2024,50880,42080,14330,16240,69130,68580,50110,161650,17310,15990,18520,32300,11980
24/01/2024,50510,41670,14920,16320,70120,73970,49450,163700,17220,15790,18320,32340,11720
25/01/2024,51060,41590,14520,16280,68180,71820,50240,163700,17430,15990,18520,32420,11780
26/01/2024,50300,41470,14520,16280,68810,69620,50240,163700,17430,15990,18520,32520,11780
27/01/2024,49660,41470,14520,16280,68300,68750,50360,161650,17570,15990,18520,32520,11780
28/01/2024,49480,41670,14630,16280,68680,67640,50510,161650,17430,15990,18520,32360,11780
29/01/2024,47870,41170,14630,16280,65080,66790,50610,161650,17450,15990,18280,32460,11780
30/01/2024,47990,41470,14630,16280,63690,66940,50610,161650,17450,15990,18400,32460,11780
31/01/2024,47200,41470,14630,16280,61690,62320,50490,161650,17600,15990,18400,32360,11780
01/02/2024,47740,41220,14290,16400,61880,61180,50490,163700,17600,15990,18400,32480,11780
02/02/2024,47870,40090,14290,16400,61350,61640,50490,163700,17600,15990,18280,32480,11780
03/02/2024,46890,41220,14290,16400,60030,64770,51760,161650,17600,15990,18400,32520,11780
04/02/2024,46890,41220,14290,16400,59430,64770,51100,161650,17600,15990,18370,32520,11780
05/02/2024,47240,41220,14290,16400,60870,69140,53460,161650,17600,15990,18370,32550,11780
06/02/2024,47560,41690,14190,16380,61740,68840,53040,161650,17540,15990,18420,32450,11490
07/02/2024,45150,40990,14750,16340,62910,70210,52030,161650,16830,15790,18140,32610,11720
08/02/2024,47560,40690,14650,16470,61970,70210,52190,163700,17540,15790,18280,32750,11720
09/02/2024,48500,36040,13260,16210,68900,69090,50400,161650,16960,15990,18150,31850,11780
10/02/2024,42330,37410,14330,15540,66270,62160,50460,164890,16700,15790,18590,31390,11720
11/02/2024,46790,40930,14350,16470,61350,64140,53160,164890,17600,15990,18240,32590,11780
12/02/2024,46650,40930,14350,16480,62080,66660,52530,161650,17600,15990,18370,32460,11780
13/02/2024,44190,39890,14470,16540,73740,68540,52260,161650,17600,15990,18240,34550,11780
14/02/2024,43480,40990,14840,16640,77950,69820,52560,161650,17460,15740,18160,32710,11320
15/02/2024,43610,40810,14620,16540,73110,71410,52190,161650,17600,15990,18240,32710,11780
16/02/2024,42650,40380,15040,16680,76560,70140,51400,161650,17540,15790,18140,32810,11720
17/02/2024,42690,40540,14620,16640,73520,69760,51840,161650,17600,15990,18240,32830,11780
18/02/2024,43670,40930,14620,16640,73580,75510,52070,163700,17560,15990,18240,32830,11780
19/02/2024,42490,40890,15190,16900,87410,91530,51130,161650,17540,15790,18140,33300,11720
20/02/2024,41920,41220,14680,16850,83950,99750,51830,161650,17600,16150,18360,33130,11780
21/02/2024,41660,40960,15230,16890,82520,104570,51830,161650,17600,16150,18360,33160,11780
22/02/2024,42280,40960,15340,17000,82080,104200,51830,163700,17450,16770,18360,33160,11780
23/02/2024,41660,41630,15400,17030,79460,102540,51830,161650,17600,16270,18230,33120,11780
24/02/2024,41390,42250,16300,17660,84960,102970,51020,161650,17810,16200,18320,33420,11490
25/02/2024,41190,41130,16030,17250,82640,96340,50720,161650,17540,16200,18120,33090,11720
26/02/2024,40660,41590,15460,17090,80530,94530,51590,161650,17600,16330,18230,32990,11780
27/02/2024,40090,42570,16360,17500,83030,105210,51530,163700,17810,16200,18150,33670,11720
28/02/2024,41040,41930,15460,17090,81650,93450,51590,161650,17600,16330,18230,33780,11780
29/02/2024,40690,42540,15760,17100,82360,100580,51340,163700,17600,16330,18230,36020,11490
01/03/2024,39540,42490,16030,17260,83460,103160,50350,163700,17540,16200,18120,35120,11320
02/03/2024,40210,41780,16030,17260,84240,102410,50350,161650,17540,16200,18120,35120,11320
03/03/2024,40220,41190,16030,17250,84830,101800,49740,161650,17540,16200,18260,35120,11320
04/03/2024,40300,42290,15460,17120,82350,109120,50340,161650,17600,16330,18360,35620,11490
05/03/2024,40300,41940,15460,17120,80770,111580,49720,164890,17600,16330,18360,35620,11490
06/03/2024,39620,41870,15490,17250,82260,108920,49040,164890,17600,16330,18360,35880,11490
07/03/2024,40290,42610,15530,17390,83320,106720,49760,164890,17600,16330,18360,36290,11490
08/03/2024,40530,42230,16220,16650,82850,106510,49760,164890,17600,16330,18360,36290,11490
09/03/2024,40640,41890,16220,17450,84120,103930,49580,164890,17540,16200,18120,36900,11320
10/03/2024,38280,42440,15360,17390,84650,97820,50420,164890,17600,16330,18230,37430,11490
11/03/2024,40040,42600,15240,17360,84030,101120,50490,164890,17720,16330,18230,37780,11490
12/03/2024,40390,42600,15280,17360,83350,100850,50360,164890,17720,16330,18230,37680,11490
13/03/2024,40080,42780,15280,17360,84810,97670,50360,164890,17720,16330,18230,37710,11490
14/03/2024,39650,42270,15080,17360,84060,95480,49970,162250,17720,16330,18230,37940,11490
15/03/2024,39740,42270,15080,17360,83930,95440,49710,158210,17720,16330,18230,38040,11490
16/03/2024,39760,42440,15100,17360,84460,95930,49710,162250,17720,16330,18230,37960,11490
17/03/2024,39310,42230,15600,17410,84380,94630,49960,158210,17540,16200,18120,37950,11320
18/03/2024,40190,42730,15100,17340,85950,95860,49990,162250,17570,16330,17840,37950,11490
19/03/2024,40780,43140,15100,17340,81140,94200,49990,158210,17570,16800,18230,38040,11490
20/03/2024,39790,42980,15100,17340,81740,89670,49480,162250,17450,16330,18230,38210,11490
21/03/2024,40670,43260,15100,17340,81120,89460,49730,158210,17570,16330,18230,38210,11490
22/03/2024,39300,43060,15100,17340,76900,86980,49730,162250,17570,16330,17980,38120,11490
23/03/2024,39260,43060,15100,17390,76640,87020,48810,158210,17570,16330,18230,38120,11490
24/03/2024,39220,43420,15100,17390,75990,87210,48940,158210,17570,16330,18230,38160,11490
25/03/2024,39600,43870,15100,17390,71980,88510,48760,162250,17570,16330,18090,38120,11490
26/03/2024,39960,43870,15100,17390,72600,88130,48750,158210,17690,16330,18090,38160,11490
27/03/2024,39960,43340,15100,17390,71980,87510,48750,162250,17690,16330,18090,38160,11490
28/03/2024,39960,43460,15100,17520,71980,86290,48750,162250,17690,16330,18090,38110,11490
29/03/2024,40370,43240,15600,17590,72450,88280,48710,162250,17510,16200,17670,38230,11320
30/03/2024,39240,43580,15100,17520,70180,86720,48750,158210,17690,16330,18090,38200,11490
31/03/2024,39240,43450,15100,17520,70130,85130,48990,158210,17690,16330,18230,38290,11490
01/04/2024,39640,42030,15600,17590,71840,86650,48570,161080,17510,16240,17700,38500,11490
02/04/2024,40400,42440,14980,17590,71840,86650,47980,158210,17650,16390,17840,38210,11490
03/04/2024,39840,42800,14970,17640,74140,86860,48230,161080,17690,16580,17730,38310,11790
04/04/2024,40240,43320,14970,17640,73760,80580,48500,161080,17690,16580,17730,34840,11790
05/04/2024,40590,42900,15590,17700,73760,81650,48750,159720,17680,16640,17850,37490,11740
06/04/2024,42100,43770,14970,17730,81850,86420,48590,158660,17840,16580,17990,37430,11790
07/04/2024,43150,43360,15520,17640,81650,90240,49490,158210,17620,16480,17660,36940,11660
08/04/2024,45010,44120,15700,17700,101670,110250,49600,162320,17540,16480,17920,37180,11860
09/04/2024,45190,46390,15180,17730,94390,113050,50790,163540,17720,16580,17990,37150,11890
10/04/2024,,,,,,,,,,,,,
11/04/2024,,,,,,,,,,,,,
12/04/2024,45250,44780,15650,17640,80990,100600,51050,158210,17460,16480,17660,37040,11820
13/04/2024,44390,44980,15630,17700,80850,94020,50140,158660,17540,16480,17850,37180,11860
14/04/2024,46970,44980,15630,17700,82760,92630,50140,158660,17540,16480,17850,38720,11860
15/04/2024,45680,44980,15630,17700,82760,94270,50140,158660,17540,16480,17850,37440,11860
16/04/2024,46410,46150,15120,17730,87340,111390,49240,158660,17720,16580,17990,37340,11890
17/04/2024,46410,45760,15120,17730,86580,108560,49640,158660,17720,16580,18110,37210,11890
18/04/2024,50900,46070,15630,17700,80380,93090,49420,158660,17810,17200,17990,37380,11980
19/04/2024,50600,46210,15630,17700,82980,97000,49420,158660,17810,16480,18130,37380,11980
20/04/2024,50630,46540,15120,17710,74080,94770,49240,158660,17950,16580,18240,37260,11980
21/04/2024,50600,46250,15570,17640,72210,90300,50370,158210,17770,16480,17990,37190,11970
22/04/2024,52210,45850,15370,17670,75550,65370,50340,158660,17950,15480,18490,37200,11980
23/04/2024,59380,47820,14960,17460,76210,90700,51310,158210,17940,16180,18270,36870,11980
24/04/2024,59270,47580,15310,17670,75550,80130,50610,158660,17950,16590,18360,37130,11980
25/04/2024,59910,47580,15090,17590,74450,80910,50480,158660,17950,16590,18360,37130,11980
26/04/2024,60110,47530,15090,17590,76400,84210,50600,158660,17950,16590,18360,37340,12240
27/04/2024,59690,47120,15210,17660,73900,81320,51380,158660,17950,16780,18110,37340,12240
28/04/2024,59350,47400,15210,17660,72230,84980,51380,158660,17950,16780,18110,37340,12940
29/04/2024,59470,46580,15730,17610,68530,81600,49570,158660,17810,16240,18130,36960,12320
30/04/2024,59280,47000,15210,17660,71050,85630,50220,158660,17950,16580,18240,37220,12240
01/05/2024,56470,46030,15860,17540,70900,87230,49500,161650,17460,16000,18150,37470,12000
02/05/2024,57370,47520,15210,17620,73810,96900,49370,158660,18070,16490,18240,37090,12240
03/05/2024,58690,47520,15210,17620,73810,97790,49640,158660,17950,16490,18240,37220,12240
04/05/2024,58790,47180,15730,17560,74370,100060,48620,158660,17810,16330,18260,37250,12320
05/05/2024,58920,47550,15510,17490,71850,103870,49760,158210,17620,16330,17990,37120,12000
06/05/2024,57500,46960,15080,17590,77390,104230,49640,158660,17840,16230,18210,37220,12000
07/05/2024,57500,46960,14840,17460,76870,104230,49770,158660,17840,16230,18210,37150,12000
08/05/2024,57250,46960,14840,17460,75940,89720,49770,158660,17840,16230,18210,37280,12000
09/05/2024,57250,46960,14840,17460,76600,67280,49500,158660,17840,16230,18210,37280,12000
10/05/2024,56610,46550,15060,17460,76600,88640,49770,158660,17840,16380,18210,37030,12000
11/05/2024,46000,39500,15290,17390,75730,81630,49060,158660,17810,16230,18100,36650,12000
12/05/2024,53850,45000,15060,17460,74500,78790,49640,158660,17950,16380,18210,36710,12000
13/05/2024,55690,47680,15020,17510,76950,80700,49640,158660,17950,16380,18210,36400,12000
14/05/2024,55690,47820,15030,17320,76870,78710,49640,158660,17950,16590,18350,36400,11740
15/05/2024,54110,46500,15110,17450,77090,77740,48860,158660,17840,16590,18350,36400,11570
16/05/2024,53850,46370,15110,17450,77680,76250,48860,158660,17840,16800,18350,36400,11370
17/05/2024,55490,48090,15110,17450,76290,76210,48860,158660,17840,16800,18350,36400,11570
18/05/2024,55170,46870,15350,17370,76390,74980,47740,158660,17680,16740,18260,36170,11220
19/05/2024,54330,45640,15590,17190,73590,73430,48220,161650,17460,17000,18480,36370,11290
20/05/2024,55360,47820,15110,17450,72690,80700,49240,158660,18070,16580,18210,36430,11370
21/05/2024,55090,47820,15040,17390,74470,82670,48470,158660,18070,16580,18210,36430,11370
22/05/2024,55430,47820,15110,17450,74470,84630,49240,158660,18070,16580,18210,36210,11570
23/05/2024,55170,47680,14980,17390,74870,82570,49240,158660,18070,16480,18210,36330,11570
24/05/2024,55180,48100,14950,17390,75860,83660,49240,158660,18070,16480,18210,36210,11570
25/05/2024,51450,44820,15430,17300,75380,81780,48180,158660,17940,16660,18260,36100,11470
26/05/2024,51700,44790,15590,17350,74630,81260,48570,158210,17770,16660,17980,36120,11290
27/05/2024,52640,46210,15110,17390,79520,80560,48860,158660,18070,16480,18210,36330,11570
28/05/2024,53120,47180,15130,17610,80130,77930,49130,158660,18390,16740,18400,36510,11570
29/05/2024,51660,46210,14950,17290,73330,75750,48720,158660,18070,16800,18350,36330,11570
30/05/2024,51910,45700,15320,17330,73300,74660,48830,158660,17940,16740,18260,36100,11470
31/05/2024,52850,46770,15080,17530,72150,76580,50100,158660,18190,16800,18350,36330,11570
01/06/2024,53020,46770,15080,17530,70990,75290,49440,158660,18070,16800,18350,36330,11570
02/06/2024,53020,46770,15080,17530,69820,74060,49440,158660,18070,16800,18350,36330,11570
03/06/2024,51440,45700,15320,17330,70750,75510,47690,158660,17940,16480,18100,36200,11470
04/06/2024,51580,46210,14950,17530,76860,78150,48540,158660,18070,16580,18210,36200,11570
05/06/2024,52200,46210,14950,17530,75910,78150,48540,158660,18070,16580,18210,36200,11570
06/06/2024,52200,46520,14950,17530,69450,72840,48680,158660,18070,16480,18210,36200,11570
07/06/2024,50990,44790,15170,17330,72590,77880,47840,158660,17940,16310,18100,35940,11470
08/06/2024,52040,46210,14820,17530,73470,76380,48680,158660,17960,16480,18210,36200,11570
09/06/2024,51160,45090,15050,17230,74420,77410,48330,158210,17620,16310,17800,35940,11290
10/06/2024,50530,46190,15070,17420,76470,76160,47980,158660,17970,16740,18300,36080,12120
11/06/2024,51320,46280,14720,17410,75250,77520,49100,159880,17960,16580,18210,36320,12100
12/06/2024,51100,46280,14720,17410,78000,84030,49330,159880,17960,16580,18210,35940,12100
13/06/2024,51100,46280,14720,17410,78680,86500,49080,159880,17960,16800,18090,35940,12100
14/06/2024,50190,45300,15050,17190,88590,91050,48570,158660,17810,16740,18260,35800,12120
15/06/2024,51780,47090,14840,17410,96530,92520,49330,161080,17960,16800,18350,36070,11160
16/06/2024,51320,46380,14840,17410,99340,87440,50550,160860,17840,17000,18610,36070,11160
17/06/2024,,,,,,,,,,,,,
18/06/2024,,,,,,,,,,,,,
19/06/2024,48990,45600,15050,17190,89650,83310,50570,158210,17810,17000,18410,36080,10950
20/06/2024,49700,46410,14840,17410,94200,82180,51200,158210,17840,17000,18480,36320,11160
21/06/2024,48990,45300,15050,17190,104010,82000,49030,158210,17680,17000,18410,36040,11470
22/06/2024,49340,46200,15530,17410,105230,83330,50360,158210,17840,16800,18350,36340,11570
23/06/2024,49530,46430,15320,17470,106130,82600,50410,158210,17680,16800,18120,36080,11470
24/06/2024,49140,45530,15190,17100,93880,81830,49180,158660,17810,17000,18410,36040,10950
25/06/2024,49140,45530,15050,17100,93880,83410,49180,158660,17680,15900,18270,37240,10950
26/06/2024,48990,45460,15400,17330,93650,81130,50420,158660,17840,17000,18480,36280,11160
27/06/2024,48600,45690,15280,17330,91910,81670,50420,158660,17840,17000,18480,36160,11160
28/06/2024,48600,45690,15280,17330,91080,81670,50420,158660,17840,17000,18480,36160,11160
29/06/2024,48540,46570,15330,17500,87580,77010,50390,158660,18110,17000,18260,36030,11160
30/06/2024,48540,45110,15050,17060,87580,79650,48750,158660,17680,17000,18410,35480,10950
01/07/2024,48540,45110,15050,17060,82230,78320,49180,158660,17680,17000,18410,35300,10950
02/07/2024,48720,45700,15320,17290,85510,84850,49220,158660,17720,17000,18480,35630,11160
03/07/2024,48740,45030,15280,17290,82590,86690,49870,158660,17720,17000,18480,35500,11670
04/07/2024,48720,45700,15280,17290,82010,85590,49740,158660,17720,17000,18480,35500,11160
05/07/2024,48400,45230,15510,17190,80930,87430,49030,161650,17680,17000,18550,35580,10950
06/07/2024,48550,46030,15280,17210,82800,87760,49030,158660,17840,17000,18480,35500,11160
07/07/2024,48080,45230,15050,16960,82940,88450,48490,158660,17680,17000,18410,35160,10950
08/07/2024,46720,45230,15130,16960,81050,91170,48330,158660,17680,17000,18410,35160,10950
09/07/2024,47360,46440,15350,17270,80100,89040,48020,158660,17840,17000,18480,35500,11160
10/07/2024,47140,45760,15350,17270,78580,91510,48150,158660,17970,17120,18610,35380,11160
11/07/2024,47140,45760,15350,17270,78030,89490,48150,158660,17840,17120,18480,35010,11160
12/07/2024,46480,45180,15130,17030,76540,86600,47580,158660,17830,17150,18560,34570,10950
13/07/2024,46350,45530,15350,17270,76500,87020,47010,158660,17970,17120,18610,34980,11160
14/07/2024,44850,45530,15350,17270,73200,84290,46890,158660,17970,17120,18610,34980,11160
15/07/2024,43710,45180,15130,17030,73420,94250,46870,158660,17830,17150,18560,34410,10950
16/07/2024,44260,45530,15350,17270,74300,94900,47250,158660,17970,17500,18480,34740,11160
17/07/2024,44590,45530,15400,17310,74010,93690,47160,158210,18100,17120,18420,35000,10950
18/07/2024,43770,45460,15350,17430,73930,95220,47120,158660,18090,17320,18610,34870,11160
19/07/2024,43770,45460,15350,17430,75370,95890,46880,158660,18090,17320,18740,34740,11160
20/07/2024,42450,45070,15350,17430,73290,96180,47120,158660,18090,17320,18610,34740,11160
21/07/2024,43080,45070,15350,17430,74980,94240,47500,158660,18090,17320,18610,34740,11160
22/07/2024,41380,45430,15350,17430,75550,91830,47500,158660,18090,17350,18610,34460,11160
23/07/2024,39250,44820,15130,17220,74260,94090,47730,158660,17640,17440,18400,33930,10950
24/07/2024,39320,45300,15350,17430,72940,94310,47390,158660,17810,17320,18610,34540,11160
25/07/2024,37450,45260,15330,17600,75000,98880,47360,158660,17780,17390,18640,34290,10950
26/07/2024,38650,44900,15470,17540,72040,90350,46890,158660,17560,17320,18610,34520,11160
27/07/2024,37260,44320,15260,17340,69780,90570,46870,158660,17640,17390,18550,34050,10950
28/07/2024,37260,44470,15260,17340,69780,89210,47310,158660,17640,15230,18550,33990,10950
29/07/2024,37550,44620,15320,17350,68800,90810,47300,158660,17690,17320,18610,34520,11160
30/07/2024,36050,44010,15100,17120,65490,90300,47340,158660,17510,17390,18550,33990,10950
31/07/2024,37120,44510,15320,17350,66890,89010,47920,158660,17810,17320,18460,34470,11160
01/08/2024,37880,44780,15390,17410,70490,87780,47510,158660,17810,17320,18460,34340,11160
02/08/2024,37180,44810,15390,17410,69980,86470,47700,158660,17650,17510,18590,34340,11270
03/08/2024,35840,44380,15170,17190,68130,87350,47800,158660,17460,17640,18530,33850,10950
04/08/2024,37180,44700,15390,17410,68530,86470,47730,158660,17650,17510,18590,34340,11160
05/08/2024,35630,44540,15650,17430,68950,87890,48180,158660,17750,17390,18590,34340,11160
06/08/2024,35150,44410,15590,17430,68630,89060,48040,158660,17750,17390,18590,34480,10950
07/08/2024,35770,43920,15650,17430,67830,86050,48300,158660,17750,17200,18590,34600,11160
08/08/2024,35800,43280,15650,17430,66490,85690,48310,158660,17730,17390,18590,34350,11670
09/08/2024,35800,43280,15760,17430,67780,86680,48820,158660,17730,17390,18840,34350,11160
10/08/2024,36220,43210,15590,17430,68220,87940,48440,158660,17810,17390,18580,34350,11160
11/08/2024,36220,43320,15650,17320,68220,87130,49860,158660,17810,17390,18840,34350,11160
12/08/2024,34190,42770,15460,17220,66210,83100,48110,158660,17550,16130,18810,33990,10950
13/08/2024,34190,43310,15460,17150,66210,80050,49580,158660,17550,17490,18810,33990,10950
14/08/2024,33940,43310,15460,17220,66210,80900,48540,158660,17550,17490,18810,33990,10950
15/08/2024,36820,44370,15590,17380,70730,80240,47990,158660,17810,17780,18960,34240,11160
16/08/2024,36030,44360,15590,17490,71610,78990,48230,157320,17810,17390,18710,34240,11470
17/08/2024,34520,44010,15630,17180,69850,80600,47660,158210,17430,17490,18300,33840,10950
18/08/2024,36400,43880,15440,17320,70470,78430,47110,158660,17810,17390,18710,33600,11470
19/08/2024,33980,42890,15590,17320,71080,77710,47110,157320,17840,17390,18980,33480,11470
20/08/2024,33760,43900,15560,17380,69790,76620,45420,157320,17830,17530,18620,33040,11290
21/08/2024,33410,42640,15590,17310,71990,81700,47110,157320,17840,17390,18710,33480,11470
22/08/2024,33930,43220,15460,17140,72280,77690,47400,157320,17550,17390,19130,33000,11290
23/08/2024,33690,43220,15460,17280,72210,78430,47400,158660,17550,17390,19130,33070,11290
24/08/2024,33170,42800,15590,17430,73630,79760,45170,158660,17840,17320,19240,33480,11470
25/08/2024,33690,43220,15460,17140,72210,78430,47990,158660,17550,17390,18980,33000,11290
26/08/2024,32910,44050,15460,17140,66830,74800,47840,158660,17550,17490,19130,33000,11290
27/08/2024,32530,43400,15540,17310,67230,76290,47610,158660,17840,17390,19110,33440,11470
28/08/2024,32200,43910,15490,17210,65580,74380,47550,158660,17550,17490,19130,32810,11290
29/08/2024,32260,43910,15430,17210,68540,77000,47840,158660,17550,17490,19130,32560,11290
30/08/2024,32550,43620,15430,17210,66620,76720,47690,158660,17550,17490,19130,32240,11290
31/08/2024,32920,42650,15430,17210,70440,79520,47690,158660,17550,17490,18530,32240,11290
01/09/2024,33190,42360,15430,17210,68110,78830,47400,158660,17550,17490,18980,32240,11290
02/09/2024,33570,43020,15500,17370,69020,74520,47110,158660,17840,17390,19100,32780,11470
03/09/2024,33020,43020,15560,17370,68560,74670,46980,158660,17840,17390,19240,32780,11470
04/09/2024,33290,43150,15560,17370,67070,76810,47110,158660,17840,17390,19240,32860,11470
05/09/2024,34550,42760,15560,17370,66890,74970,47230,158660,17840,17390,19100,32860,11470
06/09/2024,34330,43150,15560,17370,65390,75950,46640,158660,17840,17390,19100,32860,11470
07/09/2024,34210,43150,15560,17370,64740,77130,46600,158660,17810,17510,19100,32860,11470
08/09/2024,34540,43620,15430,17210,66560,76250,46830,158660,17510,17490,18830,32300,11290
09/09/2024,35030,42990,15560,17370,63540,73100,46550,158660,17840,17390,19100,32900,12000
10/09/2024,35030,42350,15560,17370,64630,74330,44510,158660,17840,17390,19240,33020,12000
11/09/2024,34780,42410,15560,17370,63270,74840,46550,158210,17840,17390,19240,33020,12000
12/09/2024,34570,42920,15540,17460,63740,70520,46420,158210,17840,17390,19240,33140,12000
13/09/2024,34800,43040,15540,17460,63740,70800,46420,158210,17840,17390,19240,33020,12000
14/09/2024,35070,43040,15540,17490,63230,71230,46420,158210,17840,17390,19240,33100,12000
15/09/2024,35080,43190,15410,17350,65780,74400,46620,158210,17550,17490,19130,32700,12000
16/09/2024,35070,43230,15540,17490,63910,72590,46280,158660,17840,17390,19240,33100,12000
17/09/2024,35320,43040,15540,17490,65530,74400,45890,158210,17840,17390,19240,33360,12000
18/09/2024,36210,43190,15370,17350,65610,74410,46470,158210,17550,17490,19130,33070,12000
19/09/2024,35760,42960,15500,17490,66330,73070,46410,158210,17840,18220,19240,33430,12000
20/09/2024,36850,43520,15500,17490,64550,73870,46800,158660,17810,17390,19240,33610,12000
21/09/2024,36990,42910,15430,17410,63080,75810,47070,158210,17780,17390,19130,33420,12000
22/09/2024,37400,43100,15430,17410,63080,76100,46520,158210,17780,17390,19130,33420,12000
23/09/2024,36180,43160,15500,17490,66000,76820,47230,158660,17840,17390,19240,33640,12000
24/09/2024,36180,43160,15500,17490,65280,77670,47230,158660,17840,17390,19240,33640,12000
25/09/2024,36180,43540,15500,17490,64200,75920,47110,158660,17840,17390,19370,33640,12000
26/09/2024,36490,43330,15430,17280,62400,76340,47560,162480,17640,17490,19420,33630,12000
27/09/2024,36300,43290,15500,17490,63450,74980,47360,158210,17840,17590,19430,34310,12000
28/09/2024,35800,43330,15370,17350,61860,71660,47270,158660,17510,17740,19280,34080,12000
29/09/2024,35940,43060,15260,17080,61410,75030,47480,162480,17280,17660,19330,34090,
30/09/2024,36100,42820,15500,17490,64290,75950,48090,158210,17840,17590,19370,34340,12000
