Date,Harga Bahan Pangan Bawang Merah,USDIDR Close,Price Crude Oil,Change % Crude Oil,Price Natural Gas,Change % Natural Gas,Price Newcastle Coal,Change % Newcastle Coal,Price Palm Oil,Change % Palm Oil,Price US Sugar,Change % US Sugar,Price US Wheat,Change % US Wheat
2022-01-01,28970.0,14215.0,75.85,1.3,3.678,3.4,157.5,-7.13,5.259,1.94,18.74,-0.74,758.0,-1.65
2022-01-02,29900.0,14215.0,75.85,1.3,3.678,3.4,157.5,-7.13,5.259,1.94,18.74,-0.74,758.0,-1.65
2022-01-03,28970.0,14215.0,75.85,1.3,3.678,3.4,157.5,-7.13,5.259,1.94,18.74,-0.74,758.0,-1.65
2022-01-04,29600.0,14283.59961,76.74,1.17,3.582,-2.61,174.1,10.54,5.308,0.93,18.75,0.05,770.0,1.58
2022-01-05,29540.0,14385.5,77.47,0.95,3.71,3.57,179.9,3.33,5.437,2.43,18.34,-2.19,760.75,-1.2
2022-01-06,29410.0,14446.5,78.88,1.82,3.67,-1.08,196.5,9.23,5.387,-0.92,18.19,-0.82,746.0,-1.94
2022-01-07,30960.0,14408.0,78.44,-0.56,3.726,1.53,195.9,-0.31,5.33,-1.06,18.05,-0.77,758.5,1.68
2022-01-08,30550.0,14318.5,77.7,-0.94,3.834,2.9,196.5,0.31,5.366,0.68,17.83,-1.22,762.0,0.46
2022-01-09,29840.0,14318.5,77.7,-0.94,3.834,2.9,196.5,0.31,5.366,0.68,17.83,-1.22,762.0,0.46
2022-01-10,29800.0,14318.5,77.7,-0.94,3.834,2.9,196.5,0.31,5.366,0.68,17.83,-1.22,762.0,0.46
2022-01-11,29660.0,14313.0,80.67,3.82,3.968,3.5,197.1,0.31,5.3,-1.23,18.11,1.57,770.25,1.08
2022-01-12,30590.0,14277.0,82.02,1.67,4.327,9.05,203.0,2.99,5.26,-0.75,18.34,1.27,757.75,-1.62
2022-01-13,31130.0,14298.90039,81.62,-0.49,4.005,-7.44,211.5,4.19,5.33,1.33,18.09,-1.36,746.75,-1.45
2022-01-14,31110.0,14276.0,83.3,2.06,4.081,1.9,216.75,2.48,5.3,-0.56,18.31,1.22,741.5,-0.7
2022-01-15,30410.0,14314.5,83.83,0.64,4.335,6.22,220.5,1.73,5.32,0.38,18.66,1.91,769.0,3.71
2022-01-16,29780.0,14314.5,83.83,0.64,4.335,6.22,220.5,1.73,5.32,0.38,18.66,1.91,769.0,3.71
2022-01-17,29920.0,14314.5,83.69,-0.17,4.276,-1.36,220.5,1.73,5.32,0.38,18.66,1.91,769.0,3.71
2022-01-18,30570.0,14349.7002,84.83,1.36,4.048,-5.33,221.0,0.23,5.353,0.62,18.66,1.91,769.0,3.71
2022-01-19,29980.0,14382.2998,85.8,1.14,3.845,-5.01,223.1,0.95,5.353,0.62,19.07,2.2,796.5,3.58
2022-01-20,29720.0,14362.7998,85.55,-0.29,3.649,-5.1,225.65,1.14,5.4,0.88,18.93,-0.73,790.25,-0.78
2022-01-21,30270.0,14343.0,84.14,-1.65,3.782,3.64,224.6,-0.47,5.504,1.93,18.9,-0.16,780.0,-1.3
2022-01-22,30280.0,14329.7002,82.41,-2.06,3.875,2.46,225.25,0.29,5.438,-1.2,18.81,-0.48,800.5,2.63
2022-01-23,29490.0,14329.7002,82.41,-2.06,3.875,2.46,225.25,0.29,5.438,-1.2,18.81,-0.48,800.5,2.63
2022-01-24,29790.0,14329.7002,82.41,-2.06,3.875,2.46,225.25,0.29,5.438,-1.2,18.81,-0.48,800.5,2.63
2022-01-25,29610.0,14365.0,84.37,2.38,3.894,0.49,227.3,0.91,5.454,0.29,18.78,-0.16,818.0,2.19
2022-01-26,29500.0,14330.5,85.96,1.88,4.036,3.65,227.8,0.22,5.506,0.95,18.49,-1.54,795.0,-2.81
2022-01-27,29530.0,14366.40039,85.29,-0.78,4.283,6.12,227.6,-0.09,5.613,1.94,18.41,-0.43,777.0,-2.26
2022-01-28,29520.0,14389.2002,85.43,0.16,4.473,4.44,227.65,0.02,5.803,3.38,18.2,-1.14,786.25,1.19
2022-01-29,30070.0,14381.59961,86.49,1.24,4.675,4.52,222.75,-2.15,5.785,-0.31,18.22,0.11,761.25,-3.18
2022-01-30,29680.0,14381.59961,86.49,1.24,4.675,4.52,222.75,-2.15,5.785,-0.31,18.22,0.11,761.25,-3.18
2022-01-31,29820.0,14381.59961,86.49,1.24,4.675,4.52,222.75,-2.15,5.785,-0.31,18.22,0.11,761.25,-3.18
2022-02-01,29710.0,14350.0,86.46,-0.03,4.573,-2.18,218.1,-2.09,5.714,-1.23,18.48,1.43,769.0,1.02
2022-02-02,29200.0,14322.2998,86.69,0.27,5.044,10.3,220.1,0.92,5.714,-1.23,17.93,-2.98,755.0,-1.82
2022-02-03,29370.0,14363.7998,88.45,2.03,4.72,-6.42,221.0,0.41,5.714,-1.23,17.99,0.33,751.75,-0.43
2022-02-04,29390.0,14377.0,90.33,2.13,4.492,-4.83,227.3,2.85,5.779,1.14,18.23,1.33,763.25,1.53
2022-02-05,29320.0,14400.40039,89.77,-0.62,4.198,-6.54,236.0,3.83,5.652,-2.2,18.05,-0.99,768.75,0.72
2022-02-06,29080.0,14400.40039,89.77,-0.62,4.198,-6.54,236.0,3.83,5.652,-2.2,18.05,-0.99,768.75,0.72
2022-02-07,29730.0,14400.40039,89.77,-0.62,4.198,-6.54,236.0,3.83,5.652,-2.2,18.05,-0.99,768.75,0.72
2022-02-08,29960.0,14405.59961,87.9,-2.08,4.218,0.48,239.25,1.38,5.566,-1.52,18.08,0.17,778.75,1.3
2022-02-09,29790.0,14379.5,88.53,0.72,3.98,-5.64,239.25,0.0,5.765,3.58,18.48,2.21,785.0,0.8
2022-02-10,30730.0,14334.2002,88.56,0.03,3.943,-0.93,239.1,-0.06,5.74,-0.43,18.3,-0.97,771.5,-1.72
2022-02-11,30850.0,14328.0,91.42,3.23,3.935,-0.2,245.0,2.47,5.8,1.05,18.26,-0.22,797.75,3.4
2022-02-12,31010.0,14344.7002,93.5,2.28,4.16,5.72,240.0,-2.04,5.935,2.33,18.12,-0.77,799.25,0.19
2022-02-13,31300.0,14344.7002,93.5,2.28,4.16,5.72,240.0,-2.04,5.935,2.33,18.12,-0.77,799.25,0.19
2022-02-14,31820.0,14344.7002,93.5,2.28,4.16,5.72,240.0,-2.04,5.935,2.33,18.12,-0.77,799.25,0.19
2022-02-15,32020.0,14303.0,90.21,-3.52,4.241,1.95,239.0,-0.42,5.865,-1.18,18.07,-0.28,779.75,-2.44
2022-02-16,32940.0,14260.59961,91.83,1.8,4.572,7.8,235.5,-1.46,5.83,-0.6,18.07,0.0,780.5,0.1
2022-02-17,32680.0,14274.40039,90.04,-1.95,4.43,-3.11,232.4,-1.32,5.967,2.35,18.28,1.16,798.0,2.24
2022-02-18,33320.0,14348.0,90.21,0.19,4.377,-1.2,232.35,-0.02,6.008,0.69,18.2,-0.44,797.0,-0.13
2022-02-19,33780.0,14365.90039,91.62,1.56,4.579,4.62,233.85,0.65,6.177,2.81,18.48,1.54,844.25,5.93
2022-02-20,34330.0,14365.90039,91.62,1.56,4.579,4.62,233.85,0.65,6.177,2.81,18.48,1.54,844.25,5.93
2022-02-21,35010.0,14365.90039,92.65,1.12,4.705,2.75,233.85,0.65,6.177,2.81,18.48,1.54,844.25,5.93
2022-02-22,35460.0,14355.0,91.91,-0.8,4.461,-5.19,236.25,1.03,6.354,2.87,18.48,1.54,844.25,5.93
2022-02-23,35310.0,14395.0,90.69,-1.33,4.593,2.96,237.7,0.61,6.506,2.39,18.53,0.27,876.0,3.76
2022-02-24,34760.0,14365.0,90.94,0.28,4.641,1.05,239.5,0.76,7.087,8.93,18.32,-1.13,926.0,5.71
2022-02-25,35540.0,14452.5,89.89,-1.15,4.485,-3.36,238.6,-0.38,6.718,-5.21,17.99,-1.8,843.0,-8.96
2022-02-26,35650.0,14334.2002,93.5,4.02,4.42,-1.45,274.5,15.05,7.451,10.91,18.0,0.06,928.0,10.08
2022-02-27,36690.0,14334.2002,93.5,4.02,4.42,-1.45,274.5,15.05,7.451,10.91,18.0,0.06,928.0,10.08
2022-02-28,36630.0,14334.2002,93.5,4.02,4.42,-1.45,274.5,15.05,7.451,10.91,18.0,0.06,928.0,10.08
2022-03-01,36010.0,14360.0,100.21,7.18,4.598,4.03,313.0,14.03,8.163,9.56,18.34,1.89,1001.75,7.95
2022-03-02,36110.0,14425.0,107.06,6.84,4.787,4.11,440.0,40.58,7.821,-4.19,18.64,1.64,1058.5,5.67
2022-03-03,36440.0,14387.5,104.61,-2.29,4.736,-1.07,370.0,-15.91,7.45,-4.74,18.93,1.56,1289.0,21.78
2022-03-04,35680.0,14358.40039,112.11,7.17,5.036,6.33,418.75,13.18,6.78,-8.99,19.35,2.22,1348.0,4.58
2022-03-05,36190.0,14381.7002,115.8,3.29,4.858,-3.53,422.65,0.93,7.225,6.56,19.27,-0.41,1425.25,5.73
2022-03-06,36430.0,14381.7002,115.8,3.29,4.858,-3.53,422.65,0.93,7.225,6.56,19.27,-0.41,1425.25,5.73
2022-03-07,36450.0,14381.7002,115.8,3.29,4.858,-3.53,422.65,0.93,7.225,6.56,19.27,-0.41,1425.25,5.73
2022-03-08,36870.0,14406.40039,119.65,3.32,4.563,-6.07,423.15,0.12,7.003,-3.07,19.43,0.83,1273.0,-10.68
2022-03-09,37190.0,14362.7002,105.05,-12.2,4.561,-0.04,420.65,-0.59,7.621,8.82,18.94,-2.52,1199.5,-5.77
2022-03-10,36670.0,14251.0,102.99,-1.96,4.669,2.37,373.35,-11.24,7.68,0.77,19.1,0.84,1073.75,-10.48
2022-03-11,37200.0,14275.0,106.3,3.21,4.766,2.08,368.65,-1.26,7.365,-4.1,19.24,0.73,1090.0,1.51
2022-03-12,36760.0,14325.5,101.18,-4.82,4.702,-1.34,361.75,-1.87,6.986,-5.15,19.13,-0.57,1090.0,0.0
2022-03-13,36970.0,14325.5,101.18,-4.82,4.702,-1.34,361.75,-1.87,6.986,-5.15,19.13,-0.57,1090.0,0.0
2022-03-14,36650.0,14325.5,101.18,-4.82,4.702,-1.34,361.75,-1.87,6.986,-5.15,19.13,-0.57,1090.0,0.0
2022-03-15,36230.0,14347.5,94.79,-6.32,4.617,-1.81,346.0,-4.35,7.28,4.21,18.73,-2.09,1154.25,5.89
2022-03-16,36400.0,14305.2998,93.59,-1.27,4.784,3.62,340.0,-1.73,6.899,-5.23,18.56,-0.91,1069.25,-7.36
2022-03-17,36010.0,14263.5,101.65,8.61,5.021,4.95,337.25,-0.81,6.553,-5.02,18.69,0.7,1098.0,2.69
2022-03-18,36060.0,14326.0,103.09,1.42,4.902,-2.37,336.0,-0.37,6.116,-6.67,18.93,1.28,1063.75,-3.12
2022-03-19,36050.0,14342.2998,109.97,6.67,4.934,0.65,329.4,-1.96,6.25,2.19,19.28,1.85,1119.25,5.22
2022-03-20,35620.0,14342.2998,109.97,6.67,4.934,0.65,329.4,-1.96,6.25,2.19,19.28,1.85,1119.25,5.22
2022-03-21,33300.0,14342.2998,109.97,6.67,4.934,0.65,329.4,-1.96,6.25,2.19,19.28,1.85,1119.25,5.22
2022-03-22,34560.0,14345.0,109.27,-0.64,5.227,5.94,328.9,-0.15,6.471,3.54,19.15,-0.67,1118.25,-0.09
2022-03-23,34720.0,14345.5,111.99,2.49,5.274,0.9,325.35,-1.08,6.704,3.6,19.24,0.47,1105.75,-1.12
2022-03-24,35470.0,14389.0,109.43,-2.29,5.446,3.26,326.65,0.4,6.514,-2.83,19.26,0.1,1085.75,-1.81
2022-03-25,35480.0,14337.09961,111.06,1.49,5.611,3.03,327.15,0.15,6.616,1.57,19.61,1.82,1102.25,1.52
2022-03-26,35380.0,14334.0,103.42,-6.88,5.538,-1.3,259.75,-20.6,6.579,-0.56,19.59,-0.1,1057.0,-4.11
2022-03-27,35070.0,14334.0,103.42,-6.88,5.538,-1.3,259.75,-20.6,6.579,-0.56,19.59,-0.1,1057.0,-4.11
2022-03-28,34980.0,14334.0,103.42,-6.88,5.538,-1.3,259.75,-20.6,6.579,-0.56,19.59,-0.1,1057.0,-4.11
2022-03-29,35060.0,14373.0,102.05,-1.32,5.33,-3.76,253.4,-2.44,6.631,0.79,19.11,-2.45,1014.25,-4.04
2022-03-30,35740.0,14334.0,105.68,3.56,5.658,6.15,260.0,2.6,6.538,-1.4,19.47,1.88,1027.25,1.28
2022-03-31,35930.0,14327.5,98.52,-6.78,5.701,0.76,259.0,-0.38,6.391,-2.25,19.49,0.1,1006.0,-2.07
2022-04-01,35980.0,14351.0,97.9,-0.63,5.795,1.65,258.75,-0.1,6.363,-0.44,19.37,-0.62,984.5,-2.14
2022-04-02,35340.0,14361.0,101.84,4.02,5.793,-0.03,264.0,2.03,6.367,0.06,19.61,1.24,1010.25,2.62
2022-04-03,35580.0,14361.0,101.84,4.02,5.793,-0.03,264.0,2.03,6.367,0.06,19.61,1.24,1010.25,2.62
2022-04-04,35100.0,14361.0,101.84,4.02,5.793,-0.03,264.0,2.03,6.367,0.06,19.61,1.24,1010.25,2.62
2022-04-05,34580.0,14322.2998,100.68,-1.14,6.108,5.44,281.0,6.44,6.581,3.36,19.65,0.2,1045.25,3.46
2022-04-06,34180.0,14365.5,95.41,-5.23,6.107,-0.02,286.5,1.96,6.664,1.26,19.59,-0.31,1038.25,-0.67
2022-04-07,34310.0,14382.0,95.51,0.1,6.436,5.39,281.65,-1.69,6.61,-0.81,19.84,1.28,1020.0,-1.76
2022-04-08,33490.0,14385.0,97.73,2.32,6.356,-1.24,291.6,3.53,6.681,1.07,20.41,2.87,1051.5,3.09
2022-04-09,33880.0,14355.0,93.92,-3.9,6.723,5.77,290.65,-0.33,6.765,1.26,20.31,-0.49,1081.25,2.83
2022-04-10,33430.0,14355.0,93.92,-3.9,6.723,5.77,290.65,-0.33,6.765,1.26,20.31,-0.49,1081.25,2.83
2022-04-11,32580.0,14355.0,93.92,-3.9,6.723,5.77,290.65,-0.33,6.765,1.26,20.31,-0.49,1081.25,2.83
2022-04-12,32770.0,14360.7002,100.15,6.63,6.763,0.59,309.1,6.35,6.89,1.85,20.22,-0.44,1103.75,2.08
2022-04-13,33330.0,14364.2002,103.79,3.63,7.096,4.92,312.0,0.94,6.833,-0.83,20.1,-0.59,1113.5,0.88
2022-04-14,33190.0,14360.2002,106.38,2.5,7.423,4.61,309.1,-0.93,6.82,-0.19,20.06,-0.2,1096.5,-1.53
2022-04-15,33270.0,14383.90039,107.61,1.16,7.958,7.21,309.1,0.0,6.82,0.0,20.26,1.0,1095.75,-0.07
2022-04-16,34080.0,14337.0,107.61,1.16,7.958,7.21,309.1,0.0,6.858,0.56,20.26,1.0,1120.5,2.26
2022-04-17,33760.0,14337.0,107.61,1.16,7.958,7.21,309.1,0.0,6.858,0.56,20.26,1.0,1120.5,2.26
2022-04-18,34120.0,14337.0,107.61,1.16,7.958,7.21,309.1,0.0,6.858,0.56,20.26,1.0,1120.5,2.26
2022-04-19,33840.0,14353.7998,102.05,-5.17,7.277,-8.56,321.0,3.85,6.781,-1.12,19.74,-2.57,1099.0,-1.92
2022-04-20,33480.0,14364.90039,102.19,0.14,7.065,-2.91,326.35,1.67,6.781,-1.12,19.62,-0.61,1088.0,-1.0
2022-04-21,34420.0,14351.0,102.96,0.75,7.096,0.44,331.1,1.46,6.808,0.4,19.87,1.27,1068.0,-1.84
2022-04-22,34340.0,14382.0,101.05,-1.86,6.663,-6.1,327.1,-1.21,6.871,0.93,19.24,-3.17,1065.5,-0.23
2022-04-23,35250.0,14350.0,97.67,-3.34,6.805,2.13,328.6,0.46,6.972,1.47,18.95,-1.51,1062.0,-0.33
2022-04-24,34210.0,14350.0,97.67,-3.34,6.805,2.13,328.6,0.46,6.972,1.47,18.95,-1.51,1062.0,-0.33
2022-04-25,33610.0,14350.0,97.67,-3.34,6.805,2.13,328.6,0.46,6.972,1.47,18.95,-1.51,1062.0,-0.33
2022-04-26,33790.0,14478.0,100.41,2.81,6.978,2.54,325.0,-1.1,7.079,1.53,18.99,0.21,1083.25,2.0
2022-04-27,34200.0,14466.0,100.68,0.27,7.339,5.17,326.05,0.32,7.757,9.58,19.02,0.16,1080.0,-0.3
2022-04-28,34510.0,14447.5,103.47,2.77,6.994,-4.7,326.95,0.28,7.496,-3.36,19.42,2.1,1074.0,-0.56
2022-04-29,34170.0,14502.0,102.94,-0.51,7.355,5.16,326.6,-0.11,7.683,2.49,19.35,-0.36,1043.75,-2.82
2022-04-30,34800.0,14490.0,103.42,0.47,7.566,2.87,299.8,-8.21,7.382,-3.92,18.85,-2.58,1043.5,-0.02
2022-05-01,34720.0,14490.0,103.42,0.47,7.566,2.87,299.8,-8.21,7.382,-3.92,18.85,-2.58,1043.5,-0.02
2022-05-02,35750.0,14490.0,103.42,0.47,7.566,2.87,299.8,-8.21,7.382,-3.92,18.85,-2.58,1043.5,-0.02
2022-05-03,34710.0,14522.59961,100.9,-2.44,8.025,6.07,326.6,8.94,7.382,-3.92,18.62,-1.22,1033.75,-0.93
2022-05-04,34730.0,14491.0,106.22,5.27,8.472,5.57,360.35,10.33,7.382,-3.92,18.62,0.0,1066.0,3.12
2022-05-05,35030.0,14425.0,106.74,0.49,8.841,4.36,374.35,3.89,7.382,-3.92,18.78,0.86,1096.0,2.81
2022-05-06,34640.0,14458.7002,108.33,1.49,8.128,-8.06,379.5,1.38,7.058,-4.39,19.16,2.02,1097.0,0.09
2022-05-07,35010.0,14490.0,101.77,-6.06,7.106,-12.57,377.0,-0.66,7.035,-0.33,18.66,-2.61,1083.25,-1.25
2022-05-08,33190.0,14490.0,101.77,-6.06,7.106,-12.57,377.0,-0.66,7.035,-0.33,18.66,-2.61,1083.25,-1.25
2022-05-09,33810.0,14490.0,101.77,-6.06,7.106,-12.57,377.0,-0.66,7.035,-0.33,18.66,-2.61,1083.25,-1.25
2022-05-10,33370.0,14552.2002,98.45,-3.26,7.467,5.08,377.45,0.12,6.953,-1.17,18.54,-0.64,1083.25,0.0
2022-05-11,33640.0,14520.7998,104.03,5.67,7.727,3.48,385.85,2.23,7.153,2.88,18.55,0.05,1108.75,2.35
2022-05-12,34160.0,14543.40039,104.4,0.36,7.835,1.4,391.5,1.46,6.99,-2.28,18.64,0.49,1174.5,5.93
2022-05-13,35310.0,14632.09961,108.63,4.05,7.765,-0.89,392.85,0.34,6.95,-0.57,19.17,2.84,1167.25,-0.62
2022-05-14,35160.0,14606.0,111.82,2.94,8.053,3.71,402.5,2.46,6.664,-4.12,19.68,2.66,1247.5,6.88
2022-05-15,35270.0,14606.0,111.82,2.94,8.053,3.71,402.5,2.46,6.664,-4.12,19.68,2.66,1247.5,6.88
2022-05-16,36010.0,14606.0,111.82,2.94,8.053,3.71,402.5,2.46,6.664,-4.12,19.68,2.66,1247.5,6.88
2022-05-17,36560.0,14645.0,109.63,-1.96,8.394,4.23,413.65,2.77,6.664,-4.12,20.0,1.63,1277.5,2.4
2022-05-18,37540.0,14630.59961,107.04,-2.36,8.455,0.73,412.0,-0.4,6.694,0.45,19.83,-0.85,1230.75,-3.66
2022-05-19,37900.0,14740.0,109.89,2.66,8.4,-0.65,412.1,0.02,6.647,-0.7,19.77,-0.3,1200.5,-2.46
2022-05-20,38090.0,14626.7998,110.28,0.35,8.178,-2.64,417.25,1.25,6.689,0.63,19.95,0.91,1168.75,-2.64
2022-05-21,38760.0,14645.0,107.54,-2.48,8.827,7.94,416.0,-0.3,6.834,2.17,19.77,-0.9,1190.0,1.82
2022-05-22,39200.0,14645.0,107.54,-2.48,8.827,7.94,416.0,-0.3,6.834,2.17,19.77,-0.9,1190.0,1.82
2022-05-23,40330.0,14645.0,107.54,-2.48,8.827,7.94,416.0,-0.3,6.834,2.17,19.77,-0.9,1190.0,1.82
2022-05-24,40730.0,14619.2002,107.2,-0.32,8.836,0.1,408.0,-1.92,7.054,3.22,19.75,-0.1,1154.75,-2.96
2022-05-25,41200.0,14635.7998,107.75,0.51,8.993,1.78,404.65,-0.82,6.96,-1.33,19.68,-0.35,1148.25,-0.56
2022-05-26,41340.0,14597.0,111.25,3.25,8.895,-1.09,403.0,-0.41,7.087,1.82,19.54,-0.71,1143.25,-0.44
2022-05-27,41350.0,14584.2002,112.23,0.88,8.712,-2.06,406.65,0.91,6.879,-2.93,19.61,0.36,1157.5,1.25
2022-05-28,39140.0,14570.0,115.61,3.01,8.815,1.18,401.0,-1.39,6.71,-2.46,19.4,-1.07,1155.38,-0.18
2022-05-29,39110.0,14570.0,115.61,3.01,8.815,1.18,401.0,-1.39,6.71,-2.46,19.4,-1.07,1155.38,-0.18
2022-05-30,42680.0,14570.0,117.61,1.73,8.686,-1.46,401.0,-1.39,6.71,-2.46,19.4,-1.07,1155.38,-0.18
2022-05-31,43380.0,14538.40039,111.91,-4.85,8.138,-6.31,427.0,6.48,6.607,-1.54,19.4,-1.07,1087.5,-5.88
2022-06-01,42970.0,14543.90039,112.72,0.72,8.686,6.73,412.0,-3.51,6.646,0.59,19.44,0.21,1041.25,-4.25
2022-06-02,43160.0,14531.5,114.3,1.4,8.474,-2.44,412.5,0.12,6.748,1.53,19.35,-0.46,1058.25,1.63
2022-06-03,42360.0,14426.7998,116.23,1.69,8.51,0.42,412.5,0.0,6.704,-0.65,19.29,-0.31,1040.0,-1.72
2022-06-04,43420.0,14431.0,116.06,-0.15,9.306,9.35,415.25,0.67,6.76,0.84,19.56,1.4,1093.0,5.1
2022-06-05,42630.0,14431.0,116.06,-0.15,9.306,9.35,415.25,0.67,6.76,0.84,19.56,1.4,1093.0,5.1
2022-06-06,44520.0,14431.0,116.06,-0.15,9.306,9.35,415.25,0.67,6.76,0.84,19.56,1.4,1093.0,5.1
2022-06-07,45500.0,14435.2002,117.1,0.9,9.278,-0.3,397.0,-4.39,6.76,0.84,18.97,-3.02,1071.75,-1.94
2022-06-08,46670.0,14458.7998,119.78,2.29,8.679,-6.46,395.4,-0.4,6.74,-0.3,18.98,0.05,1074.75,0.28
2022-06-09,49930.0,14495.2998,119.09,-0.58,8.978,3.45,396.0,0.15,6.59,-2.23,19.29,1.63,1071.25,-0.33
2022-06-10,57580.0,14611.7998,118.12,-0.81,8.867,-1.24,392.35,-0.92,6.281,-4.69,18.87,-2.18,1070.75,-0.05
2022-06-11,57580.0,14546.0,118.25,0.11,8.619,-2.8,390.35,-0.51,6.13,-2.4,18.71,-0.85,1071.0,0.02
2022-06-12,57580.0,14546.0,118.25,0.11,8.619,-2.8,390.35,-0.51,6.13,-2.4,18.71,-0.85,1071.0,0.02
2022-06-13,57580.0,14546.0,118.25,0.11,8.619,-2.8,390.35,-0.51,6.13,-2.4,18.71,-0.85,1071.0,0.02
2022-06-14,57580.0,14795.0,116.26,-1.68,7.18,-16.7,383.5,-1.75,6.154,0.39,18.7,-0.05,1050.25,-1.94
2022-06-15,57580.0,14740.7998,113.09,-2.73,7.406,3.15,386.35,0.74,6.0,-2.5,18.46,-1.28,1050.0,-0.02
2022-06-16,57580.0,14681.0,115.25,1.91,7.438,0.43,387.35,0.26,5.683,-5.28,18.58,0.65,1078.25,2.69
2022-06-17,57580.0,14776.09961,107.99,-6.3,6.906,-7.15,389.35,0.52,5.679,-0.07,18.6,0.11,1034.25,-4.08
2022-06-18,57580.0,14816.0,108.94,0.88,6.702,-2.95,392.75,0.87,5.261,-7.36,18.66,0.32,975.25,-5.7
2022-06-19,57580.0,14816.0,108.94,0.88,6.702,-2.95,392.75,0.87,5.261,-7.36,18.66,0.32,975.25,-5.7
2022-06-20,57580.0,14816.0,108.84,-0.09,6.713,0.16,392.75,0.87,5.261,-7.36,18.66,0.32,975.25,-5.7
2022-06-21,57580.0,14827.7002,109.52,0.62,6.783,1.04,390.0,-0.7,5.21,-0.97,18.66,0.32,975.25,-5.7
2022-06-22,57580.0,14831.7002,103.99,-5.05,6.872,1.31,392.0,0.51,4.688,-10.02,18.45,-1.13,976.5,0.13
2022-06-23,57580.0,14843.0,101.58,-2.32,6.283,-8.57,397.5,1.4,4.87,3.88,18.38,-0.38,937.25,-4.02
2022-06-24,57580.0,14841.7998,104.45,2.83,6.281,-0.03,397.0,-0.13,4.798,-1.48,18.37,-0.05,923.75,-1.44
2022-06-25,57580.0,14841.0,106.38,1.85,6.546,4.22,392.45,-1.15,5.049,5.23,18.3,-0.38,904.0,-2.14
2022-06-26,57580.0,14841.0,106.38,1.85,6.546,4.22,392.45,-1.15,5.049,5.23,18.3,-0.38,904.0,-2.14
2022-06-27,57580.0,14841.0,106.38,1.85,6.546,4.22,392.45,-1.15,5.049,5.23,18.3,-0.38,904.0,-2.14
2022-06-28,57580.0,14791.0,108.89,2.36,6.57,0.37,393.5,0.27,5.159,2.18,18.53,1.26,921.25,1.91
2022-06-29,57580.0,14857.0,107.01,-1.73,6.493,-1.17,380.0,-3.43,5.069,-1.74,18.55,0.11,915.5,-0.62
2022-06-30,57580.0,14877.0,103.1,-3.65,5.392,-16.96,385.95,1.57,5.088,0.37,18.83,1.51,868.75,-5.11
2022-07-01,57580.0,14921.90039,105.39,2.22,5.712,5.93,388.0,0.53,4.886,-3.97,18.07,-4.04,831.25,-4.32
2022-07-02,57580.0,14931.0,108.19,2.66,5.709,-0.05,396.45,2.18,4.46,-8.72,17.8,-1.49,793.75,-4.51
2022-07-03,57580.0,14931.0,108.19,2.66,5.709,-0.05,396.45,2.18,4.46,-8.72,17.8,-1.49,793.75,-4.51
2022-07-04,57580.0,14931.0,110.4,2.04,5.853,2.52,396.45,2.18,4.46,-8.72,17.8,-1.49,793.75,-4.51
2022-07-05,57580.0,15008.0,96.52,-12.57,5.487,-6.25,397.6,0.29,4.199,-5.85,17.8,-1.49,793.75,-4.51
2022-07-06,57580.0,15037.0,94.98,-1.6,5.482,-0.09,399.7,0.53,4.073,-3.0,17.99,1.07,792.25,-0.19
2022-07-07,57580.0,15010.0,99.25,4.5,6.262,14.23,410.0,2.58,4.129,1.37,18.52,2.95,824.5,4.07
2022-07-08,57580.0,14964.59961,101.53,2.3,5.967,-4.71,413.75,0.91,4.137,0.19,19.02,2.7,879.25,6.64
2022-07-09,57580.0,14970.0,101.21,-0.32,6.319,5.9,419.0,1.27,4.121,-0.39,18.86,-0.84,843.75,-4.04
2022-07-10,57580.0,14970.0,101.21,-0.32,6.319,5.9,419.0,1.27,4.121,-0.39,18.86,-0.84,843.75,-4.04
2022-07-11,57580.0,14970.0,101.21,-0.32,6.319,5.9,419.0,1.27,4.121,-0.39,18.86,-0.84,843.75,-4.04
2022-07-12,57580.0,14989.09961,93.31,-7.81,6.021,-4.72,426.0,1.67,4.121,-0.39,18.69,-0.9,801.5,-5.01
2022-07-13,57580.0,15010.0,93.83,0.56,6.589,9.43,430.0,0.94,3.85,-6.58,19.14,2.41,798.25,-0.41
2022-07-14,57580.0,15030.40039,92.83,-1.07,6.511,-1.18,416.35,-3.17,3.643,-5.38,18.97,-0.89,794.25,-0.5
2022-07-15,57280.0,15037.09961,94.57,1.87,6.926,6.37,406.55,-2.35,3.632,-0.3,19.25,1.48,776.75,-2.2
2022-07-16,55800.0,14986.0,99.42,5.13,7.382,6.58,396.05,-2.58,3.887,7.02,19.41,0.83,812.75,4.63
2022-07-17,55630.0,14986.0,99.42,5.13,7.382,6.58,396.05,-2.58,3.887,7.02,19.41,0.83,812.75,4.63
2022-07-18,55860.0,14986.0,99.42,5.13,7.382,6.58,396.05,-2.58,3.887,7.02,19.41,0.83,812.75,4.63
2022-07-19,55650.0,14977.0,100.74,1.33,7.15,-3.14,399.65,0.91,3.799,-2.26,18.84,-2.94,812.25,-0.06
2022-07-20,55480.0,14960.7998,99.88,-0.85,7.899,10.48,408.6,2.24,3.913,3.0,18.67,-0.9,819.5,0.89
2022-07-21,53890.0,15022.0,93.78,-6.11,7.815,-1.06,403.4,-1.27,3.707,-5.26,18.35,-1.71,806.25,-1.62
2022-07-22,52740.0,15004.2002,92.43,-1.44,8.195,4.86,409.2,1.44,3.727,0.54,17.89,-2.51,759.0,-5.86
2022-07-23,53190.0,15011.0,94.42,2.15,8.571,4.59,410.25,0.26,3.706,-0.56,17.47,-2.35,770.0,1.45
2022-07-24,52360.0,15011.0,94.42,2.15,8.571,4.59,410.25,0.26,3.706,-0.56,17.47,-2.35,770.0,1.45
2022-07-25,50890.0,15011.0,94.42,2.15,8.571,4.59,410.25,0.26,3.706,-0.56,17.47,-2.35,770.0,1.45
2022-07-26,49400.0,14978.0,92.88,-1.63,8.825,2.96,414.0,0.91,3.86,4.16,17.47,0.0,803.75,4.38
2022-07-27,48280.0,14982.7998,95.29,2.59,8.554,-3.07,411.5,-0.6,3.907,1.22,17.4,-0.4,790.25,-1.68
2022-07-28,47180.0,14914.2002,94.65,-0.67,8.118,-5.1,411.4,-0.02,4.03,3.15,17.72,1.84,817.0,3.39
2022-07-29,45930.0,14849.09961,96.75,2.22,8.208,1.11,407.9,-0.85,4.355,8.06,17.54,-1.02,807.75,-1.13
2022-07-30,46420.0,14826.0,92.39,-4.51,8.26,0.63,405.0,-0.71,4.093,-6.02,17.6,0.34,800.25,-0.93
2022-07-31,45740.0,14826.0,92.39,-4.51,8.26,0.63,405.0,-0.71,4.093,-6.02,17.6,0.34,800.25,-0.93
2022-08-01,44190.0,14826.0,92.39,-4.51,8.26,0.63,405.0,-0.71,4.093,-6.02,17.6,0.34,800.25,-0.93
2022-08-02,42350.0,14838.0,93.22,0.9,7.698,-6.8,403.5,-0.37,3.943,-3.66,17.69,0.51,774.75,-3.19
2022-08-03,42150.0,14890.09961,89.74,-3.73,8.262,7.33,393.5,-2.48,3.985,1.07,17.77,0.45,763.75,-1.42
2022-08-04,42150.0,14900.0,87.56,-2.43,8.114,-1.79,385.0,-2.16,3.94,-1.13,17.55,-1.24,782.5,2.45
2022-08-05,40620.0,14884.7002,88.08,0.59,8.051,-0.78,361.0,-6.23,4.02,2.03,17.94,2.22,775.75,-0.86
2022-08-06,40460.0,14886.0,89.93,2.1,7.578,-5.88,371.0,2.77,4.135,2.86,17.96,0.11,779.75,0.52
2022-08-07,39390.0,14886.0,89.93,2.1,7.578,-5.88,371.0,2.77,4.135,2.86,17.96,0.11,779.75,0.52
2022-08-08,38090.0,14886.0,89.93,2.1,7.578,-5.88,371.0,2.77,4.135,2.86,17.96,0.11,779.75,0.52
2022-08-09,37360.0,14831.2002,89.67,-0.29,7.825,3.26,384.5,3.64,4.17,0.85,17.98,0.11,781.5,0.22
2022-08-10,36850.0,14856.7002,91.2,1.71,8.193,4.7,398.65,3.68,4.191,0.5,18.28,1.67,799.75,2.34
2022-08-11,35990.0,14756.90039,93.53,2.55,8.863,8.18,401.0,0.59,4.3,2.6,18.49,1.15,810.75,1.38
2022-08-12,35870.0,14724.2002,91.46,-2.21,8.744,-1.34,407.65,1.66,4.432,3.07,18.6,0.59,806.0,-0.59
2022-08-13,34870.0,14661.0,88.85,-2.85,8.712,-0.37,407.5,-0.04,4.331,-2.28,18.54,-0.32,800.75,-0.65
2022-08-14,34210.0,14661.0,88.85,-2.85,8.712,-0.37,407.5,-0.04,4.331,-2.28,18.54,-0.32,800.75,-0.65
2022-08-15,33430.0,14661.0,88.85,-2.85,8.712,-0.37,407.5,-0.04,4.331,-2.28,18.54,-0.32,800.75,-0.65
2022-08-16,33720.0,14776.40039,86.16,-3.03,9.311,6.88,405.0,-0.61,4.156,-4.04,18.27,-1.46,786.0,-1.84
2022-08-17,32760.0,14747.09961,87.69,1.78,9.228,-0.89,413.9,2.2,4.166,0.24,18.24,-0.16,763.25,-2.89
2022-08-18,32560.0,14764.09961,90.11,2.76,9.17,-0.63,413.9,0.0,4.059,-2.57,17.77,-2.58,731.5,-4.16
2022-08-19,32720.0,14845.7002,90.44,0.37,9.315,1.58,416.25,0.57,4.09,0.76,18.09,1.8,753.25,2.97
2022-08-20,32430.0,14831.0,90.36,-0.09,9.647,3.56,418.35,0.5,4.163,1.78,17.94,-0.83,770.5,2.29
2022-08-21,31260.0,14831.0,90.36,-0.09,9.647,3.56,418.35,0.5,4.163,1.78,17.94,-0.83,770.5,2.29
2022-08-22,31970.0,14831.0,90.36,-0.09,9.647,3.56,418.35,0.5,4.163,1.78,17.94,-0.83,770.5,2.29
2022-08-23,32250.0,14933.5,93.25,3.2,9.155,-5.1,417.6,-0.18,4.227,1.54,17.89,-0.28,782.75,1.59
2022-08-24,31210.0,14850.0,94.4,1.23,9.3,1.58,412.6,-1.2,4.29,1.49,18.04,0.84,795.0,1.56
2022-08-25,30910.0,14845.0,92.19,-2.34,9.344,0.47,417.5,1.19,4.239,-1.19,17.9,-0.78,769.75,-3.18
2022-08-26,30560.0,14773.0,92.39,0.22,9.269,-0.8,417.4,-0.02,4.149,-2.12,18.47,3.18,784.75,1.95
2022-08-27,30870.0,14811.0,96.19,4.11,9.336,0.72,422.75,1.28,4.077,-1.74,18.44,-0.16,820.0,4.49
2022-08-28,30260.0,14811.0,96.19,4.11,9.336,0.72,422.75,1.28,4.077,-1.74,18.44,-0.16,820.0,4.49
2022-08-29,30680.0,14811.0,96.19,4.11,9.336,0.72,422.75,1.28,4.077,-1.74,18.44,-0.16,820.0,4.49
2022-08-30,29950.0,14895.0,91.17,-5.22,9.103,-2.5,414.55,-1.94,4.003,-1.82,18.1,-1.84,798.25,-2.65
2022-08-31,29260.0,14850.0,89.03,-2.35,9.189,0.94,425.0,2.52,3.86,-3.57,17.89,-1.16,809.0,1.35
2022-09-01,29000.0,14855.0,86.22,-3.16,9.33,1.53,427.35,0.55,3.86,-3.57,17.99,0.56,775.5,-4.14
2022-09-02,28950.0,14902.09961,86.48,0.3,8.85,-5.14,435.0,1.79,3.83,-0.78,18.15,0.89,793.0,2.26
2022-09-03,28890.0,14890.0,88.25,2.05,8.979,1.46,457.8,5.24,3.822,-0.21,17.98,-0.94,808.0,1.89
2022-09-04,29190.0,14890.0,88.25,2.05,8.979,1.46,457.8,5.24,3.822,-0.21,17.98,-0.94,808.0,1.89
2022-09-05,28800.0,14890.0,88.96,0.8,8.714,-2.95,457.8,5.24,3.822,-0.21,17.98,-0.94,812.25,0.53
2022-09-06,28970.0,14882.2998,86.51,-2.75,8.212,-5.76,450.25,-1.65,3.705,-3.06,17.98,-0.94,800.0,-1.51
2022-09-07,29370.0,14904.0,81.63,-5.64,7.901,-3.79,439.0,-2.5,3.6,-2.83,18.05,0.39,826.5,3.31
2022-09-08,29450.0,14865.2998,83.07,1.76,7.971,0.89,440.35,0.31,3.438,-4.5,17.93,-0.66,810.5,-1.94
2022-09-09,30010.0,14892.2998,86.36,3.96,8.044,0.92,435.25,-1.16,3.5,1.8,18.22,1.62,853.25,5.27
2022-09-10,30170.0,14823.0,87.41,1.22,8.287,3.02,437.5,0.52,3.55,1.43,18.35,0.71,841.25,-1.41
2022-09-11,30380.0,14823.0,87.41,1.22,8.287,3.02,437.5,0.52,3.55,1.43,18.35,0.71,841.25,-1.41
2022-09-12,30370.0,14823.0,87.41,1.22,8.287,3.02,437.5,0.52,3.55,1.43,18.35,0.71,841.25,-1.41
2022-09-13,31520.0,14858.7002,86.89,-0.59,8.334,0.57,439.35,0.42,3.759,5.89,18.38,0.16,842.75,0.18
2022-09-14,31300.0,14954.90039,88.05,1.34,9.167,10.0,444.2,1.1,3.7,-1.57,18.27,-0.6,853.75,1.31
2022-09-15,32350.0,14915.0,84.65,-3.86,8.372,-8.67,445.5,0.29,3.7,0.0,18.18,-0.49,845.0,-1.02
2022-09-16,32690.0,14933.59961,84.76,0.13,7.811,-6.7,439.0,-1.46,3.606,-2.54,17.88,-1.65,859.75,1.75
2022-09-17,32810.0,14946.0,85.36,0.71,7.804,-0.09,439.05,0.01,3.606,-2.54,17.69,-1.06,830.5,-3.4
2022-09-18,32810.0,14946.0,85.36,0.71,7.804,-0.09,439.05,0.01,3.606,-2.54,17.69,-1.06,830.5,-3.4
2022-09-19,32880.0,14946.0,85.36,0.71,7.804,-0.09,439.05,0.01,3.606,-2.54,17.69,-1.06,830.5,-3.4
2022-09-20,32930.0,14985.7998,83.94,-1.66,7.772,-0.41,441.3,0.51,3.676,1.94,18.19,2.83,893.75,7.62
2022-09-21,33220.0,15008.59961,82.43,-1.8,7.827,0.71,444.5,0.73,3.807,3.56,18.22,0.16,903.75,1.12
2022-09-22,33540.0,15019.0,83.03,0.73,7.193,-8.1,435.65,-1.99,3.761,-1.21,18.49,1.48,910.75,0.77
2022-09-23,33450.0,15026.59961,78.25,-5.76,6.992,-2.79,435.2,-0.1,3.673,-2.34,18.28,-1.14,880.5,-3.32
2022-09-24,32980.0,15031.0,76.18,-2.65,7.014,0.31,438.0,0.64,3.481,-5.23,18.35,0.38,858.0,-2.56
2022-09-25,33240.0,15031.0,76.18,-2.65,7.014,0.31,438.0,0.64,3.481,-5.23,18.35,0.38,858.0,-2.56
2022-09-26,33260.0,15031.0,76.18,-2.65,7.014,0.31,438.0,0.64,3.481,-5.23,18.35,0.38,858.0,-2.56
2022-09-27,34030.0,15204.0,77.81,2.14,6.76,-3.62,437.65,-0.08,3.463,-0.52,18.19,-0.87,871.5,1.57
2022-09-28,33840.0,15167.2002,81.24,4.41,6.955,2.88,436.0,-0.38,3.144,-9.21,18.29,0.55,903.25,3.64
2022-09-29,33790.0,15175.2998,80.42,-1.01,7.142,2.69,435.75,-0.06,3.278,4.26,18.44,0.82,896.25,-0.77
2022-09-30,33450.0,15175.2002,78.72,-2.11,7.065,-1.08,433.7,-0.47,3.327,1.49,18.42,-0.11,921.5,2.82
2022-10-01,33520.0,15221.0,82.7,5.06,6.803,-3.71,401.5,-7.42,3.32,-0.21,17.42,-5.43,912.0,-1.03
2022-10-02,32860.0,15221.0,82.7,5.06,6.803,-3.71,401.5,-7.42,3.32,-0.21,17.42,-5.43,912.0,-1.03
2022-10-03,33550.0,15221.0,82.7,5.06,6.803,-3.71,401.5,-7.42,3.32,-0.21,17.42,-5.43,912.0,-1.03
2022-10-04,34030.0,15290.0,85.5,3.39,7.174,5.45,404.0,0.62,3.501,5.45,17.91,2.81,903.0,-0.99
2022-10-05,34080.0,15180.0,86.84,1.57,7.236,0.86,396.25,-1.92,3.532,0.89,17.95,0.22,902.0,-0.11
2022-10-06,34230.0,15206.7002,87.59,0.86,7.242,0.08,400.0,0.95,3.589,1.61,18.46,2.84,879.0,-2.55
2022-10-07,34390.0,15215.7998,91.35,4.29,7.047,-2.69,385.8,-3.55,3.63,1.14,18.68,1.19,880.25,0.14
2022-10-08,34430.0,15246.0,89.84,-1.65,6.784,-3.73,386.5,0.18,3.484,-4.02,18.61,-0.37,938.0,6.56
2022-10-09,34650.0,15246.0,89.84,-1.65,6.784,-3.73,386.5,0.18,3.484,-4.02,18.61,-0.37,938.0,6.56
2022-10-10,34720.0,15246.0,89.84,-1.65,6.784,-3.73,386.5,0.18,3.484,-4.02,18.61,-0.37,938.0,6.56
2022-10-11,34240.0,15343.0,87.97,-2.08,6.928,2.12,391.15,1.2,3.484,-4.02,18.74,0.7,901.0,-3.94
2022-10-12,34830.0,15338.5,86.06,-2.17,6.766,-2.34,403.0,3.03,3.523,1.12,18.68,-0.32,882.25,-2.08
2022-10-13,33890.0,15318.59961,87.95,2.2,7.053,4.24,393.5,-2.36,3.53,0.2,18.81,0.7,892.25,1.13
2022-10-14,34240.0,15364.0,84.65,-3.75,6.827,-3.2,392.5,-0.25,3.65,3.4,18.84,0.16,859.75,-3.64
2022-10-15,33760.0,15420.0,84.53,-0.14,6.479,-5.1,392.15,-0.09,3.801,4.14,18.77,-0.37,861.0,0.15
2022-10-16,33760.0,15420.0,84.53,-0.14,6.479,-5.1,392.15,-0.09,3.801,4.14,18.77,-0.37,861.0,0.15
2022-10-17,33950.0,15420.0,84.53,-0.14,6.479,-5.1,392.15,-0.09,3.801,4.14,18.77,-0.37,861.0,0.15
2022-10-18,34360.0,15441.40039,82.07,-2.91,6.237,-3.74,387.85,-1.1,3.933,3.47,18.67,-0.53,849.5,-1.34
2022-10-19,34070.0,15466.2002,84.52,2.99,5.928,-4.95,391.0,0.81,4.021,2.24,18.65,-0.11,841.25,-0.97
2022-10-20,33580.0,15620.0,84.51,-0.01,5.838,-1.52,391.95,0.24,3.995,-0.65,18.39,-1.39,849.25,0.95
2022-10-21,34030.0,15562.0,83.95,-0.66,5.472,-6.27,390.0,-0.5,3.979,-0.4,18.38,-0.05,850.75,0.18
2022-10-22,33960.0,15626.0,83.59,-0.43,5.753,5.14,390.0,0.0,3.964,-0.38,18.13,-1.36,838.75,-1.41
2022-10-23,33500.0,15626.0,83.59,-0.43,5.753,5.14,390.0,0.0,3.964,-0.38,18.13,-1.36,838.75,-1.41
2022-10-24,34660.0,15626.0,83.59,-0.43,5.753,5.14,390.0,0.0,3.964,-0.38,18.13,-1.36,838.75,-1.41
2022-10-25,34050.0,15586.5,84.31,0.86,6.166,7.18,388.15,-0.47,3.964,-0.38,18.11,-0.11,834.75,-0.48
2022-10-26,34360.0,15549.0,86.68,2.81,6.119,-0.76,386.5,-0.43,3.904,-1.51,17.86,-1.38,840.5,0.69
2022-10-27,34060.0,15502.7002,87.83,1.33,5.875,-3.99,385.6,-0.23,3.924,0.51,17.71,-0.84,838.5,-0.24
2022-10-28,34200.0,15554.2002,86.61,-1.39,5.953,1.33,385.7,0.03,3.826,-2.5,17.58,-0.73,829.25,-1.1
2022-10-29,33650.0,15549.2002,85.4,-1.4,6.607,10.99,356.3,-7.62,3.858,0.84,17.97,2.22,882.25,6.39
2022-10-30,33020.0,15549.2002,85.4,-1.4,6.607,10.99,356.3,-7.62,3.858,0.84,17.97,2.22,882.25,6.39
2022-10-31,33070.0,15549.2002,85.4,-1.4,6.607,10.99,356.3,-7.62,3.858,0.84,17.97,2.22,882.25,6.39
2022-11-01,33330.0,15649.0,87.19,2.1,6.08,-7.98,359.0,0.76,4.048,4.92,18.43,2.56,902.5,2.3
2022-11-02,33280.0,15690.0,88.86,1.92,6.589,8.37,361.0,0.56,4.193,3.58,18.47,0.22,846.0,-6.26
2022-11-03,33470.0,15696.0,87.18,-1.89,6.33,-3.93,351.0,-2.77,4.153,-0.95,18.47,0.0,840.5,-0.65
2022-11-04,35230.0,15780.0,91.45,4.9,6.754,6.7,349.5,-0.43,4.182,0.7,18.71,1.3,847.75,0.86
2022-11-05,37020.0,15609.5,90.73,-0.79,7.244,7.25,344.9,-1.32,4.26,1.87,18.68,-0.16,845.75,-0.24
2022-11-06,37460.0,15609.5,90.73,-0.79,7.244,7.25,344.9,-1.32,4.26,1.87,18.68,-0.16,845.75,-0.24
2022-11-07,38630.0,15609.5,90.73,-0.79,7.244,7.25,344.9,-1.32,4.26,1.87,18.68,-0.16,845.75,-0.24
2022-11-08,37240.0,15675.0,88.0,-3.01,6.524,-9.94,339.0,-1.71,4.254,-0.14,19.0,1.71,827.75,-2.13
2022-11-09,35530.0,15645.0,85.0,-3.41,6.225,-4.58,324.75,-4.2,4.145,-2.56,19.38,2.0,806.5,-2.57
2022-11-10,35560.0,15671.5,85.66,0.78,6.613,6.23,324.25,-0.15,4.109,-0.87,19.41,0.15,803.5,-0.37
2022-11-11,35390.0,15500.0,88.16,2.92,6.263,-5.29,326.8,0.79,4.187,1.9,19.64,1.18,813.75,1.28
2022-11-12,34600.0,15473.90039,85.16,-3.4,6.299,0.57,330.35,1.09,3.987,-4.78,19.83,0.97,818.5,0.58
2022-11-13,34300.0,15473.90039,85.16,-3.4,6.299,0.57,330.35,1.09,3.987,-4.78,19.83,0.97,818.5,0.58
2022-11-14,34510.0,15473.90039,85.16,-3.4,6.299,0.57,330.35,1.09,3.987,-4.78,19.83,0.97,818.5,0.58
2022-11-15,34460.0,15530.09961,86.25,1.28,6.395,1.52,341.0,3.22,3.987,0.0,20.29,2.32,828.25,1.19
2022-11-16,34130.0,15557.0,85.0,-1.45,6.607,3.32,332.55,-2.48,3.907,-2.01,20.27,-0.1,817.5,-1.3
2022-11-17,33920.0,15655.0,81.4,-4.24,6.744,2.07,334.6,0.62,3.791,-2.97,19.73,-2.66,806.75,-1.31
2022-11-18,34180.0,15720.0,80.11,-1.58,6.716,-0.42,343.45,2.64,3.815,0.63,20.05,1.62,803.25,-0.43
2022-11-19,33440.0,15629.40039,80.04,-0.09,7.223,7.55,351.0,2.2,3.815,0.63,19.86,-0.95,799.25,-0.5
2022-11-20,34020.0,15629.40039,80.04,-0.09,7.223,7.55,351.0,2.2,3.815,0.63,19.86,-0.95,799.25,-0.5
2022-11-21,34330.0,15629.40039,80.04,-0.09,7.223,7.55,351.0,2.2,3.815,0.63,19.86,-0.95,799.25,-0.5
2022-11-22,34510.0,15755.0,80.73,0.86,7.406,2.53,347.15,-1.1,3.949,3.51,19.74,-0.6,791.5,-0.97
2022-11-23,34980.0,15671.0,78.07,-3.29,7.708,4.08,346.45,-0.2,4.036,2.2,19.55,-0.96,793.5,0.25
2022-11-24,34560.0,15619.59961,77.95,-0.15,7.177,-6.89,347.35,0.26,3.989,-1.16,19.33,-1.13,792.38,-0.14
2022-11-25,34170.0,15605.0,76.43,-1.95,7.33,2.13,349.4,0.59,4.06,1.78,19.33,-1.13,775.5,-2.13
2022-11-26,34360.0,15675.09961,77.33,1.18,7.196,-1.83,379.0,8.47,4.098,0.94,19.38,0.26,756.75,-2.42
2022-11-27,33870.0,15675.09961,77.33,1.18,7.196,-1.83,379.0,8.47,4.098,0.94,19.38,0.26,756.75,-2.42
2022-11-28,34270.0,15675.09961,77.33,1.18,7.196,-1.83,379.0,8.47,4.098,0.94,19.38,0.26,756.75,-2.42
2022-11-29,34010.0,15746.0,78.28,1.23,7.084,-1.56,387.4,2.22,4.098,0.94,19.53,0.77,757.75,0.13
2022-11-30,33490.0,15726.5,80.66,3.04,6.818,-3.75,398.5,2.87,4.099,0.02,19.63,0.51,771.5,1.81
2022-12-01,33290.0,15634.5,81.14,0.6,6.631,-2.74,385.0,-3.39,3.996,-2.51,19.62,-0.05,758.75,-1.65
2022-12-02,33200.0,15355.5,80.05,-1.34,6.169,-6.97,391.0,1.56,3.905,-2.28,19.48,-0.71,737.25,-2.83
2022-12-03,32770.0,15421.0,77.08,-3.71,5.484,-11.1,400.5,2.43,3.903,-0.05,19.55,0.36,715.5,-2.95
2022-12-04,32600.0,15421.0,77.08,-3.71,5.484,-11.1,400.5,2.43,3.903,-0.05,19.55,0.36,715.5,-2.95
2022-12-05,33100.0,15421.0,77.08,-3.71,5.484,-11.1,400.5,2.43,3.903,-0.05,19.55,0.36,715.5,-2.95
2022-12-06,33260.0,15520.2998,74.46,-3.4,5.378,-1.93,408.8,2.07,4.039,3.48,19.39,-0.82,705.5,-1.4
2022-12-07,33220.0,15623.0,72.28,-2.93,5.617,4.44,405.65,-0.77,3.911,-3.17,19.48,0.46,727.0,3.05
2022-12-08,33030.0,15596.0,71.58,-0.97,5.82,3.61,395.5,-2.5,3.886,-0.64,19.68,1.03,724.25,-0.38
2022-12-09,32630.0,15590.0,71.21,-0.52,6.082,4.5,402.5,1.77,3.924,0.98,19.6,-0.41,712.75,-1.59
2022-12-10,33050.0,15582.0,73.28,2.91,6.416,5.49,400.25,-0.56,3.678,-6.27,19.38,-1.12,733.0,2.84
2022-12-11,32540.0,15582.0,73.28,2.91,6.416,5.49,400.25,-0.56,3.678,-6.27,19.38,-1.12,733.0,2.84
2022-12-12,32570.0,15582.0,73.28,2.91,6.416,5.49,400.25,-0.56,3.678,-6.27,19.38,-1.12,733.0,2.84
2022-12-13,32170.0,15676.2998,75.44,2.95,6.733,4.94,404.5,1.06,3.826,4.02,19.76,1.96,728.75,-0.58
2022-12-14,32490.0,15554.7002,77.31,2.48,6.22,-7.62,404.0,-0.12,3.885,1.54,20.29,2.68,728.25,-0.07
2022-12-15,32590.0,15481.0,76.15,-1.5,6.589,5.93,401.9,-0.52,3.885,0.0,19.98,-1.53,757.25,3.98
2022-12-16,33060.0,15626.0,74.46,-2.22,6.303,-4.34,403.0,0.27,3.863,-0.57,20.09,0.55,753.5,-0.5
2022-12-17,33100.0,15615.90039,75.38,1.24,5.71,-9.41,401.35,-0.41,3.882,0.49,20.14,0.25,748.5,-0.66
2022-12-18,33120.0,15615.90039,75.38,1.24,5.71,-9.41,401.35,-0.41,3.882,0.49,20.14,0.25,748.5,-0.66
2022-12-19,33660.0,15615.90039,75.38,1.24,5.71,-9.41,401.35,-0.41,3.882,0.49,20.14,0.25,748.5,-0.66
2022-12-20,32990.0,15567.5,76.23,1.13,5.216,-8.65,400.05,-0.32,3.839,-1.11,20.58,2.18,750.5,0.27
2022-12-21,32910.0,15556.0,78.24,2.64,5.238,0.42,401.4,0.34,3.914,1.95,20.75,0.83,767.75,2.3
2022-12-22,33210.0,15513.0,77.42,-1.05,4.928,-5.92,400.65,-0.19,3.863,-1.3,20.89,0.67,762.25,-0.72
2022-12-23,32760.0,15563.0,79.64,2.87,4.98,1.06,401.1,0.11,3.802,-1.58,20.98,0.43,776.0,1.8
2022-12-24,33430.0,15565.90039,80.97,1.67,5.144,3.29,400.5,-0.15,4.065,6.92,20.32,-3.15,774.5,-0.19
2022-12-25,33520.0,15565.90039,80.97,1.67,5.144,3.29,400.5,-0.15,4.065,6.92,20.32,-3.15,774.5,-0.19
2022-12-26,32840.0,15565.90039,80.97,1.67,5.144,3.29,400.5,-0.15,4.065,6.92,20.32,-3.15,774.5,-0.19
2022-12-27,32870.0,15607.0,79.64,-1.64,5.118,-0.51,400.5,-0.15,4.065,6.92,20.32,-3.15,774.5,-0.19
2022-12-28,32700.0,15617.5,79.08,-0.7,4.685,-8.46,402.1,0.4,4.069,0.1,20.16,-0.79,785.5,1.42
2022-12-29,32920.0,15789.0,78.5,-0.73,4.117,-12.12,404.15,0.51,4.078,0.22,20.29,0.64,774.0,-1.46
2022-12-30,33600.0,15620.0,80.45,2.48,4.104,-0.32,404.15,0.0,4.171,2.28,20.04,-1.23,792.0,2.33
2022-12-31,32740.0,15508.7998,80.47,0.02,4.143,0.95,393.1,-2.73,4.265,2.25,19.7,-1.7,775.5,-2.08
2023-01-01,31930.0,15508.7998,80.47,0.02,4.143,0.95,393.1,-2.73,4.265,2.25,19.7,-1.7,775.5,-2.08
2023-01-02,32630.0,15508.7998,80.47,0.02,4.143,0.95,393.1,-2.73,4.265,2.25,19.7,-1.7,775.5,-2.08
2023-01-03,32270.0,15550.0,77.12,-4.16,3.641,-12.12,393.1,-2.73,4.265,2.25,19.7,-1.7,775.5,-2.08
2023-01-04,32590.0,15571.7998,73.1,-5.21,3.78,3.82,394.55,0.37,4.21,-1.29,19.54,-0.81,745.5,-3.87
2023-01-05,32570.0,15560.0,73.92,1.12,3.426,-9.37,397.5,0.75,4.08,-3.09,19.34,-1.02,746.75,0.17
2023-01-06,32810.0,15620.0,74.04,0.16,3.392,-0.99,396.15,-0.34,3.981,-2.43,18.96,-1.96,743.5,-0.44
2023-01-07,32750.0,15602.2998,74.92,1.19,3.563,5.04,393.85,-0.58,4.02,0.98,19.17,1.11,741.5,-0.27
2023-01-08,32230.0,15602.2998,74.92,1.19,3.563,5.04,393.85,-0.58,4.02,0.98,19.17,1.11,741.5,-0.27
2023-01-09,32310.0,15602.2998,74.92,1.19,3.563,5.04,393.85,-0.58,4.02,0.98,19.17,1.11,741.5,-0.27
2023-01-10,32570.0,15580.0,75.37,0.6,3.314,-6.99,390.45,-0.86,3.887,-3.31,19.64,2.45,731.0,-1.42
2023-01-11,33080.0,15528.90039,77.68,3.06,3.346,0.97,370.0,-5.24,3.823,-1.65,19.65,0.05,740.0,1.23
2023-01-12,33080.0,15414.0,78.65,1.25,3.355,0.27,377.5,2.03,3.823,0.0,19.59,-0.31,742.75,0.37
2023-01-13,33460.0,15172.0,80.11,1.86,3.196,-4.74,370.25,-1.92,3.82,-0.08,19.73,0.71,743.75,0.13
2023-01-14,33980.0,15114.7998,79.78,-0.41,3.601,12.67,368.75,-0.41,3.846,0.68,20.14,2.08,751.75,1.08
2023-01-15,33500.0,15114.7998,79.78,-0.41,3.601,12.67,368.75,-0.41,3.846,0.68,20.14,2.08,751.75,1.08
2023-01-16,33880.0,15114.7998,79.04,-0.93,3.675,2.05,368.75,-0.41,3.846,0.68,20.14,2.08,751.75,1.08
2023-01-17,33870.0,15082.0,80.45,1.78,3.253,-11.48,369.25,0.14,3.79,-1.46,20.14,2.08,751.75,1.08
2023-01-18,34150.0,15162.0,79.8,-0.81,3.111,-4.37,368.0,-0.34,3.859,1.82,19.82,-1.59,742.5,-1.23
2023-01-19,34000.0,15096.0,80.61,1.02,3.124,0.42,363.5,-1.22,3.887,0.73,19.68,-0.71,734.5,-1.08
2023-01-20,34510.0,15141.0,81.64,1.28,3.036,-2.82,350.95,-3.45,3.885,-0.05,19.72,0.2,741.5,0.95
2023-01-21,34610.0,15055.90039,81.93,0.36,3.222,6.13,360.0,2.58,3.754,-3.37,19.7,-0.1,720.0,-2.9
2023-01-22,34760.0,15055.90039,81.93,0.36,3.222,6.13,360.0,2.58,3.754,-3.37,19.7,-0.1,720.0,-2.9
2023-01-23,34830.0,15055.90039,81.93,0.36,3.222,6.13,360.0,2.58,3.754,-3.37,19.7,-0.1,720.0,-2.9
2023-01-24,34870.0,15007.0,80.44,-1.82,3.057,-5.12,359.6,-0.11,3.754,-3.37,19.88,0.91,734.5,2.01
2023-01-25,35420.0,14955.5,80.44,0.0,2.915,-4.65,354.0,-1.56,3.754,-3.37,20.11,1.16,741.25,0.92
2023-01-26,35870.0,14938.7002,81.28,1.04,2.848,-2.3,355.6,0.45,3.778,0.64,20.68,2.83,752.5,1.52
2023-01-27,35810.0,14942.5,79.96,-1.62,2.849,0.04,358.1,0.7,3.874,2.54,20.96,1.35,750.0,-0.33
2023-01-28,36050.0,14970.40039,78.18,-2.23,2.731,-4.14,265.35,-25.9,3.85,-0.62,21.21,1.19,752.5,0.33
2023-01-29,36550.0,14970.40039,78.18,-2.23,2.731,-4.14,265.35,-25.9,3.85,-0.62,21.21,1.19,752.5,0.33
2023-01-30,36430.0,14970.40039,78.18,-2.23,2.731,-4.14,265.35,-25.9,3.85,-0.62,21.21,1.19,752.5,0.33
2023-01-31,36190.0,14995.0,79.17,1.27,2.741,0.37,251.75,-5.13,3.72,-3.38,21.76,2.59,761.25,1.16
2023-02-01,36670.0,14990.7002,76.73,-3.08,2.536,-7.48,247.0,-1.89,3.652,-1.83,21.37,-1.79,759.75,-0.2
2023-02-02,37220.0,14855.0,76.2,-0.69,2.522,-0.55,244.65,-0.95,3.652,-1.83,21.66,1.36,761.0,0.16
2023-02-03,37680.0,14881.0,73.74,-3.23,2.48,-1.67,236.0,-3.54,3.725,2.0,21.24,-1.94,756.75,-0.56
2023-02-04,37830.0,15078.7998,74.47,0.99,2.535,2.22,252.0,6.78,3.818,2.5,20.66,-2.73,750.25,-0.86
2023-02-05,38280.0,15078.7998,74.47,0.99,2.535,2.22,252.0,6.78,3.818,2.5,20.66,-2.73,750.25,-0.86
2023-02-06,37970.0,15078.7998,74.47,0.99,2.535,2.22,252.0,6.78,3.818,2.5,20.66,-2.73,750.25,-0.86
2023-02-07,37870.0,15200.0,77.39,3.92,2.664,5.09,255.65,1.45,3.818,2.5,20.84,0.87,749.75,-0.07
2023-02-08,38170.0,15147.0,78.69,1.68,2.477,-7.02,239.35,-6.38,3.82,0.05,21.2,1.73,764.75,2.0
2023-02-09,37840.0,15117.0,78.27,-0.53,2.492,0.61,225.5,-5.79,3.832,0.31,21.45,1.18,757.25,-0.98
2023-02-10,37490.0,15140.0,79.92,2.11,2.607,4.61,226.1,0.27,3.806,-0.68,21.58,0.61,786.0,3.8
2023-02-11,37990.0,15182.2002,80.33,0.51,2.499,-4.14,221.0,-2.26,3.85,1.16,21.2,-1.76,792.0,0.76
2023-02-12,37510.0,15182.2002,80.33,0.51,2.499,-4.14,221.0,-2.26,3.85,1.16,21.2,-1.76,792.0,0.76
2023-02-13,36570.0,15182.2002,80.33,0.51,2.499,-4.14,221.0,-2.26,3.85,1.16,21.2,-1.76,792.0,0.76
2023-02-14,37100.0,15211.0,79.24,-1.36,2.652,6.12,219.5,-0.68,3.884,0.88,21.57,1.75,786.0,-0.76
2023-02-15,35980.0,15179.0,78.83,-0.52,2.555,-3.66,219.9,0.18,3.884,0.0,21.38,-0.88,769.25,-2.13
2023-02-16,36330.0,15210.0,78.74,-0.11,2.485,-2.74,214.0,-2.68,4.03,3.76,21.45,0.33,765.0,-0.55
2023-02-17,36420.0,15142.0,76.55,-2.78,2.352,-5.35,209.35,-2.17,4.095,1.61,21.41,-0.19,765.5,0.07
2023-02-18,35890.0,15159.0,76.67,0.16,2.305,-2.0,205.65,-1.77,4.121,0.63,21.33,-0.37,764.75,-0.1
2023-02-19,35290.0,15159.0,76.67,0.16,2.305,-2.0,205.65,-1.77,4.121,0.63,21.33,-0.37,764.75,-0.1
2023-02-20,35130.0,15159.0,77.3,0.82,2.324,0.82,205.65,-1.77,4.121,0.63,21.33,-0.37,764.75,0.0
2023-02-21,35360.0,15162.5,76.36,-1.22,2.177,-6.33,208.5,1.39,4.097,-0.58,21.33,-0.37,750.5,-1.86
2023-02-22,35190.0,15233.0,74.19,-2.84,2.298,5.56,209.65,0.55,4.099,0.05,21.29,-0.19,736.5,-1.87
2023-02-23,35400.0,15192.0,75.6,1.9,2.432,5.83,210.1,0.21,4.19,2.22,21.58,1.36,738.25,0.24
2023-02-24,34820.0,15210.0,76.47,1.15,2.548,4.77,209.2,-0.43,4.156,-0.81,21.28,-1.39,708.25,-4.06
2023-02-25,34960.0,15257.7002,75.81,-0.86,2.853,11.97,196.5,-6.07,4.184,0.67,22.09,3.81,696.0,-1.73
2023-02-26,35040.0,15257.7002,75.81,-0.86,2.853,11.97,196.5,-6.07,4.184,0.67,22.09,3.81,696.0,-1.73
2023-02-27,35020.0,15257.7002,75.81,-0.86,2.853,11.97,196.5,-6.07,4.184,0.67,22.09,3.81,696.0,-1.73
2023-02-28,35060.0,15209.0,77.19,1.82,2.863,0.35,192.85,-1.86,4.113,-1.7,22.08,-0.05,691.5,-0.65
2023-03-01,35020.0,15240.0,77.83,0.83,2.943,2.79,193.5,0.34,4.146,0.8,20.57,-6.84,697.0,0.8
2023-03-02,35160.0,15243.0,78.31,0.62,2.899,-1.5,193.0,-0.26,4.27,2.99,20.31,-1.26,701.25,0.61
2023-03-03,35210.0,15322.0,79.79,1.89,3.141,8.35,188.9,-2.12,4.318,1.12,20.92,3.0,695.75,-0.78
2023-03-04,34490.0,15255.09961,80.56,0.97,2.73,-13.09,181.75,-3.79,4.25,-1.57,20.87,-0.24,682.5,-1.9
2023-03-05,34960.0,15255.09961,80.56,0.97,2.73,-13.09,181.75,-3.79,4.25,-1.57,20.87,-0.24,682.5,-1.9
2023-03-06,35380.0,15255.09961,80.56,0.97,2.73,-13.09,181.75,-3.79,4.25,-1.57,20.87,-0.24,682.5,-1.9
2023-03-07,34630.0,15352.0,77.72,-3.53,2.84,4.03,179.25,-1.38,4.199,-1.2,21.02,0.72,684.75,0.33
2023-03-08,34520.0,15437.0,76.81,-1.17,2.713,-4.47,179.5,0.14,4.175,-0.57,20.88,-0.67,674.5,-1.5
2023-03-09,34400.0,15450.0,75.84,-1.26,2.683,-1.11,180.0,0.28,4.166,-0.22,21.15,1.29,653.5,-3.11
2023-03-10,34340.0,15489.0,76.78,1.24,2.559,-4.62,185.25,2.92,4.17,0.1,21.16,0.05,666.75,2.03
2023-03-11,34790.0,15472.59961,74.91,-2.44,2.726,6.53,182.9,-1.27,4.139,-0.74,20.8,-1.7,672.25,0.82
2023-03-12,33970.0,15472.59961,74.91,-2.44,2.726,6.53,182.9,-1.27,4.139,-0.74,20.8,-1.7,672.25,0.82
2023-03-13,34580.0,15472.59961,74.91,-2.44,2.726,6.53,182.9,-1.27,4.139,-0.74,20.8,-1.7,672.25,0.82
2023-03-14,34250.0,15409.0,71.49,-4.57,2.69,-1.32,180.0,-1.59,4.103,-0.87,20.68,-0.58,686.5,2.12
2023-03-15,34260.0,15372.0,67.74,-5.25,2.546,-5.35,175.0,-2.78,4.103,0.0,20.5,-0.87,702.75,2.37
2023-03-16,34560.0,15479.0,68.52,1.15,2.626,3.14,174.0,-0.57,4.083,-0.49,20.76,1.27,699.0,-0.53
2023-03-17,35040.0,15422.0,66.93,-2.32,2.446,-6.85,173.0,-0.57,4.071,-0.29,20.67,-0.43,710.5,1.65
2023-03-18,35070.0,15368.5,67.82,1.33,2.331,-4.7,172.25,-0.43,3.935,-3.34,20.48,-0.92,700.75,-1.37
2023-03-19,35040.0,15368.5,67.82,1.33,2.331,-4.7,172.25,-0.43,3.935,-3.34,20.48,-0.92,700.75,-1.37
2023-03-20,35090.0,15368.5,67.82,1.33,2.331,-4.7,172.25,-0.43,3.935,-3.34,20.48,-0.92,700.75,-1.37
2023-03-21,35380.0,15340.0,69.67,2.73,2.485,6.61,174.0,1.02,3.937,0.05,20.8,1.56,683.25,-2.5
2023-03-22,35370.0,15294.0,71.02,1.94,2.307,-7.16,176.55,1.47,3.835,-2.59,21.14,1.63,663.5,-2.89
2023-03-23,34900.0,15251.0,70.12,-1.27,2.283,-1.04,176.65,0.06,3.75,-2.22,20.89,-1.18,662.0,-0.23
2023-03-24,34680.0,15047.0,69.41,-1.01,2.361,3.42,175.35,-0.74,3.751,0.03,20.82,-0.34,688.5,4.0
2023-03-25,34190.0,15148.0,72.93,5.07,2.215,-6.18,176.25,0.51,3.884,3.55,20.93,0.53,698.0,1.38
2023-03-26,33760.0,15148.0,72.93,5.07,2.215,-6.18,176.25,0.51,3.884,3.55,20.93,0.53,698.0,1.38
2023-03-27,34380.0,15148.0,72.93,5.07,2.215,-6.18,176.25,0.51,3.884,3.55,20.93,0.53,698.0,1.38
2023-03-28,33570.0,15107.5,73.34,0.56,2.147,-3.07,176.5,0.14,4.011,3.27,21.31,1.82,699.75,0.25
2023-03-29,33550.0,15061.0,73.12,-0.3,2.184,1.72,176.6,0.06,4.03,0.47,21.25,-0.28,704.75,0.71
2023-03-30,33160.0,15031.5,74.49,1.87,2.358,7.97,176.75,0.08,4.112,2.03,21.96,3.34,692.25,-1.77
2023-03-31,33610.0,15020.0,75.8,1.76,2.465,4.54,177.25,0.28,4.058,-1.31,22.25,1.32,692.25,0.0
2023-04-01,33180.0,14988.0,80.44,6.12,2.333,-5.35,200.0,12.83,4.169,2.74,22.4,0.67,693.5,0.18
2023-04-02,32200.0,14988.0,80.44,6.12,2.333,-5.35,200.0,12.83,4.169,2.74,22.4,0.67,693.5,0.18
2023-04-03,32240.0,14988.0,80.44,6.12,2.333,-5.35,200.0,12.83,4.169,2.74,22.4,0.67,693.5,0.18
2023-04-04,31750.0,14915.0,80.72,0.35,2.344,0.47,192.65,-3.68,4.242,1.75,22.47,0.31,691.5,-0.29
2023-04-05,32090.0,14958.0,80.63,-0.11,2.381,1.58,198.0,2.78,4.205,-0.87,22.95,2.14,682.0,-1.37
2023-04-06,31770.0,14956.0,80.68,0.06,2.238,-6.01,193.75,-2.15,4.191,-0.33,23.61,2.88,675.5,-0.95
2023-04-07,31410.0,14932.0,79.77,-1.13,2.361,5.5,193.75,0.0,4.22,0.69,23.56,-0.21,675.5,0.0
2023-04-08,31440.0,14906.0,79.77,-1.13,2.361,5.5,193.75,0.0,4.327,2.54,23.56,-0.21,678.5,0.44
2023-04-09,30990.0,14906.0,79.77,-1.13,2.361,5.5,193.75,0.0,4.327,2.54,23.56,-0.21,678.5,0.44
2023-04-10,31430.0,14906.0,79.77,-1.13,2.361,5.5,193.75,0.0,4.327,2.54,23.56,-0.21,678.5,0.44
2023-04-11,31390.0,14955.0,81.49,2.16,2.351,-0.42,194.15,0.21,4.28,-1.09,24.37,3.44,674.0,-0.66
2023-04-12,31430.0,14913.0,83.09,1.96,2.267,-3.57,194.6,0.23,4.17,-2.57,24.05,-1.31,679.5,0.82
2023-04-13,31410.0,14823.5,82.04,-1.26,2.197,-3.09,190.75,-1.98,4.1,-1.68,24.04,-0.04,667.0,-1.84
2023-04-14,31410.0,14720.0,82.43,0.48,2.305,4.92,188.0,-1.44,4.1,0.0,24.1,0.25,682.5,2.32
2023-04-15,31580.0,14693.0,80.83,-1.94,2.444,6.03,187.0,-0.53,4.014,-2.1,24.44,1.41,696.5,2.05
2023-04-16,30270.0,14693.0,80.83,-1.94,2.444,6.03,187.0,-0.53,4.014,-2.1,24.44,1.41,696.5,2.05
2023-04-17,30590.0,14693.0,80.83,-1.94,2.444,6.03,187.0,-0.53,4.014,-2.1,24.44,1.41,696.5,2.05
2023-04-18,30990.0,14860.0,80.9,0.09,2.517,2.99,188.3,0.7,4.14,3.14,24.54,0.41,698.0,0.22
2023-04-19,31540.0,14890.0,79.24,-2.05,2.395,-4.85,192.5,2.23,4.097,-1.04,24.37,-0.69,681.75,-2.33
2023-04-20,32020.0,15006.0,77.37,-2.36,2.427,1.34,191.75,-0.39,4.11,0.32,25.25,3.61,667.75,-2.05
2023-04-21,31820.0,14946.0,77.71,0.44,2.408,-0.78,190.35,-0.73,4.081,-0.71,24.83,-1.66,661.75,-0.9
2023-04-22,31180.0,14838.0,78.6,1.15,2.471,2.62,190.0,-0.18,4.081,-0.71,25.91,4.35,643.5,-2.76
2023-04-23,29990.0,14838.0,78.6,1.15,2.471,2.62,190.0,-0.18,4.081,-0.71,25.91,4.35,643.5,-2.76
2023-04-24,30820.0,14838.0,78.6,1.15,2.471,2.62,190.0,-0.18,4.081,-0.71,25.91,4.35,643.5,-2.76
2023-04-25,30860.0,14945.0,76.87,-2.2,2.437,-1.38,189.05,-0.5,4.081,-0.71,26.65,2.86,638.75,-0.74
2023-04-26,31410.0,14935.0,74.19,-3.49,2.305,-5.42,190.15,0.58,4.061,-0.49,26.51,-0.53,627.25,-1.8
2023-04-27,31110.0,14841.5,74.58,0.53,2.548,10.54,189.95,-0.11,4.045,-0.39,26.99,1.81,614.75,-1.99
2023-04-28,31550.0,14684.0,76.61,2.72,2.578,1.18,189.7,-0.13,3.937,-2.67,26.99,0.0,619.75,0.81
2023-04-29,30970.0,14663.0,75.51,-1.44,2.498,-3.1,185.15,-2.4,4.016,2.01,25.54,-5.37,603.75,-2.58
2023-04-30,31070.0,14663.0,75.51,-1.44,2.498,-3.1,185.15,-2.4,4.016,2.01,25.54,-5.37,603.75,-2.58
2023-05-01,30610.0,14663.0,75.51,-1.44,2.498,-3.1,185.15,-2.4,4.016,2.01,25.54,-5.37,603.75,-2.58
2023-05-02,31620.0,14671.5,71.55,-5.24,2.417,-3.24,187.55,1.3,4.016,2.01,25.14,-1.57,595.5,-1.37
2023-05-03,31880.0,14752.5,68.55,-4.19,2.36,-2.36,180.6,-3.71,4.019,0.07,25.17,0.12,626.25,5.16
2023-05-04,31590.0,14680.5,68.51,-0.06,2.297,-2.67,170.65,-5.51,4.07,1.27,25.52,1.39,631.5,0.84
2023-05-05,31600.0,14700.0,71.27,4.03,2.321,1.04,169.65,-0.59,4.07,1.27,26.32,3.13,647.0,2.45
2023-05-06,31720.0,14668.0,73.07,2.53,2.412,3.92,169.65,0.0,4.084,0.34,26.09,-0.87,641.0,-0.93
2023-05-07,31780.0,14668.0,73.07,2.53,2.412,3.92,169.65,0.0,4.084,0.34,26.09,-0.87,641.0,-0.93
2023-05-08,32340.0,14668.0,73.07,2.53,2.412,3.92,169.65,0.0,4.084,0.34,26.09,-0.87,641.0,-0.93
2023-05-09,32660.0,14750.0,73.62,0.75,2.427,0.62,169.0,-0.38,4.05,-0.83,26.19,0.38,630.5,-1.64
2023-05-10,33510.0,14767.0,72.52,-1.49,2.336,-3.75,166.95,-1.21,3.93,-2.96,26.66,1.79,628.25,-0.36
2023-05-11,32880.0,14691.0,70.88,-2.26,2.345,0.39,163.0,-2.37,3.8,-3.31,26.02,-2.4,614.25,-2.23
2023-05-12,32930.0,14770.5,70.02,-1.21,2.438,3.97,164.9,1.17,3.843,1.13,26.22,0.77,624.5,1.67
2023-05-13,32970.0,14743.0,71.09,1.53,2.542,4.27,163.75,-0.7,3.85,0.18,26.29,0.27,660.75,5.8
2023-05-14,32260.0,14743.0,71.09,1.53,2.542,4.27,163.75,-0.7,3.85,0.18,26.29,0.27,660.75,5.8
2023-05-15,31620.0,14743.0,71.09,1.53,2.542,4.27,163.75,-0.7,3.85,0.18,26.29,0.27,660.75,5.8
2023-05-16,32400.0,14795.0,70.84,-0.35,2.534,-0.31,163.8,0.03,3.748,-2.65,26.07,-0.84,647.5,-2.01
2023-05-17,32520.0,14885.0,72.89,2.89,2.509,-0.99,165.25,0.89,3.724,-0.64,25.91,-0.61,625.5,-3.4
2023-05-18,32790.0,14876.5,71.94,-1.3,2.715,8.21,159.35,-3.57,3.675,-1.32,25.61,-1.16,611.75,-2.2
2023-05-19,32170.0,14916.0,71.69,-0.35,2.707,-0.29,162.25,1.82,3.725,1.36,25.78,0.66,605.0,-1.1
2023-05-20,33050.0,14918.0,72.05,0.5,2.551,-5.76,160.35,-1.17,3.673,-1.4,25.99,0.81,606.25,0.21
2023-05-21,31990.0,14918.0,72.05,0.5,2.551,-5.76,160.35,-1.17,3.673,-1.4,25.99,0.81,606.25,0.21
2023-05-22,32030.0,14918.0,72.05,0.5,2.551,-5.76,160.35,-1.17,3.673,-1.4,25.99,0.81,606.25,0.21
2023-05-23,32670.0,14886.0,72.85,1.11,2.489,-2.43,160.0,-0.22,3.551,-3.32,25.81,-0.69,622.25,2.64
2023-05-24,32080.0,14895.0,74.29,1.98,2.566,3.09,160.25,0.16,3.527,-0.68,25.49,-1.24,606.25,-2.57
2023-05-25,32300.0,14945.90039,71.93,-3.18,2.476,-3.51,160.0,-0.16,3.565,1.08,24.83,-2.59,604.25,-0.33
2023-05-26,32430.0,14970.0,72.76,1.15,2.417,-2.38,160.0,0.0,3.59,0.7,25.37,2.17,616.0,1.94
2023-05-27,32810.0,14948.0,73.22,0.63,2.435,0.74,140.65,-12.09,3.585,-0.14,25.33,-0.16,616.88,0.14
2023-05-28,31950.0,14948.0,73.22,0.63,2.435,0.74,140.65,-12.09,3.585,-0.14,25.33,-0.16,616.88,0.14
2023-05-29,31760.0,14948.0,72.87,-0.48,2.349,-3.53,140.65,-12.09,3.585,-0.14,25.33,-0.16,591.0,-4.2
2023-05-30,31970.0,14960.0,69.6,-4.49,2.416,2.85,135.1,-3.95,3.43,-4.32,25.33,-0.16,591.0,-4.2
2023-05-31,31880.0,14979.0,68.24,-1.95,2.358,-2.4,135.0,-0.07,3.255,-5.1,25.06,-1.07,594.25,0.55
2023-06-01,31710.0,14984.0,70.2,2.87,2.273,-3.6,130.15,-3.59,3.32,2.0,24.88,-0.72,610.75,2.78
2023-06-02,31800.0,14907.0,71.84,2.34,2.299,1.14,131.0,0.65,3.416,2.89,24.73,-0.6,619.0,1.35
2023-06-03,32180.0,14983.0,72.26,0.58,2.366,2.91,137.75,5.15,3.356,-1.76,24.4,-1.33,624.0,0.81
2023-06-04,31800.0,14983.0,72.26,0.58,2.366,2.91,137.75,5.15,3.356,-1.76,24.4,-1.33,624.0,0.81
2023-06-05,31060.0,14983.0,72.26,0.58,2.366,2.91,137.75,5.15,3.356,-1.76,24.4,-1.33,624.0,0.81
2023-06-06,31380.0,14849.5,71.85,-0.57,2.381,0.63,134.45,-2.4,3.356,-1.76,24.58,0.74,627.75,0.6
2023-06-07,31890.0,14872.0,72.64,1.1,2.433,2.18,136.0,1.15,3.411,1.64,24.5,-0.33,616.75,-1.75
2023-06-08,32140.0,14889.0,71.44,-1.65,2.434,0.04,136.25,0.18,3.375,-1.06,25.48,4.0,626.25,1.54
2023-06-09,31440.0,14836.0,70.33,-1.55,2.331,-4.23,135.7,-0.4,3.478,3.05,25.38,-0.39,630.25,0.64
2023-06-10,31980.0,14833.0,67.29,-4.32,2.336,0.21,134.0,-1.25,3.382,-2.76,25.47,0.35,633.75,0.56
2023-06-11,31930.0,14833.0,67.29,-4.32,2.336,0.21,134.0,-1.25,3.382,-2.76,25.47,0.35,633.75,0.56
2023-06-12,32790.0,14833.0,67.29,-4.32,2.336,0.21,134.0,-1.25,3.382,-2.76,25.47,0.35,633.75,0.56
2023-06-13,32730.0,14871.5,69.58,3.4,2.407,3.04,132.25,-1.31,3.441,1.74,25.16,-1.22,636.25,0.39
2023-06-14,33310.0,14869.0,68.46,-1.61,2.413,0.25,132.0,-0.19,3.478,1.08,25.84,2.7,630.25,-0.94
2023-06-15,33920.0,14909.0,70.81,3.43,2.609,8.12,135.95,2.99,3.519,1.18,26.0,0.62,661.5,4.96
2023-06-16,33870.0,14897.0,71.93,1.58,2.721,4.29,128.45,-5.52,3.785,7.56,26.43,1.65,688.0,4.01
2023-06-17,34750.0,14928.0,71.47,-0.64,2.602,-4.37,128.35,-0.08,3.766,-0.5,26.22,-0.79,695.75,1.13
2023-06-18,34580.0,14928.0,71.47,-0.64,2.602,-4.37,128.35,-0.08,3.766,-0.5,26.22,-0.79,695.75,1.13
2023-06-19,34880.0,14928.0,71.31,-0.22,2.643,1.58,128.35,-0.08,3.766,-0.5,26.22,-0.79,695.75,1.13
2023-06-20,35460.0,15008.0,71.19,-0.17,2.57,-2.76,126.55,-1.4,3.737,-0.77,26.22,-0.79,695.75,1.13
2023-06-21,36380.0,15016.0,72.52,1.87,2.677,4.16,124.15,-1.9,3.631,-2.84,25.88,-1.3,734.5,5.57
2023-06-22,36790.0,14943.0,69.63,-3.99,2.704,1.01,125.75,1.29,3.582,-1.35,24.93,-3.67,739.0,0.61
2023-06-23,37090.0,14935.0,69.32,-0.45,2.843,5.14,125.5,-0.2,3.644,1.73,24.18,-3.01,733.25,-0.78
2023-06-24,36480.0,14987.0,69.54,0.32,2.892,1.72,125.5,0.0,3.739,2.61,23.72,-1.9,724.25,-1.23
2023-06-25,36180.0,14987.0,69.54,0.32,2.892,1.72,125.5,0.0,3.739,2.61,23.72,-1.9,724.25,-1.23
2023-06-26,37600.0,14987.0,69.54,0.32,2.892,1.72,125.5,0.0,3.739,2.61,23.72,-1.9,724.25,-1.23
2023-06-27,37800.0,15039.0,67.9,-2.36,2.789,-3.56,127.9,1.91,3.685,-1.44,23.03,-2.91,685.0,-5.42
2023-06-28,37980.0,14982.5,69.73,2.7,2.668,-4.34,127.9,0.0,3.751,1.79,22.57,-2.0,655.75,-4.27
2023-06-29,35760.0,14981.0,70.02,0.42,2.691,0.86,127.9,0.0,3.751,0.0,22.07,-2.22,653.0,-0.42
2023-06-30,36660.0,15064.0,70.78,1.09,2.774,3.08,128.05,0.12,3.751,0.0,22.89,3.72,636.25,-2.57
2023-07-01,37600.0,14986.0,69.91,-1.23,2.702,-2.6,148.05,15.62,3.945,5.17,23.32,1.88,628.5,-1.22
2023-07-02,38190.0,14986.0,69.91,-1.23,2.702,-2.6,148.05,15.62,3.945,5.17,23.32,1.88,628.5,-1.22
2023-07-03,37810.0,14986.0,69.91,-1.23,2.702,-2.6,148.05,15.62,3.945,5.17,23.32,1.88,628.5,-1.22
2023-07-04,37290.0,15056.0,71.06,1.64,2.751,1.81,143.15,-3.31,3.815,-3.3,23.53,0.9,662.0,5.33
2023-07-05,37780.0,15010.0,71.88,1.15,2.643,-3.93,144.8,1.15,3.8,-0.39,23.53,0.9,662.0,5.33
2023-07-06,37510.0,15077.0,71.79,-0.13,2.599,-1.66,139.65,-3.56,3.844,1.16,23.25,-1.19,647.0,-2.27
2023-07-07,37950.0,15189.2998,73.77,2.76,2.57,-1.12,138.0,-1.18,3.757,-2.26,23.53,1.2,639.5,-1.16
2023-07-08,36960.0,15128.0,72.95,-1.11,2.641,2.76,133.7,-3.12,3.843,2.29,23.44,-0.38,636.25,-0.51
2023-07-09,36370.0,15128.0,72.95,-1.11,2.641,2.76,133.7,-3.12,3.843,2.29,23.44,-0.38,636.25,-0.51
2023-07-10,36940.0,15128.0,72.95,-1.11,2.641,2.76,133.7,-3.12,3.843,2.29,23.44,-0.38,636.25,-0.51
2023-07-11,36600.0,15216.0,74.71,2.41,2.692,1.93,131.0,-2.02,3.815,-0.73,23.53,0.38,649.5,2.08
2023-07-12,36570.0,15156.7998,75.54,1.11,2.597,-3.53,129.05,-1.49,3.847,0.84,23.91,1.61,621.25,-4.35
2023-07-13,36190.0,14928.0,76.76,1.62,2.534,-2.43,128.0,-0.81,3.786,-1.59,24.01,0.42,627.5,1.01
2023-07-14,36210.0,14954.0,75.32,-1.88,2.53,-0.16,131.65,2.85,3.818,0.85,24.32,1.29,641.5,2.23
2023-07-15,37080.0,14951.0,74.08,-1.65,2.504,-1.03,131.1,-0.42,3.885,1.75,23.8,-2.14,653.75,1.91
2023-07-16,36180.0,14951.0,74.08,-1.65,2.504,-1.03,131.1,-0.42,3.885,1.75,23.8,-2.14,653.75,1.91
2023-07-17,35330.0,14951.0,74.08,-1.65,2.504,-1.03,131.1,-0.42,3.885,1.75,23.8,-2.14,653.75,1.91
2023-07-18,35410.0,14982.5,75.66,2.13,2.618,4.55,134.35,2.48,3.851,-0.88,23.86,0.25,670.75,2.6
2023-07-19,35760.0,14986.0,75.29,-0.49,2.585,-1.26,132.0,-1.75,3.992,3.66,24.21,1.47,727.75,8.5
2023-07-20,35640.0,14992.0,75.65,0.48,2.731,5.65,132.0,0.0,3.992,3.66,24.67,1.9,727.0,-0.1
2023-07-21,35190.0,15051.5,76.78,1.49,2.707,-0.88,133.0,0.76,3.993,0.03,25.01,1.38,697.5,-4.06
2023-07-22,34490.0,15018.0,78.4,2.11,2.688,-0.7,133.1,0.08,4.092,2.48,24.92,-0.36,757.5,8.6
2023-07-23,34060.0,15018.0,78.4,2.11,2.688,-0.7,133.1,0.08,4.092,2.48,24.92,-0.36,757.5,8.6
2023-07-24,34120.0,15018.0,78.4,2.11,2.688,-0.7,133.1,0.08,4.092,2.48,24.92,-0.36,757.5,8.6
2023-07-25,33400.0,15021.5,79.2,1.02,2.747,2.19,134.0,0.68,4.0,-2.25,24.69,-0.92,760.25,0.36
2023-07-26,32920.0,15032.0,78.4,-1.01,2.693,-1.97,134.0,0.0,3.987,-0.33,24.39,-1.22,720.0,-5.29
2023-07-27,31570.0,15007.0,79.63,1.57,2.595,-3.64,134.0,0.0,3.922,-1.63,24.43,0.16,712.75,-1.01
2023-07-28,31390.0,15095.0,80.18,0.69,2.753,6.09,134.45,0.34,3.872,-1.27,23.92,-2.09,704.25,-1.19
2023-07-29,31080.0,15088.0,81.32,1.42,2.741,-0.44,137.3,2.12,3.792,-2.07,24.11,0.79,665.75,-5.47
2023-07-30,30880.0,15088.0,81.32,1.42,2.741,-0.44,137.3,2.12,3.792,-2.07,24.11,0.79,665.75,-5.47
2023-07-31,31140.0,15088.0,81.32,1.42,2.741,-0.44,137.3,2.12,3.792,-2.07,24.11,0.79,665.75,-5.47
2023-08-01,30150.0,15104.0,80.92,-0.49,2.672,-2.52,134.35,-2.15,3.774,-0.47,24.39,1.16,652.25,-2.03
2023-08-02,30020.0,15131.0,79.13,-2.21,2.586,-3.22,133.5,-0.63,3.816,1.11,24.2,-0.78,640.0,-1.88
2023-08-03,29900.0,15220.0,81.08,2.46,2.67,3.25,136.85,2.51,3.755,-1.6,24.02,-0.74,627.0,-2.03
2023-08-04,30100.0,15161.0,82.27,1.47,2.681,0.41,137.0,0.11,3.782,0.72,23.69,-1.37,633.0,0.96
2023-08-05,30040.0,15163.0,81.49,-0.95,2.813,4.92,141.1,2.99,3.7,-2.17,23.74,0.21,657.5,3.87
2023-08-06,29890.0,15163.0,81.49,-0.95,2.813,4.92,141.1,2.99,3.7,-2.17,23.74,0.21,657.5,3.87
2023-08-07,30110.0,15163.0,81.49,-0.95,2.813,4.92,141.1,2.99,3.7,-2.17,23.74,0.21,657.5,3.87
2023-08-08,29670.0,15232.0,82.36,1.07,2.864,1.81,142.5,0.99,3.676,-0.65,23.45,-1.22,656.25,-0.19
2023-08-09,29140.0,15207.2002,83.69,1.61,3.053,6.6,142.5,0.0,3.745,1.88,23.71,1.11,635.0,-3.24
2023-08-10,29920.0,15207.0,82.29,-1.67,2.87,-5.99,143.0,0.35,3.74,-0.13,23.95,1.01,637.75,0.43
2023-08-11,28990.0,15259.0,82.57,0.34,2.882,0.42,144.0,0.7,3.727,-0.35,24.33,1.59,626.75,-1.72
2023-08-12,29270.0,15317.0,81.92,-0.79,2.898,0.56,146.5,1.74,3.697,-0.8,24.05,-1.15,616.0,-1.72
2023-08-13,29100.0,15317.0,81.92,-0.79,2.898,0.56,146.5,1.74,3.697,-0.8,24.05,-1.15,616.0,-1.72
2023-08-14,28800.0,15317.0,81.92,-0.79,2.898,0.56,146.5,1.74,3.697,-0.8,24.05,-1.15,616.0,-1.72
2023-08-15,29010.0,15347.0,80.5,-1.73,2.781,-4.04,147.15,0.44,3.753,1.51,23.77,-1.16,598.5,-2.84
2023-08-16,29230.0,15311.5,79.02,-1.84,2.726,-1.98,147.5,0.24,3.815,1.65,24.19,1.77,597.75,-0.13
2023-08-17,28580.0,15362.0,79.9,1.11,2.755,1.06,147.0,-0.34,3.894,2.07,24.0,-0.79,589.5,-1.38
2023-08-18,27830.0,15362.5,80.66,0.95,2.691,-2.32,149.5,1.7,3.854,-1.03,23.76,-1.0,613.25,4.03
2023-08-19,27880.0,15278.0,80.12,-0.67,2.743,1.93,149.25,-0.17,3.922,1.76,23.4,-1.52,599.25,-2.28
2023-08-20,28350.0,15278.0,80.12,-0.67,2.743,1.93,149.25,-0.17,3.922,1.76,23.4,-1.52,599.25,-2.28
2023-08-21,28620.0,15278.0,80.12,-0.67,2.743,1.93,149.25,-0.17,3.922,1.76,23.4,-1.52,599.25,-2.28
2023-08-22,28600.0,15318.90039,79.64,-0.6,2.652,-3.32,150.0,0.5,3.857,-1.66,23.4,0.0,601.75,0.42
2023-08-23,27720.0,15317.0,78.59,-1.32,2.592,-2.26,150.0,0.0,3.812,-1.17,23.85,1.92,612.5,1.79
2023-08-24,27470.0,15294.09961,78.66,0.09,2.636,1.7,149.0,-0.67,3.815,0.08,24.29,1.84,604.0,-1.39
2023-08-25,27240.0,15239.0,79.49,1.06,2.657,0.8,149.4,0.27,3.86,1.18,24.83,2.22,593.25,-1.78
2023-08-26,26940.0,15288.0,79.67,0.23,2.665,0.3,159.75,6.93,3.8,-1.55,25.57,2.98,588.0,-0.88
2023-08-27,27040.0,15288.0,79.67,0.23,2.665,0.3,159.75,6.93,3.8,-1.55,25.57,2.98,588.0,-0.88
2023-08-28,28070.0,15288.0,79.67,0.23,2.665,0.3,159.75,6.93,3.8,-1.55,25.57,2.98,588.0,-0.88
2023-08-29,27540.0,15255.5,80.68,1.27,2.662,-0.11,159.5,-0.16,3.801,0.03,25.45,-0.47,569.75,-3.1
2023-08-30,26520.0,15196.5,81.12,0.55,3.181,19.5,156.0,-2.19,3.86,1.55,25.34,-0.43,576.75,1.23
2023-08-31,25430.0,15216.0,82.96,2.27,3.147,-1.07,156.0,0.0,3.91,1.3,25.06,-1.1,573.0,-0.65
2023-09-01,25580.0,15231.0,84.75,2.16,3.111,-1.14,156.25,0.16,3.91,1.3,25.81,2.99,567.5,-0.96
2023-09-02,25150.0,15233.0,85.85,1.3,2.671,-14.14,156.55,0.19,3.873,-0.95,26.65,3.25,572.5,0.88
2023-09-03,25230.0,15233.0,85.85,1.3,2.671,-14.14,156.55,0.19,3.873,-0.95,26.65,3.25,572.5,0.88
2023-09-04,24650.0,15233.0,85.82,-0.03,2.647,-0.9,156.55,0.19,3.873,-0.95,26.65,3.25,572.5,0.88
2023-09-05,24680.0,15227.0,86.01,0.22,2.991,13.0,160.5,2.52,3.8,-1.88,26.65,3.25,572.5,0.88
2023-09-06,24380.0,15298.0,86.79,0.91,2.943,-1.6,160.0,-0.31,3.76,-1.05,26.22,-1.61,581.0,1.48
2023-09-07,23430.0,15336.0,86.15,-0.74,2.958,0.51,157.65,-1.47,3.75,-0.27,26.68,1.75,571.5,-1.64
2023-09-08,23750.0,15342.0,86.81,0.77,2.966,0.27,156.25,-0.89,3.73,-0.53,26.31,-1.39,567.25,-0.74
2023-09-09,23610.0,15318.0,86.66,-0.17,2.937,-0.98,158.0,1.12,3.628,-2.73,26.4,0.34,556.0,-1.98
2023-09-10,23550.0,15318.0,86.66,-0.17,2.937,-0.98,158.0,1.12,3.628,-2.73,26.4,0.34,556.0,-1.98
2023-09-11,23570.0,15318.0,86.66,-0.17,2.937,-0.98,158.0,1.12,3.628,-2.73,26.4,0.34,556.0,-1.98
2023-09-12,23370.0,15339.09961,88.16,1.73,3.015,2.66,159.0,0.63,3.598,-0.83,26.83,1.63,560.25,0.76
2023-09-13,23630.0,15350.2002,87.88,-0.32,2.987,-0.93,162.25,2.04,3.635,1.03,26.54,-1.08,569.0,1.56
2023-09-14,23350.0,15353.0,89.61,1.97,2.983,-0.13,160.15,-1.29,3.66,0.69,26.98,1.66,567.5,-0.26
2023-09-15,23150.0,15395.0,90.02,0.46,2.932,-1.71,160.5,0.22,3.69,0.82,26.91,-0.26,604.25,6.48
2023-09-16,22640.0,15346.0,90.58,0.62,3.001,2.35,160.75,0.16,3.678,-0.33,27.11,0.74,591.25,-2.15
2023-09-17,22520.0,15346.0,90.58,0.62,3.001,2.35,160.75,0.16,3.678,-0.33,27.11,0.74,591.25,-2.15
2023-09-18,22800.0,15346.0,90.58,0.62,3.001,2.35,160.75,0.16,3.678,-0.33,27.11,0.74,591.25,-2.15
2023-09-19,22700.0,15377.0,90.48,-0.11,3.026,0.83,160.75,0.0,3.7,0.6,27.44,1.22,584.0,-1.23
2023-09-20,23050.0,15384.5,89.66,-0.91,2.921,-3.47,160.75,0.0,3.662,-1.03,26.79,-2.37,588.75,0.81
2023-09-21,23160.0,15361.0,88.32,-1.49,2.84,-2.77,160.5,-0.16,3.648,-0.38,26.93,0.52,575.75,-2.21
2023-09-22,23270.0,15400.5,88.35,0.03,2.879,1.37,160.0,-0.31,3.647,-0.03,26.97,0.15,579.5,0.65
2023-09-23,23470.0,15368.0,88.17,-0.2,2.906,0.94,160.0,0.0,3.675,0.77,26.31,-2.45,589.0,1.64
2023-09-24,23430.0,15368.0,88.17,-0.2,2.906,0.94,160.0,0.0,3.675,0.77,26.31,-2.45,589.0,1.64
2023-09-25,23590.0,15368.0,88.17,-0.2,2.906,0.94,160.0,0.0,3.675,0.77,26.31,-2.45,589.0,1.64
2023-09-26,23360.0,15405.0,88.78,0.69,2.845,-2.1,160.35,0.22,3.618,-1.55,26.02,-1.1,589.0,0.0
2023-09-27,23960.0,15493.0,91.3,2.84,2.899,1.9,160.35,0.0,3.678,1.66,26.13,0.42,579.5,-1.61
2023-09-28,23810.0,15569.0,89.59,-1.87,3.34,15.21,159.75,-0.37,3.689,0.3,26.73,2.3,578.75,-0.13
2023-09-29,23520.0,15474.0,88.8,-0.88,3.312,-0.84,160.1,0.22,3.689,0.3,26.27,-1.72,541.5,-6.44
2023-09-30,23070.0,15448.0,87.17,-1.84,3.233,-2.39,154.5,-3.5,3.645,-1.19,26.35,0.3,564.75,4.29
2023-10-01,23140.0,15448.0,87.17,-1.84,3.233,-2.39,154.5,-3.5,3.645,-1.19,26.35,0.3,564.75,4.29
2023-10-02,22970.0,15448.0,87.17,-1.84,3.233,-2.39,154.5,-3.5,3.645,-1.19,26.35,0.3,564.75,4.29
2023-10-03,22790.0,15516.0,87.44,0.31,3.313,2.47,149.65,-3.14,3.644,-0.03,25.67,-2.58,568.5,0.66
2023-10-04,21860.0,15622.0,82.55,-5.59,3.32,0.21,144.65,-3.34,3.646,0.05,25.93,1.01,560.0,-1.5
2023-10-05,22220.0,15591.0,80.81,-2.11,3.511,5.75,139.0,-3.91,3.566,-2.19,26.16,0.89,578.25,3.26
2023-10-06,22550.0,15631.0,81.28,0.58,3.641,3.7,138.5,-0.36,3.562,-0.11,26.74,2.22,568.25,-1.73
2023-10-07,22160.0,15603.0,84.6,4.08,3.631,-0.27,141.35,2.06,3.577,0.42,27.18,1.65,572.75,0.79
2023-10-08,22530.0,15603.0,84.6,4.08,3.631,-0.27,141.35,2.06,3.577,0.42,27.18,1.65,572.75,0.79
2023-10-09,22990.0,15603.0,84.6,4.08,3.631,-0.27,141.35,2.06,3.577,0.42,27.18,1.65,572.75,0.79
2023-10-10,23840.0,15691.40039,84.13,-0.56,3.659,0.77,141.9,0.39,3.541,-1.01,27.05,-0.48,558.5,-2.49
2023-10-11,24140.0,15718.5,82.07,-2.45,3.658,-0.03,140.5,-0.99,3.53,-0.31,26.4,-2.4,556.0,-0.45
2023-10-12,23370.0,15693.0,81.8,-0.33,3.639,-0.52,142.65,1.53,3.618,2.49,26.35,-0.19,571.5,2.79
2023-10-13,23870.0,15739.0,86.35,5.56,3.584,-1.51,143.85,0.84,3.68,1.71,27.03,2.58,579.75,1.44
2023-10-14,23790.0,15676.0,85.26,-1.26,3.479,-2.93,143.75,-0.07,3.735,1.49,27.05,0.07,577.25,-0.43
2023-10-15,22960.0,15676.0,85.26,-1.26,3.479,-2.93,143.75,-0.07,3.735,1.49,27.05,0.07,577.25,-0.43
2023-10-16,23010.0,15676.0,85.26,-1.26,3.479,-2.93,143.75,-0.07,3.735,1.49,27.05,0.07,577.25,-0.43
2023-10-17,23430.0,15675.0,85.44,0.21,3.468,-0.32,142.25,-1.04,3.739,0.11,27.49,1.63,570.5,-1.17
2023-10-18,23040.0,15728.2002,87.27,2.14,3.463,-0.14,140.0,-1.58,3.769,0.8,27.48,-0.04,580.25,1.71
2023-10-19,23100.0,15807.0,88.37,1.26,3.326,-3.96,136.5,-2.5,3.726,-1.14,27.29,-0.69,594.0,2.37
2023-10-20,23190.0,15856.0,88.08,-0.33,3.258,-2.04,138.0,1.1,3.716,-0.27,26.85,-1.61,586.0,-1.35
2023-10-21,22870.0,15868.0,84.42,-4.16,3.273,0.46,138.35,0.25,3.692,-0.65,27.48,2.35,587.25,0.21
2023-10-22,22600.0,15868.0,84.42,-4.16,3.273,0.46,138.35,0.25,3.692,-0.65,27.48,2.35,587.25,0.21
2023-10-23,22940.0,15868.0,84.42,-4.16,3.273,0.46,138.35,0.25,3.692,-0.65,27.48,2.35,587.25,0.21
2023-10-24,23100.0,15874.0,82.97,-1.72,3.322,1.5,136.5,-1.34,3.606,-2.33,27.53,0.18,580.5,-1.15
2023-10-25,22600.0,15868.0,84.69,2.07,3.376,1.63,133.5,-2.2,3.606,0.0,27.63,0.36,568.5,-2.07
2023-10-26,22810.0,15877.5,82.54,-2.54,3.477,2.99,135.7,1.65,3.671,1.8,27.04,-2.14,579.5,1.93
2023-10-27,23370.0,15920.0,84.7,2.62,3.483,0.17,135.2,-0.37,3.675,0.11,27.34,1.11,575.5,-0.69
2023-10-28,23040.0,15903.5,81.68,-3.57,3.589,3.04,131.0,-3.11,3.625,-1.36,26.75,-2.16,566.0,-1.65
2023-10-29,24160.0,15903.5,81.68,-3.57,3.589,3.04,131.0,-3.11,3.625,-1.36,26.75,-2.16,566.0,-1.65
2023-10-30,23330.0,15903.5,81.68,-3.57,3.589,3.04,131.0,-3.11,3.625,-1.36,26.75,-2.16,566.0,-1.65
2023-10-31,24470.0,15843.0,80.5,-1.44,3.813,6.24,121.1,-7.56,3.564,-1.68,27.09,1.27,556.25,-1.72
2023-11-01,23320.0,15748.7002,80.1,-0.5,3.753,-1.57,119.65,-1.2,3.601,1.04,27.51,1.55,561.75,0.99
2023-11-02,24130.0,15900.0,82.16,2.57,3.75,-0.08,120.0,0.29,3.658,1.58,27.48,-0.11,565.5,0.67
2023-11-03,24080.0,15838.0,80.23,-2.35,3.795,1.2,122.5,2.08,3.632,-0.71,27.77,1.06,572.5,1.24
2023-11-04,24340.0,15582.09961,80.6,0.46,3.564,-6.09,119.0,-2.86,3.635,0.08,27.95,0.65,575.75,0.57
2023-11-05,24090.0,15582.09961,80.6,0.46,3.564,-6.09,119.0,-2.86,3.635,0.08,27.95,0.65,575.75,0.57
2023-11-06,23960.0,15582.09961,80.6,0.46,3.564,-6.09,119.0,-2.86,3.635,0.08,27.95,0.65,575.75,0.57
2023-11-07,24570.0,15570.0,77.21,-4.21,3.463,-2.83,120.1,0.92,3.603,-0.88,27.59,-1.29,570.25,-0.96
2023-11-08,25030.0,15643.59961,75.31,-2.46,3.389,-2.14,122.5,2.0,3.642,1.08,27.21,-1.38,592.25,3.86
2023-11-09,25160.0,15616.0,75.75,0.58,3.333,-1.65,123.0,0.41,3.62,-0.6,27.78,2.09,580.75,-1.94
2023-11-10,25300.0,15713.7002,77.15,1.85,3.284,-1.47,123.25,0.2,3.673,1.46,27.29,-1.76,575.25,-0.95
2023-11-11,25740.0,15683.0,78.19,1.35,3.4,3.53,122.0,-1.01,3.759,2.34,27.71,1.54,579.0,0.65
2023-11-12,26180.0,15683.0,78.19,1.35,3.4,3.53,122.0,-1.01,3.759,2.34,27.71,1.54,579.0,0.65
2023-11-13,27250.0,15683.0,78.19,1.35,3.4,3.53,122.0,-1.01,3.759,2.34,27.71,1.54,579.0,0.65
2023-11-14,28210.0,15667.0,78.17,-0.03,3.316,-2.47,122.5,0.41,3.759,2.34,27.18,-1.91,572.0,-1.21
2023-11-15,28630.0,15281.0,76.79,-1.77,3.362,1.39,123.25,0.61,3.8,1.09,27.15,-0.11,560.5,-2.01
2023-11-16,28440.0,15487.7998,73.09,-4.82,3.239,-3.66,123.1,-0.12,3.869,1.82,27.19,0.15,553.5,-1.25
2023-11-17,28720.0,15475.0,76.04,4.04,3.131,-3.33,123.25,0.12,3.809,-1.55,27.18,-0.04,550.75,-0.5
2023-11-18,29930.0,15399.40039,77.83,2.35,3.05,-2.59,122.5,-0.61,3.803,-0.16,27.56,1.4,543.5,-1.32
2023-11-19,29480.0,15399.40039,77.83,2.35,3.05,-2.59,122.5,-0.61,3.803,-0.16,27.56,1.4,543.5,-1.32
2023-11-20,28950.0,15399.40039,77.83,2.35,3.05,-2.59,122.5,-0.61,3.803,-0.16,27.56,1.4,543.5,-1.32
2023-11-21,29550.0,15382.09961,77.92,0.12,2.993,-1.87,122.3,-0.16,3.819,0.42,27.75,0.69,555.0,2.12
2023-11-22,29560.0,15501.2998,77.25,-0.86,3.033,1.34,122.15,-0.12,3.851,0.84,27.22,-1.91,555.75,0.14
2023-11-23,29690.0,15612.7998,76.34,-1.18,2.93,-3.4,122.15,0.0,3.828,-0.6,26.98,-0.88,548.75,-1.26
2023-11-24,29530.0,15495.0,75.77,-0.75,2.999,2.35,122.0,-0.12,3.782,-1.2,26.98,-0.88,548.75,-1.26
2023-11-25,29590.0,15560.0,75.09,-0.9,2.946,-1.77,127.5,4.51,3.766,-0.42,27.2,0.82,534.25,-2.64
2023-11-26,29430.0,15560.0,75.09,-0.9,2.946,-1.77,127.5,4.51,3.766,-0.42,27.2,0.82,534.25,-2.64
2023-11-27,28900.0,15560.0,75.09,-0.9,2.946,-1.77,127.5,4.51,3.766,-0.42,27.2,0.82,534.25,-2.64
2023-11-28,29650.0,15466.5,76.59,2.0,2.837,-3.7,127.45,-0.04,3.756,-0.27,26.99,-0.77,543.75,1.78
2023-11-29,30140.0,15259.0,77.99,1.83,2.769,-2.4,127.85,0.31,3.734,-0.59,26.86,-0.48,556.0,2.25
2023-11-30,30570.0,15407.0,76.05,-2.49,2.763,-0.22,132.15,3.36,3.754,0.54,26.04,-3.05,570.25,2.56
2023-12-01,31080.0,15549.2998,74.25,-2.37,2.773,0.36,133.5,1.02,3.733,-0.56,25.09,-3.65,577.0,1.18
2023-12-02,30870.0,15437.40039,73.32,-1.25,2.651,-4.4,134.45,0.71,3.678,-1.47,25.81,2.87,595.75,3.25
2023-12-03,31640.0,15437.40039,73.32,-1.25,2.651,-4.4,134.45,0.71,3.678,-1.47,25.81,2.87,595.75,3.25
2023-12-04,31100.0,15437.40039,73.32,-1.25,2.651,-4.4,134.45,0.71,3.678,-1.47,25.81,2.87,595.75,3.25
2023-12-05,31140.0,15519.90039,72.53,-1.08,2.667,0.6,134.15,-0.22,3.636,-1.14,24.96,-3.29,620.75,4.2
2023-12-06,31330.0,15457.0,69.65,-3.97,2.517,-5.62,140.45,4.7,3.602,-0.94,23.0,-7.85,615.75,-0.81
2023-12-07,30590.0,15480.0,69.59,-0.09,2.52,0.12,148.75,5.91,3.578,-0.67,23.03,0.13,626.0,1.66
2023-12-08,31050.0,15500.0,71.44,2.66,2.504,-0.63,151.0,1.51,3.6,0.61,23.36,1.43,615.0,-1.76
2023-12-09,30970.0,15560.2002,71.56,0.17,2.35,-6.15,152.5,0.99,3.605,0.14,22.47,-3.81,591.25,-3.86
2023-12-10,30630.0,15560.2002,71.56,0.17,2.35,-6.15,152.5,0.99,3.605,0.14,22.47,-3.81,591.25,-3.86
2023-12-11,31410.0,15560.2002,71.56,0.17,2.35,-6.15,152.5,0.99,3.605,0.14,22.47,-3.81,591.25,-3.86
2023-12-12,31450.0,15647.0,68.85,-3.79,2.24,-4.68,146.25,-4.1,3.608,0.08,22.59,0.53,607.0,2.66
2023-12-13,31970.0,15569.0,69.72,1.26,2.292,2.32,146.25,0.0,3.585,-0.64,21.97,-2.74,585.25,-3.58
2023-12-14,31860.0,15275.0,71.91,3.14,2.347,2.4,145.5,-0.51,3.601,0.45,22.18,0.96,594.0,1.5
2023-12-15,32010.0,15468.0,71.78,-0.18,2.425,3.32,145.25,-0.17,3.601,0.0,21.99,-0.86,629.25,5.93
2023-12-16,32230.0,15282.7998,72.82,1.45,2.416,-0.37,144.75,-0.34,3.687,2.39,21.31,-3.09,617.0,-1.95
2023-12-17,32860.0,15282.7998,72.82,1.45,2.416,-0.37,144.75,-0.34,3.687,2.39,21.31,-3.09,617.0,-1.95
2023-12-18,33450.0,15282.7998,72.82,1.45,2.416,-0.37,144.75,-0.34,3.687,2.39,21.31,-3.09,617.0,-1.95
2023-12-19,34760.0,15454.40039,73.94,1.54,2.366,-2.07,145.25,0.35,3.701,0.38,21.43,0.56,622.75,0.93
2023-12-20,33300.0,15455.0,74.45,0.69,2.347,-0.8,144.25,-0.69,3.719,0.49,20.92,-2.38,610.0,-2.05
2023-12-21,34160.0,15518.0,74.06,-0.52,2.459,4.77,145.25,0.69,3.674,-1.21,20.24,-3.25,612.5,0.41
2023-12-22,33340.0,15440.0,73.73,-0.45,2.49,1.26,145.5,0.17,3.677,0.08,20.62,1.88,616.25,0.61
2023-12-23,33670.0,15409.2002,73.79,0.08,2.418,-2.89,145.5,0.0,3.699,0.6,20.53,-0.44,636.25,3.25
2023-12-24,34230.0,15409.2002,73.79,0.08,2.418,-2.89,145.5,0.0,3.699,0.6,20.53,-0.44,636.25,3.25
2023-12-25,34590.0,15409.2002,73.79,0.08,2.418,-2.89,145.5,0.0,3.699,0.6,20.53,-0.44,636.25,3.25
2023-12-26,34330.0,15460.0,75.71,2.6,2.419,0.04,145.5,0.0,3.699,0.6,20.53,-0.44,636.25,3.25
2023-12-27,34830.0,15400.0,74.34,-1.81,2.437,0.74,146.0,0.34,3.7,0.03,20.6,0.34,623.0,-2.08
2023-12-28,35720.0,15373.0,71.97,-3.19,2.377,-2.46,145.45,-0.38,3.657,-1.16,21.76,5.63,631.5,1.36
2023-12-29,37190.0,15425.0,71.84,-0.18,2.327,-2.1,146.4,0.65,3.662,0.14,20.58,-5.42,628.0,-0.55
2023-12-30,35500.0,15383.09961,71.97,0.18,2.667,14.61,127.75,-12.74,3.633,-0.79,20.9,1.55,606.75,-3.38
2023-12-31,36790.0,15383.09961,71.97,0.18,2.667,14.61,127.75,-12.74,3.633,-0.79,20.9,1.55,606.75,-3.38
2024-01-01,37020.0,15383.09961,71.97,0.18,2.667,14.61,127.75,-12.74,3.633,-0.79,20.9,1.55,606.75,-3.38
2024-01-02,37300.0,15383.0,70.62,-1.88,2.386,-10.54,127.75,-12.74,3.633,-0.79,20.9,1.55,606.75,-3.38
2024-01-03,36850.0,15498.0,72.89,3.21,2.448,2.6,128.5,0.59,3.651,0.5,20.85,-0.24,600.25,-1.07
2024-01-04,37450.0,15555.0,72.36,-0.73,2.559,4.53,130.9,1.87,3.684,0.9,21.08,1.1,613.5,2.21
2024-01-05,38400.0,15511.0,73.86,2.07,2.621,2.42,131.55,0.5,3.69,0.16,21.11,0.14,616.0,0.41
2024-01-06,38180.0,15477.5,70.92,-3.98,2.598,-0.88,132.0,0.34,3.68,-0.27,21.74,2.98,596.25,-3.21
2024-01-07,38200.0,15477.5,70.92,-3.98,2.598,-0.88,132.0,0.34,3.68,-0.27,21.74,2.98,596.25,-3.21
2024-01-08,38240.0,15477.5,70.92,-3.98,2.598,-0.88,132.0,0.34,3.68,-0.27,21.74,2.98,596.25,-3.21
2024-01-09,39210.0,15495.5,72.29,1.93,2.697,3.81,135.65,2.77,3.692,0.33,21.7,-0.18,610.0,2.31
2024-01-10,38400.0,15534.5,71.44,-1.18,2.562,-5.01,133.5,-1.58,3.712,0.54,21.41,-1.34,610.75,0.12
2024-01-11,39810.0,15555.0,72.09,0.91,2.54,-0.86,130.75,-2.06,3.74,0.75,21.76,1.63,603.75,-1.15
2024-01-12,39760.0,15556.5,72.79,0.97,2.617,3.03,130.85,0.08,3.78,1.07,21.61,-0.69,596.0,-1.28
2024-01-13,39750.0,15503.2002,72.79,0.0,3.111,18.88,129.85,-0.76,3.75,-0.79,22.52,4.21,582.0,-2.35
2024-01-14,40390.0,15503.2002,72.79,0.0,3.111,18.88,129.85,-0.76,3.75,-0.79,22.52,4.21,582.0,-2.35
2024-01-15,39870.0,15503.2002,72.79,0.0,3.066,-1.45,129.85,-0.76,3.75,-0.79,22.52,4.21,582.0,-2.35
2024-01-16,39790.0,15546.0,72.52,-0.37,2.477,-19.21,129.5,-0.27,3.879,3.44,22.52,4.21,582.0,-2.35
2024-01-17,40090.0,15625.0,72.48,-0.06,2.496,0.77,129.5,0.0,3.855,-0.62,22.35,-0.75,582.5,0.09
2024-01-18,39640.0,15624.0,73.95,2.03,2.413,-3.33,128.9,-0.46,3.929,1.92,23.04,3.09,585.5,0.52
2024-01-19,39890.0,15613.09961,73.25,-0.95,2.252,-6.67,128.0,-0.7,3.962,0.84,23.57,2.3,593.25,1.32
2024-01-20,39090.0,15601.0,74.76,2.06,2.125,-5.64,127.45,-0.43,3.928,-0.86,23.5,-0.3,596.5,0.55
2024-01-21,38560.0,15601.0,74.76,2.06,2.125,-5.64,127.45,-0.43,3.928,-0.86,23.5,-0.3,596.5,0.55
2024-01-22,37930.0,15601.0,74.76,2.06,2.125,-5.64,127.45,-0.43,3.928,-0.86,23.5,-0.3,596.5,0.55
2024-01-23,37580.0,15655.5,74.27,-0.66,2.167,1.98,127.3,-0.12,3.963,0.89,23.75,1.06,596.5,0.0
2024-01-24,35990.0,15715.0,74.98,0.96,2.262,4.38,127.2,-0.08,3.997,0.86,24.46,2.99,610.75,2.39
2024-01-25,35010.0,15714.5,77.19,2.95,2.18,-3.63,126.8,-0.31,4.019,0.55,24.04,-1.72,612.25,0.25
2024-01-26,36110.0,15808.0,77.86,0.87,2.175,-0.23,127.1,0.24,4.019,0.55,23.77,-1.12,600.25,-1.96
2024-01-27,35560.0,15767.59961,76.67,-1.53,2.054,-5.56,116.4,-8.42,3.951,-1.69,23.53,-1.01,593.5,-1.12
2024-01-28,35360.0,15767.59961,76.67,-1.53,2.054,-5.56,116.4,-8.42,3.951,-1.69,23.53,-1.01,593.5,-1.12
2024-01-29,36190.0,15767.59961,76.67,-1.53,2.054,-5.56,116.4,-8.42,3.951,-1.69,23.53,-1.01,593.5,-1.12
2024-01-30,34960.0,15828.0,77.65,1.28,2.104,2.43,119.55,2.71,3.868,-2.1,23.91,1.61,605.5,2.02
2024-01-31,34430.0,15785.0,75.71,-2.5,2.121,0.81,116.5,-2.55,3.814,-1.4,24.13,0.92,595.25,-1.69
2024-02-01,34370.0,15769.0,73.79,-2.54,2.064,-2.69,116.0,-0.43,3.788,-0.68,23.56,-2.36,601.5,1.05
2024-02-02,33760.0,15726.0,72.3,-2.02,2.086,1.07,116.75,0.65,3.788,-0.68,23.89,1.4,599.75,-0.29
2024-02-03,34450.0,15727.2002,72.85,0.76,2.074,-0.58,119.0,1.93,3.822,0.9,23.53,-1.51,590.25,-1.58
2024-02-04,33490.0,15727.2002,72.85,0.76,2.074,-0.58,119.0,1.93,3.822,0.9,23.53,-1.51,590.25,-1.58
2024-02-05,33120.0,15727.2002,72.85,0.76,2.074,-0.58,119.0,1.93,3.822,0.9,23.53,-1.51,590.25,-1.58
2024-02-06,33460.0,15711.5,73.37,0.71,2.007,-3.23,119.0,0.0,3.863,1.07,23.56,0.13,595.0,0.8
2024-02-07,33930.0,15733.0,73.91,0.74,1.98,-1.35,120.5,1.26,3.93,1.73,23.88,1.36,602.0,1.18
2024-02-08,34180.0,15647.0,76.19,3.08,1.948,-1.62,120.6,0.08,3.917,-0.33,23.98,0.42,588.5,-2.24
2024-02-09,34130.0,15660.2998,76.77,0.76,1.885,-3.23,120.6,0.0,3.92,0.08,24.02,0.17,596.75,1.4
2024-02-10,34090.0,15598.0,76.82,0.07,1.8,-4.51,120.0,-0.5,3.93,0.26,23.56,-1.92,597.5,0.13
2024-02-11,33700.0,15598.0,76.82,0.07,1.8,-4.51,120.0,-0.5,3.93,0.26,23.56,-1.92,597.5,0.13
2024-02-12,34190.0,15598.0,76.82,0.07,1.8,-4.51,120.0,-0.5,3.93,0.26,23.56,-1.92,597.5,0.13
2024-02-13,34120.0,15579.5,77.56,0.96,1.742,-3.22,120.5,0.42,3.93,0.26,23.3,-1.1,597.5,0.0
2024-02-14,33450.0,15661.5,76.36,-1.55,1.665,-4.42,119.75,-0.62,3.995,1.65,23.37,0.3,585.5,-2.01
2024-02-15,33880.0,15553.09961,77.59,1.61,1.647,-1.08,119.25,-0.42,3.995,0.0,22.82,-2.35,567.0,-3.16
2024-02-16,33990.0,15672.0,78.46,1.12,1.68,2.0,119.25,0.0,3.91,-2.13,23.08,1.14,560.5,-1.15
2024-02-17,34250.0,15628.59961,78.11,-0.45,1.551,-7.68,119.6,0.29,3.963,1.36,22.75,-1.43,582.75,3.97
2024-02-18,34870.0,15628.59961,78.11,-0.45,1.551,-7.68,119.6,0.29,3.963,1.36,22.75,-1.43,582.75,3.97
2024-02-19,34550.0,15628.59961,78.11,-0.45,1.558,0.45,119.6,0.29,3.963,1.36,22.75,-1.43,582.75,3.97
2024-02-20,34390.0,15634.0,77.04,-1.37,1.646,5.65,119.6,0.0,3.978,0.38,22.75,-1.43,582.75,3.97
2024-02-21,35430.0,15661.0,77.31,0.35,1.863,13.18,119.4,-0.17,3.971,-0.18,22.77,0.09,583.25,0.09
2024-02-22,35910.0,15642.0,77.93,0.8,1.832,-1.66,119.4,0.0,3.954,-0.43,22.83,0.26,583.25,0.0
2024-02-23,35830.0,15588.0,76.08,-2.37,1.699,-7.26,119.4,0.0,3.969,0.38,22.62,-0.92,573.5,-1.67
2024-02-24,35910.0,15586.09961,77.09,1.33,1.744,2.65,127.75,6.99,3.987,0.45,23.15,2.34,577.25,0.65
2024-02-25,36830.0,15586.09961,77.09,1.33,1.744,2.65,127.75,6.99,3.987,0.45,23.15,2.34,577.25,0.65
2024-02-26,36070.0,15586.09961,77.09,1.33,1.744,2.65,127.75,6.99,3.987,0.45,23.15,2.34,577.25,0.65
2024-02-27,36420.0,15638.5,78.23,1.48,1.808,3.67,129.2,1.14,4.021,0.85,23.84,2.98,586.0,1.52
2024-02-28,36830.0,15653.0,77.83,-0.51,2.052,13.5,129.5,0.23,3.983,-0.95,24.01,0.71,571.0,-2.56
2024-02-29,36390.0,15712.2002,77.45,-0.49,2.008,-2.14,131.0,1.16,4.025,1.05,22.58,-5.96,577.5,1.14
2024-03-01,36250.0,15704.0,79.09,2.12,1.975,-1.64,132.0,0.76,4.024,-0.02,21.09,-6.6,560.0,-3.03
2024-03-02,36740.0,15691.90039,78.17,-1.16,2.073,4.96,136.0,3.03,4.017,-0.17,20.6,-2.32,563.5,0.63
2024-03-03,36670.0,15691.90039,78.17,-1.16,2.073,4.96,136.0,3.03,4.017,-0.17,20.6,-2.32,563.5,0.63
2024-03-04,36400.0,15691.90039,78.17,-1.16,2.073,4.96,136.0,3.03,4.017,-0.17,20.6,-2.32,563.5,0.63
2024-03-05,37020.0,15766.0,77.41,-0.97,2.095,1.06,137.45,1.07,4.049,0.8,20.87,1.31,545.75,-3.15
2024-03-06,36890.0,15751.5,78.41,1.29,2.072,-1.1,136.75,-0.51,4.142,2.3,21.45,2.78,521.25,-4.49
2024-03-07,36660.0,15668.0,78.32,-0.11,1.952,-5.79,135.5,-0.91,4.145,0.07,21.28,-0.79,520.75,-0.1
2024-03-08,37160.0,15621.0,77.5,-1.05,1.923,-1.49,134.4,-0.81,4.181,0.87,21.15,-0.61,526.75,1.15
2024-03-09,37170.0,15536.2998,77.53,0.04,1.862,-3.17,133.0,-1.04,4.208,0.65,21.95,3.78,537.5,2.04
2024-03-10,38590.0,15536.2998,77.53,0.04,1.862,-3.17,133.0,-1.04,4.208,0.65,21.95,3.78,537.5,2.04
2024-03-11,38520.0,15536.2998,77.53,0.04,1.862,-3.17,133.0,-1.04,4.208,0.65,21.95,3.78,537.5,2.04
2024-03-12,37930.0,15518.0,77.25,-0.36,1.823,-2.09,130.65,-1.77,4.2,-0.19,21.89,-0.27,535.5,-0.37
2024-03-13,38030.0,15546.0,79.3,2.65,1.784,-2.14,131.1,0.34,4.245,1.07,21.93,0.18,532.25,-0.61
2024-03-14,37590.0,15574.0,80.74,1.82,1.862,4.37,131.5,0.31,4.33,2.0,21.77,-0.73,519.5,-2.4
2024-03-15,37630.0,15630.0,80.58,-0.2,1.789,-3.92,131.0,-0.38,4.327,-0.07,22.12,1.61,528.5,1.73
2024-03-16,37640.0,15639.2998,82.16,1.96,1.833,2.46,129.75,-0.95,4.326,-0.02,22.16,0.18,542.75,2.7
2024-03-17,36830.0,15639.2998,82.16,1.96,1.833,2.46,129.75,-0.95,4.326,-0.02,22.16,0.18,542.75,2.7
2024-03-18,37420.0,15639.2998,82.16,1.96,1.833,2.46,129.75,-0.95,4.326,-0.02,22.16,0.18,542.75,2.7
2024-03-19,36350.0,15743.0,82.73,0.69,1.876,2.35,129.4,-0.27,4.297,-0.67,21.64,-2.35,552.5,1.8
2024-03-20,36620.0,15718.0,81.27,-1.76,1.845,-1.65,128.9,-0.39,4.364,1.56,21.77,0.6,545.0,-1.36
2024-03-21,36840.0,15687.0,80.64,-0.78,1.831,-0.76,128.25,-0.5,4.352,-0.27,22.06,1.33,546.75,0.32
2024-03-22,36670.0,15723.5,80.17,-0.58,1.812,-1.04,127.7,-0.43,4.307,-1.03,21.85,-0.95,554.75,1.46
2024-03-23,37150.0,15802.59961,81.38,1.51,1.789,-1.27,128.95,0.98,4.352,1.04,21.95,0.46,555.0,0.05
2024-03-24,37170.0,15802.59961,81.38,1.51,1.789,-1.27,128.95,0.98,4.352,1.04,21.95,0.46,555.0,0.05
2024-03-25,37030.0,15802.59961,81.38,1.51,1.789,-1.27,128.95,0.98,4.352,1.04,21.95,0.46,555.0,0.05
2024-03-26,37490.0,15784.0,81.04,-0.42,1.788,-0.06,128.9,-0.04,4.332,-0.46,22.39,2.0,543.5,-2.07
2024-03-27,37440.0,15828.0,80.78,-0.32,1.953,9.23,129.0,0.08,4.256,-1.75,22.19,-0.89,547.5,0.74
2024-03-28,37400.0,15877.0,82.42,2.03,1.997,2.25,129.1,0.08,4.325,1.62,22.52,1.49,560.25,2.33
2024-03-29,37540.0,15877.0,82.82,0.49,2.074,3.86,132.0,2.25,4.325,1.62,22.72,0.89,561.5,0.22
2024-03-30,37470.0,15848.0,82.82,0.49,2.074,3.86,132.0,2.25,4.418,2.15,22.72,0.89,557.0,-0.8
2024-03-31,37440.0,15848.0,82.82,0.49,2.074,3.86,132.0,2.25,4.418,2.15,22.72,0.89,557.0,-0.8
2024-04-01,39650.0,15848.0,82.82,0.49,2.074,3.86,132.0,2.25,4.418,2.15,22.72,0.89,557.0,-0.8
2024-04-02,40000.0,15945.7998,84.22,1.69,2.105,1.49,132.25,0.19,4.464,1.04,22.32,-1.76,545.25,-2.11
2024-04-03,39920.0,15955.0,84.61,0.46,2.067,-1.81,129.65,-1.97,4.579,2.58,22.22,-0.45,556.0,1.97
2024-04-04,41110.0,15936.0,85.81,1.42,1.997,-3.39,128.2,-1.12,4.577,-0.04,22.36,0.63,556.25,0.04
2024-04-05,43310.0,15904.5,86.1,0.34,2.01,0.65,129.1,0.7,4.564,-0.28,21.99,-1.65,567.25,1.98
2024-04-06,44250.0,15881.0,85.53,-0.66,2.051,2.04,128.2,-0.7,4.514,-1.1,21.59,-1.82,565.75,-0.26
2024-04-07,46160.0,15881.0,85.53,-0.66,2.051,2.04,128.2,-0.7,4.514,-1.1,21.59,-1.82,565.75,-0.26
2024-04-08,48330.0,15881.0,85.53,-0.66,2.051,2.04,128.2,-0.7,4.514,-1.1,21.59,-1.82,565.75,-0.26
2024-04-09,47230.0,15918.0,84.46,-1.25,2.064,0.63,127.75,-0.35,4.517,0.07,21.49,-0.46,557.75,-1.41
2024-04-10,47420.0,15892.2998,85.44,1.16,2.074,0.48,128.0,0.2,4.498,-0.42,21.46,-0.14,558.5,0.13
2024-04-11,47420.0,15998.2002,84.45,-1.16,2.0,-3.57,128.75,0.59,4.498,-0.42,20.85,-2.84,551.75,-1.21
2024-04-12,47420.0,16007.0,85.08,0.75,2.029,1.45,129.25,0.39,4.498,-0.42,20.45,-1.92,556.0,0.77
2024-04-13,46890.0,16111.0,84.86,-0.26,1.946,-4.09,129.75,0.39,4.405,-2.07,20.02,-2.1,551.75,-0.76
2024-04-14,47270.0,16111.0,84.86,-0.26,1.946,-4.09,129.75,0.39,4.405,-2.07,20.02,-2.1,551.75,-0.76
2024-04-15,47050.0,16111.0,84.86,-0.26,1.946,-4.09,129.75,0.39,4.405,-2.07,20.02,-2.1,551.75,-0.76
2024-04-16,51350.0,16075.0,84.83,-0.04,1.988,2.16,129.25,-0.39,4.214,-4.34,19.63,-1.95,549.75,-0.36
2024-04-17,52850.0,16312.2002,82.15,-3.16,1.962,-1.31,129.6,0.27,4.159,-1.31,19.32,-1.58,537.0,-2.32
2024-04-18,55040.0,16246.0,82.1,-0.06,1.986,1.22,129.6,0.0,4.125,-0.82,19.59,1.4,536.75,-0.05
2024-04-19,57450.0,16220.0,82.22,0.15,1.988,0.1,130.6,0.77,4.056,-1.67,19.73,0.71,550.25,2.52
2024-04-20,58280.0,16210.2998,81.9,-0.39,2.065,3.87,129.5,-0.84,4.078,0.54,19.8,0.35,570.25,3.63
2024-04-21,60030.0,16210.2998,81.9,-0.39,2.065,3.87,129.5,-0.84,4.078,0.54,19.8,0.35,570.25,3.63
2024-04-22,59630.0,16210.2998,81.9,-0.39,2.065,3.87,129.5,-0.84,4.078,0.54,19.8,0.35,570.25,3.63
2024-04-23,61030.0,16246.0,82.56,0.81,2.094,1.4,129.75,0.19,4.073,-0.12,19.91,0.56,585.0,2.59
2024-04-24,60640.0,16140.2002,82.09,-0.57,1.979,-5.49,129.0,-0.58,4.04,-0.81,20.0,0.45,594.5,1.62
2024-04-25,60360.0,16220.0,82.75,0.8,1.986,0.35,129.25,0.19,3.958,-2.03,19.48,-2.6,602.25,1.3
2024-04-26,60650.0,16202.0,83.13,0.46,1.923,-3.17,129.75,0.39,3.931,-0.68,19.4,-0.41,603.25,0.17
2024-04-27,60550.0,16203.0,82.03,-1.32,2.373,23.4,137.4,5.9,3.949,0.46,20.2,4.12,590.25,-2.15
2024-04-28,60200.0,16203.0,82.03,-1.32,2.373,23.4,137.4,5.9,3.949,0.46,20.2,4.12,590.25,-2.15
2024-04-29,59660.0,16203.0,82.03,-1.32,2.373,23.4,137.4,5.9,3.949,0.46,20.2,4.12,590.25,-2.15
2024-04-30,58520.0,16246.0,81.28,-0.91,2.319,-2.28,142.25,3.53,3.862,-2.2,19.71,-2.43,585.0,-0.89
2024-05-01,58530.0,16273.0,78.44,-3.49,2.266,-2.29,147.0,3.34,3.895,0.85,19.22,-2.49,581.5,-0.6
2024-05-02,58430.0,16190.40039,78.48,0.05,2.331,2.87,147.75,0.51,3.895,0.85,19.25,0.16,586.5,0.86
2024-05-03,57710.0,16097.0,77.76,-0.92,2.416,3.65,145.15,-1.76,3.89,-0.13,19.28,0.16,606.0,3.32
2024-05-04,58310.0,16077.0,78.14,0.49,2.463,1.95,145.3,0.1,3.909,0.49,19.48,1.04,632.25,4.33
2024-05-05,57920.0,16077.0,78.14,0.49,2.463,1.95,145.3,0.1,3.909,0.49,19.48,1.04,632.25,4.33
2024-05-06,57520.0,16077.0,78.14,0.49,2.463,1.95,145.3,0.1,3.909,0.49,19.48,1.04,632.25,4.33
2024-05-07,57820.0,16034.0,78.06,-0.1,2.471,0.32,146.4,0.76,3.96,1.3,19.95,2.41,624.75,-1.19
2024-05-08,57450.0,16073.0,78.56,0.64,2.474,0.12,145.25,-0.79,3.957,-0.08,19.6,-1.75,616.0,-1.4
2024-05-09,57560.0,16074.0,78.8,0.31,2.537,2.55,144.95,-0.21,3.923,-0.86,19.58,-0.1,619.75,0.61
2024-05-10,57830.0,16030.0,77.84,-1.22,2.484,-2.09,144.4,-0.38,3.853,-1.78,19.3,-1.43,645.75,4.2
2024-05-11,58000.0,16038.0,78.6,0.98,2.587,4.15,142.1,-1.59,3.908,1.43,18.63,-3.47,670.25,3.79
2024-05-12,57150.0,16038.0,78.6,0.98,2.587,4.15,142.1,-1.59,3.908,1.43,18.63,-3.47,670.25,3.79
2024-05-13,56610.0,16038.0,78.6,0.98,2.587,4.15,142.1,-1.59,3.908,1.43,18.63,-3.47,670.25,3.79
2024-05-14,55740.0,16121.0,77.65,-1.21,2.559,-1.08,142.65,0.39,3.8,-2.76,18.87,1.29,657.0,-1.98
2024-05-15,54670.0,16102.0,78.16,0.66,2.631,2.81,143.0,0.25,3.801,0.03,18.65,-1.17,665.75,1.33
2024-05-16,54650.0,15914.0,78.74,0.74,2.687,2.13,143.5,0.35,3.823,0.58,18.33,-1.72,663.25,-0.38
2024-05-17,54170.0,15930.7998,79.58,1.07,2.789,3.8,141.5,-1.39,3.895,1.88,18.13,-1.09,651.25,-1.81
2024-05-18,54980.0,15958.0,79.3,-0.35,2.901,4.02,141.0,-0.35,3.905,0.26,18.68,3.03,688.75,5.76
2024-05-19,54740.0,15958.0,79.3,-0.35,2.901,4.02,141.0,-0.35,3.905,0.26,18.68,3.03,688.75,5.76
2024-05-20,54450.0,15958.0,79.3,-0.35,2.901,4.02,141.0,-0.35,3.905,0.26,18.68,3.03,688.75,5.76
2024-05-21,54400.0,16031.0,78.66,-0.81,2.839,-2.14,142.05,0.74,3.836,-1.77,18.56,-0.64,697.5,1.27
2024-05-22,55540.0,16005.0,77.15,-1.92,3.052,7.5,142.4,0.25,3.853,0.44,18.23,-1.78,693.0,-0.65
2024-05-23,55540.0,16040.7002,76.46,-0.89,2.923,-4.23,142.75,0.25,3.853,0.44,18.26,0.16,698.0,0.72
2024-05-24,55770.0,16095.0,77.23,1.01,2.773,-5.13,142.8,0.04,3.872,0.49,18.41,0.82,697.25,-0.11
2024-05-25,55740.0,16038.0,78.65,1.84,2.748,-0.9,142.8,0.0,3.865,-0.18,18.73,1.74,700.25,0.43
2024-05-26,55120.0,16038.0,78.65,1.84,2.748,-0.9,142.8,0.0,3.865,-0.18,18.73,1.74,700.25,0.43
2024-05-27,54650.0,16038.0,78.65,1.84,2.78,1.16,142.8,0.0,3.865,-0.18,18.73,1.74,700.25,0.43
2024-05-28,55470.0,16071.0,79.35,0.89,2.825,1.62,142.4,-0.28,3.951,2.23,18.73,1.74,700.25,0.43
2024-05-29,55780.0,16117.0,78.8,-0.69,2.666,-5.63,142.4,0.0,4.028,1.95,18.35,-2.03,692.75,-1.07
2024-05-30,55160.0,16232.09961,77.54,-1.6,2.647,-0.71,142.4,0.0,3.987,-1.02,18.19,-0.87,681.0,-1.7
2024-05-31,53940.0,16228.0,76.73,-1.04,2.662,0.57,142.4,0.0,4.069,2.06,18.3,0.6,678.5,-0.37
2024-06-01,53840.0,16243.0,74.09,-3.44,2.804,5.33,140.2,-1.54,3.881,-4.62,18.78,2.62,672.75,-0.85
2024-06-02,53920.0,16243.0,74.09,-3.44,2.804,5.33,140.2,-1.54,3.881,-4.62,18.78,2.62,672.75,-0.85
2024-06-03,51920.0,16243.0,74.09,-3.44,2.804,5.33,140.2,-1.54,3.881,-4.62,18.78,2.62,672.75,-0.85
2024-06-04,51000.0,16203.0,73.06,-1.39,2.67,-4.78,137.95,-1.6,3.881,-4.62,18.86,0.43,658.25,-2.16
2024-06-05,51390.0,16276.0,73.82,1.04,2.828,5.92,136.0,-1.41,3.868,-0.33,19.13,1.43,646.75,-1.75
2024-06-06,50240.0,16315.0,75.24,1.92,2.892,2.26,134.35,-1.21,3.935,1.73,19.22,0.47,639.5,-1.12
2024-06-07,50390.0,16241.7002,75.22,-0.03,2.996,3.6,131.45,-2.16,3.953,0.46,19.0,-1.14,627.5,-1.88
2024-06-08,49680.0,16270.0,77.33,2.81,2.977,-0.63,131.85,0.3,3.931,-0.56,18.63,-1.95,607.5,-3.19
2024-06-09,49320.0,16270.0,77.33,2.81,2.977,-0.63,131.85,0.3,3.931,-0.56,18.63,-1.95,607.5,-3.19
2024-06-10,49290.0,16270.0,77.33,2.81,2.977,-0.63,131.85,0.3,3.931,-0.56,18.63,-1.95,607.5,-3.19
2024-06-11,48270.0,16312.0,77.55,0.28,3.193,7.26,131.25,-0.46,3.931,0.0,18.79,0.86,626.5,3.13
2024-06-12,47790.0,16305.40039,78.15,0.77,3.122,-2.22,132.95,1.3,3.962,0.79,19.1,1.65,617.0,-1.52
2024-06-13,47650.0,16230.0,78.26,0.14,3.037,-2.72,134.7,1.32,3.934,-0.71,19.59,2.57,620.0,0.49
2024-06-14,48340.0,16286.0,78.05,-0.27,2.963,-2.44,133.15,-1.15,3.983,1.25,19.43,-0.82,612.75,-1.17
2024-06-15,49280.0,16479.90039,79.72,2.14,2.867,-3.24,133.9,0.56,3.937,-1.15,18.98,-2.32,591.5,-3.47
2024-06-16,49930.0,16479.90039,79.72,2.14,2.867,-3.24,133.9,0.56,3.937,-1.15,18.98,-2.32,591.5,-3.47
2024-06-17,44000.0,16479.90039,79.72,2.14,2.867,-3.24,133.9,0.56,3.937,-1.15,18.98,-2.32,591.5,-3.47
2024-06-18,49190.0,16479.0,80.71,1.24,2.99,4.29,133.9,0.0,3.937,-1.15,18.92,-0.32,582.0,-1.61
2024-06-19,49180.0,16379.0,80.59,-0.15,2.916,-2.47,134.1,0.15,3.959,0.56,18.89,-0.16,572.75,-1.59
2024-06-20,48810.0,16380.90039,81.29,0.87,2.854,-2.13,133.9,-0.15,3.98,0.53,18.89,-0.16,572.75,-1.59
2024-06-21,48390.0,16491.90039,79.96,-1.64,2.836,-0.63,132.05,-1.38,3.93,-1.26,18.97,0.42,561.5,-1.96
2024-06-22,47200.0,16443.0,80.86,1.13,2.948,3.95,132.95,0.68,3.937,0.18,19.41,2.32,552.5,-1.6
2024-06-23,47640.0,16443.0,80.86,1.13,2.948,3.95,132.95,0.68,3.937,0.18,19.41,2.32,552.5,-1.6
2024-06-24,47430.0,16443.0,80.86,1.13,2.948,3.95,132.95,0.68,3.937,0.18,19.41,2.32,552.5,-1.6
2024-06-25,47330.0,16394.09961,80.07,-0.98,2.863,-2.88,134.1,0.86,3.897,-1.02,19.1,-1.6,541.75,-1.95
2024-06-26,46270.0,16401.0,80.19,0.15,2.745,-4.12,132.0,-1.57,3.926,0.74,19.24,0.73,541.25,-0.09
2024-06-27,44960.0,16434.0,80.83,0.8,2.675,-2.55,132.75,0.57,3.945,0.48,20.12,4.57,559.75,3.42
2024-06-28,44150.0,16374.40039,80.64,-0.24,2.598,-2.88,133.45,0.53,3.976,0.79,20.31,0.94,553.5,-1.12
2024-06-29,42780.0,16343.0,82.32,2.08,2.492,-4.08,132.1,-1.01,4.024,1.21,20.23,-0.39,569.25,2.85
2024-06-30,43300.0,16343.0,82.32,2.08,2.492,-4.08,132.1,-1.01,4.024,1.21,20.23,-0.39,569.25,2.85
2024-07-01,41510.0,16343.0,82.32,2.08,2.492,-4.08,132.1,-1.01,4.024,1.21,20.23,-0.39,569.25,2.85
2024-07-02,41770.0,16390.0,81.91,-0.5,2.454,-1.52,132.25,0.11,4.14,2.88,20.61,1.88,561.5,-1.36
2024-07-03,40760.0,16391.0,83.02,1.36,2.447,-0.29,135.0,2.08,4.133,-0.17,20.53,-0.39,554.5,-1.25
2024-07-04,40530.0,16340.0,83.94,1.11,2.371,-3.11,136.5,1.11,4.117,-0.39,20.14,-1.9,572.25,3.2
2024-07-05,40180.0,16328.5,82.26,-2.0,2.35,-0.89,135.75,-0.55,4.088,-0.7,20.14,-1.9,572.25,3.2
2024-07-06,40050.0,16245.0,81.52,-0.9,2.382,1.36,135.05,-0.52,4.015,-1.79,20.13,-0.05,553.0,-3.36
2024-07-07,39350.0,16245.0,81.52,-0.9,2.382,1.36,135.05,-0.52,4.015,-1.79,20.13,-0.05,553.0,-3.36
2024-07-08,39330.0,16245.0,81.52,-0.9,2.382,1.36,135.05,-0.52,4.015,-1.79,20.13,-0.05,553.0,-3.36
2024-07-09,37910.0,16277.2002,80.56,-1.18,2.36,-0.92,135.25,0.15,4.015,-1.79,19.62,-2.53,554.25,0.23
2024-07-10,36910.0,16277.0,81.07,0.63,2.345,-0.64,133.75,-1.11,3.998,-0.42,19.81,0.97,543.5,-1.94
2024-07-11,35910.0,16198.0,81.38,0.38,2.282,-2.69,133.75,0.0,4.005,0.18,19.43,-1.92,554.25,1.98
2024-07-12,35080.0,16104.0,81.02,-0.44,2.331,2.15,133.85,0.07,3.97,-0.87,19.2,-1.18,538.0,-2.93
2024-07-13,34450.0,16108.0,80.84,-0.22,2.178,-6.56,134.95,0.82,3.98,0.25,19.76,2.92,532.5,-1.02
2024-07-14,33690.0,16108.0,80.84,-0.22,2.178,-6.56,134.95,0.82,3.98,0.25,19.76,2.92,532.5,-1.02
2024-07-15,33660.0,16108.0,80.84,-0.22,2.178,-6.56,134.95,0.82,3.98,0.25,19.76,2.92,532.5,-1.02
2024-07-16,33810.0,16195.0,79.71,-1.4,2.206,1.29,134.4,-0.41,3.966,-0.35,19.62,-0.71,530.75,-0.33
2024-07-17,32910.0,16173.0,81.44,2.17,2.071,-6.12,134.75,0.26,3.977,0.28,19.36,-1.33,539.25,1.6
2024-07-18,32780.0,16138.0,81.3,-0.17,2.168,4.68,135.0,0.19,3.985,0.2,18.94,-2.17,535.25,-0.74
2024-07-19,32650.0,16185.0,78.64,-3.27,2.165,-0.14,135.1,0.07,4.013,0.7,18.66,-1.48,542.75,1.4
2024-07-20,32540.0,16206.0,78.4,-0.31,2.286,5.59,135.0,-0.07,4.035,0.55,18.3,-1.93,548.0,0.97
2024-07-21,31200.0,16206.0,78.4,-0.31,2.286,5.59,135.0,-0.07,4.035,0.55,18.3,-1.93,548.0,0.97
2024-07-22,30990.0,16206.0,78.4,-0.31,2.286,5.59,135.0,-0.07,4.035,0.55,18.3,-1.93,548.0,0.97
2024-07-23,30610.0,16220.2002,75.92,-3.16,2.224,-2.71,134.7,-0.22,4.012,-0.57,18.16,-0.77,542.75,-0.96
2024-07-24,29110.0,16222.0,76.58,0.87,2.158,-2.97,134.75,0.04,3.992,-0.5,17.91,-1.38,547.0,0.78
2024-07-25,28470.0,16246.0,77.11,0.69,2.072,-3.99,134.75,0.0,4.008,0.4,18.66,4.19,537.75,-1.69
2024-07-26,27960.0,16337.7998,76.0,-1.44,2.051,-1.01,134.8,0.04,4.044,0.9,18.42,-1.29,523.5,-2.65
2024-07-27,27740.0,16283.0,74.8,-1.58,2.036,-0.73,140.1,3.93,4.021,-0.57,19.01,3.2,531.0,1.43
2024-07-28,26550.0,16283.0,74.8,-1.58,2.036,-0.73,140.1,3.93,4.021,-0.57,19.01,3.2,531.0,1.43
2024-07-29,27480.0,16283.0,74.8,-1.58,2.036,-0.73,140.1,3.93,4.021,-0.57,19.01,3.2,531.0,1.43
2024-07-30,27560.0,16301.7002,73.88,-1.23,2.244,10.22,139.25,-0.61,4.04,0.47,19.12,0.58,524.0,-1.32
2024-07-31,26640.0,16328.5,76.84,4.01,2.162,-3.65,140.1,0.61,4.028,-0.3,18.94,-0.94,527.25,0.62
2024-08-01,27000.0,16255.0,75.4,-1.87,2.096,-3.05,142.55,1.75,3.988,-0.99,18.5,-2.32,532.0,0.9
2024-08-02,26690.0,16281.0,72.59,-3.73,2.078,-0.86,144.1,1.09,4.021,0.83,18.1,-2.16,539.0,1.32
2024-08-03,27130.0,16012.0,72.2,-0.54,2.045,-1.59,143.7,-0.28,3.93,-2.26,18.08,-0.11,539.5,0.09
2024-08-04,26520.0,16012.0,72.2,-0.54,2.045,-1.59,143.7,-0.28,3.93,-2.26,18.08,-0.11,539.5,0.09
2024-08-05,26460.0,16012.0,72.2,-0.54,2.045,-1.59,143.7,-0.28,3.93,-2.26,18.08,-0.11,539.5,0.09
2024-08-06,26490.0,16208.0,72.34,0.19,2.121,3.72,145.5,1.25,3.829,-2.57,17.87,-1.16,543.25,0.7
2024-08-07,26490.0,16152.2998,74.17,2.53,2.239,5.56,145.0,-0.34,3.8,-0.76,18.14,1.51,538.25,-0.92
2024-08-08,26670.0,16023.0,75.04,1.17,2.27,1.38,145.5,0.34,3.807,0.18,18.57,2.37,537.5,-0.14
2024-08-09,26940.0,15979.0,75.61,0.76,2.292,0.97,146.0,0.34,3.84,0.87,18.48,-0.48,542.5,0.93
2024-08-10,26840.0,15918.0,78.46,3.77,2.342,2.18,146.75,0.51,3.83,-0.26,18.29,-1.03,536.75,-1.06
2024-08-11,26500.0,15918.0,78.46,3.77,2.342,2.18,146.75,0.51,3.83,-0.26,18.29,-1.03,536.75,-1.06
2024-08-12,27110.0,15918.0,78.46,3.77,2.342,2.18,146.75,0.51,3.83,-0.26,18.29,-1.03,536.75,-1.06
2024-08-13,26610.0,15949.09961,76.8,-2.12,2.28,-2.65,146.9,0.1,3.84,0.26,18.39,0.55,528.75,-1.49
2024-08-14,26900.0,15749.0,75.84,-1.25,2.343,2.76,145.75,-0.78,3.89,1.3,17.97,-2.28,534.75,1.13
2024-08-15,26570.0,15619.5,76.99,1.52,2.332,-0.47,150.0,2.92,3.89,0.0,17.88,-0.5,528.25,-1.22
2024-08-16,26360.0,15755.0,75.54,-1.88,2.247,-3.64,146.75,-2.17,3.872,-0.46,18.03,0.84,530.0,0.33
2024-08-17,26480.0,15683.0,73.66,-2.49,2.357,4.9,146.5,-0.17,3.924,1.34,18.02,-0.06,528.25,-0.33
2024-08-18,26590.0,15683.0,73.66,-2.49,2.357,4.9,146.5,-0.17,3.924,1.34,18.02,-0.06,528.25,-0.33
2024-08-19,27000.0,15683.0,73.66,-2.49,2.357,4.9,146.5,-0.17,3.924,1.34,18.02,-0.06,528.25,-0.33
2024-08-20,26920.0,15523.0,73.17,-0.67,2.33,-1.15,146.0,-0.34,3.866,-1.48,17.57,-2.5,533.0,0.9
2024-08-21,27020.0,15442.0,71.3,-2.56,2.314,-0.69,145.9,-0.07,3.888,0.57,17.65,0.46,519.75,-2.49
2024-08-22,26610.0,15484.0,72.28,1.37,2.194,-5.19,146.75,0.58,3.928,1.03,17.85,1.13,511.0,-1.68
2024-08-23,26870.0,15728.5,73.93,2.28,2.18,-0.64,145.2,-1.06,3.976,1.22,18.39,3.03,502.25,-1.71
2024-08-24,26930.0,15377.2002,76.17,3.03,2.13,-2.29,145.7,0.34,4.021,1.13,19.04,3.53,498.0,-0.85
2024-08-25,26520.0,15377.2002,76.17,3.03,2.13,-2.29,145.7,0.34,4.021,1.13,19.04,3.53,498.0,-0.85
2024-08-26,26710.0,15377.2002,76.17,3.03,2.13,-2.29,145.7,0.34,4.021,1.13,19.04,3.53,498.0,-0.85
2024-08-27,26780.0,15462.59961,74.46,-2.24,2.085,-2.11,146.0,0.21,4.005,-0.4,19.6,2.94,508.25,2.06
2024-08-28,26290.0,15467.09961,73.44,-1.37,2.097,0.58,145.0,-0.68,4.02,0.37,19.54,-0.31,514.25,1.18
2024-08-29,26520.0,15440.0,74.67,1.67,2.529,20.6,145.0,0.0,4.047,0.67,19.89,1.79,525.0,2.09
2024-08-30,26010.0,15444.7998,72.65,-2.71,2.498,-1.23,146.2,0.83,4.075,0.69,19.38,-2.56,532.75,1.48
2024-08-31,26070.0,15525.0,72.98,0.45,2.55,2.08,143.9,-1.57,4.032,-1.06,19.49,0.57,552.0,3.61
2024-09-01,26390.0,15525.0,72.98,0.45,2.55,2.08,143.9,-1.57,4.032,-1.06,19.49,0.57,552.0,3.61
2024-09-02,26730.0,15525.0,73.78,1.1,2.55,2.08,143.9,-1.57,4.032,-1.06,19.49,0.57,552.0,3.61
2024-09-03,26240.0,15520.09961,69.59,-5.68,2.55,2.08,142.0,-1.32,4.02,-0.3,19.49,0.57,552.0,3.61
2024-09-04,26110.0,15532.90039,68.52,-1.54,2.506,-1.73,139.5,-1.76,3.992,-0.7,19.24,-1.28,565.25,2.4
2024-09-05,26080.0,15444.40039,68.5,-0.03,2.579,2.91,141.0,1.08,4.021,0.73,19.22,-0.1,561.0,-0.75
2024-09-06,26150.0,15417.0,66.98,-2.22,2.597,0.7,141.5,0.35,3.98,-1.02,18.91,-1.61,553.25,-1.38
2024-09-07,25950.0,15405.0,67.91,1.39,2.527,-2.7,141.65,0.11,3.985,0.13,18.83,-0.42,555.5,0.41
2024-09-08,25490.0,15405.0,67.91,1.39,2.527,-2.7,141.65,0.11,3.985,0.13,18.83,-0.42,555.5,0.41
2024-09-09,25960.0,15405.0,67.91,1.39,2.527,-2.7,141.65,0.11,3.985,0.13,18.83,-0.42,555.5,0.41
2024-09-10,26120.0,15456.7998,65.14,-4.08,2.545,0.71,138.75,-2.05,3.981,-0.1,18.47,-1.91,558.75,0.59
2024-09-11,25830.0,15489.0,66.6,2.24,2.577,1.26,139.0,0.18,3.967,-0.35,18.73,1.41,563.75,0.89
2024-09-12,25840.0,15437.0,68.15,2.33,2.633,2.17,138.15,-0.61,4.02,1.34,19.07,1.82,563.0,-0.13
2024-09-13,25640.0,15418.7002,67.75,-0.59,2.589,-1.67,137.9,-0.18,3.93,-2.24,19.01,-0.31,571.25,1.47
2024-09-14,25890.0,15393.0,69.02,1.87,2.639,1.93,137.25,-0.47,3.847,-2.11,19.18,0.89,578.5,1.27
2024-09-15,25910.0,15393.0,69.02,1.87,2.639,1.93,137.25,-0.47,3.847,-2.11,19.18,0.89,578.5,1.27
2024-09-16,26240.0,15393.0,69.02,1.87,2.639,1.93,137.25,-0.47,3.847,-2.11,19.18,0.89,578.5,1.27
2024-09-17,26340.0,15385.0,69.96,1.36,2.613,-0.99,139.65,1.75,3.847,-2.11,19.98,4.17,575.75,-0.48
2024-09-18,26460.0,15345.0,69.88,-0.11,2.565,-1.84,139.0,-0.47,3.917,1.82,21.16,5.91,575.75,0.0
2024-09-19,26790.0,15300.2002,71.16,1.83,2.595,1.17,139.5,0.36,3.948,0.79,21.93,3.64,565.5,-1.78
2024-09-20,27130.0,15197.59961,71.0,-0.22,2.719,4.78,139.5,0.0,4.027,2.0,22.66,3.33,568.5,0.53
2024-09-21,27140.0,15154.0,69.61,-1.96,2.854,4.97,139.5,0.0,4.049,0.55,22.55,-0.49,582.5,2.46
2024-09-22,27770.0,15154.0,69.61,-1.96,2.854,4.97,139.5,0.0,4.049,0.55,22.55,-0.49,582.5,2.46
2024-09-23,27350.0,15154.0,69.61,-1.96,2.854,4.97,139.5,0.0,4.049,0.55,22.55,-0.49,582.5,2.46
2024-09-24,27700.0,15174.09961,70.84,1.77,2.791,-2.21,139.5,0.0,4.074,0.62,23.12,2.53,578.0,-0.77
2024-09-25,28110.0,15121.09961,69.13,-2.41,2.817,0.93,139.75,0.18,4.125,1.25,23.42,1.3,589.25,1.95
2024-09-26,28110.0,15201.5,67.19,-2.81,2.753,-2.27,139.6,-0.11,4.235,2.67,23.31,-0.47,584.25,-0.85
2024-09-27,27890.0,15070.0,67.67,0.71,3.304,20.01,139.75,0.11,4.159,-1.79,22.79,-2.23,580.0,-0.73
2024-09-28,28150.0,15118.0,67.77,0.15,3.345,1.24,145.1,3.83,4.124,-0.84,22.67,-0.53,584.0,0.69
2024-09-29,28430.0,15118.0,67.77,0.15,3.345,1.24,145.1,3.83,4.124,-0.84,22.67,-0.53,584.0,0.69
2024-09-30,28960.0,15118.0,67.77,0.15,3.345,1.24,145.1,3.83,4.124,-0.84,22.67,-0.53,584.0,0.69
