Date,Price Crude Oil,Change % Crude Oil,Price Natural Gas,Change % Natural Gas,Price Newcastle Coal,Change % Newcastle Coal,Price Palm Oil,Change % Palm Oil,Price US Sugar,Change % US Sugar,Price US Wheat,Change % US Wheat
01/01/2022,,,,,,,,,,,,
02/01/2022,,,,,,,,,,,,
03/01/2022,75.85,1.30%,3.678,3.40%,157.5,-7.13%,"5,259.00",1.94%,18.74,-0.74%,758,-1.65%
04/01/2022,76.74,1.17%,3.582,-2.61%,174.1,10.54%,"5,308.00",0.93%,18.75,0.05%,770,1.58%
05/01/2022,77.47,0.95%,3.71,3.57%,179.9,3.33%,"5,437.00",2.43%,18.34,-2.19%,760.75,-1.20%
06/01/2022,78.88,1.82%,3.67,-1.08%,196.5,9.23%,"5,387.00",-0.92%,18.19,-0.82%,746,-1.94%
07/01/2022,78.44,-0.56%,3.726,1.53%,195.9,-0.31%,"5,330.00",-1.06%,18.05,-0.77%,758.5,1.68%
08/01/2022,,,,,,,,,,,,
09/01/2022,,,,,,,,,,,,
10/01/2022,77.7,-0.94%,3.834,2.90%,196.5,0.31%,"5,366.00",0.68%,17.83,-1.22%,762,0.46%
11/01/2022,80.67,3.82%,3.968,3.50%,197.1,0.31%,"5,300.00",-1.23%,18.11,1.57%,770.25,1.08%
12/01/2022,82.02,1.67%,4.327,9.05%,203,2.99%,"5,260.00",-0.75%,18.34,1.27%,757.75,-1.62%
13/01/2022,81.62,-0.49%,4.005,-7.44%,211.5,4.19%,"5,330.00",1.33%,18.09,-1.36%,746.75,-1.45%
14/01/2022,83.3,2.06%,4.081,1.90%,216.75,2.48%,"5,300.00",-0.56%,18.31,1.22%,741.5,-0.70%
15/01/2022,,,,,,,,,,,,
16/01/2022,83.83,0.64%,4.335,6.22%,,,,,,,,
17/01/2022,83.69,-0.17%,4.276,-1.36%,220.5,1.73%,"5,320.00",0.38%,,,,
18/01/2022,84.83,1.36%,4.048,-5.33%,221,0.23%,,,18.66,1.91%,769,3.71%
19/01/2022,85.8,1.14%,3.845,-5.01%,223.1,0.95%,"5,353.00",0.62%,19.07,2.20%,796.5,3.58%
20/01/2022,85.55,-0.29%,3.649,-5.10%,225.65,1.14%,"5,400.00",0.88%,18.93,-0.73%,790.25,-0.78%
21/01/2022,84.14,-1.65%,3.782,3.64%,224.6,-0.47%,"5,504.00",1.93%,18.9,-0.16%,780,-1.30%
22/01/2022,,,,,,,,,,,,
23/01/2022,,,,,,,,,,,,
24/01/2022,82.41,-2.06%,3.875,2.46%,225.25,0.29%,"5,438.00",-1.20%,18.81,-0.48%,800.5,2.63%
25/01/2022,84.37,2.38%,3.894,0.49%,227.3,0.91%,"5,454.00",0.29%,18.78,-0.16%,818,2.19%
26/01/2022,85.96,1.88%,4.036,3.65%,227.8,0.22%,"5,506.00",0.95%,18.49,-1.54%,795,-2.81%
27/01/2022,85.29,-0.78%,4.283,6.12%,227.6,-0.09%,"5,613.00",1.94%,18.41,-0.43%,777,-2.26%
28/01/2022,85.43,0.16%,4.473,4.44%,227.65,0.02%,"5,803.00",3.38%,18.2,-1.14%,786.25,1.19%
29/01/2022,,,,,,,,,,,,
30/01/2022,,,,,,,,,,,,
31/01/2022,86.49,1.24%,4.675,4.52%,222.75,-2.15%,"5,785.00",-0.31%,18.22,0.11%,761.25,-3.18%
01/02/2022,86.46,-0.03%,4.573,-2.18%,218.1,-2.09%,,,18.48,1.43%,769,1.02%
02/02/2022,86.69,0.27%,5.044,10.30%,220.1,0.92%,,,17.93,-2.98%,755,-1.82%
03/02/2022,88.45,2.03%,4.72,-6.42%,221,0.41%,"5,714.00",-1.23%,17.99,0.33%,751.75,-0.43%
04/02/2022,90.33,2.13%,4.492,-4.83%,227.3,2.85%,"5,779.00",1.14%,18.23,1.33%,763.25,1.53%
05/02/2022,,,,,,,,,,,,
06/02/2022,,,,,,,,,,,,
07/02/2022,89.77,-0.62%,4.198,-6.54%,236,3.83%,"5,652.00",-2.20%,18.05,-0.99%,768.75,0.72%
08/02/2022,87.9,-2.08%,4.218,0.48%,239.25,1.38%,"5,566.00",-1.52%,18.08,0.17%,778.75,1.30%
09/02/2022,88.53,0.72%,3.98,-5.64%,239.25,0.00%,"5,765.00",3.58%,18.48,2.21%,785,0.80%
10/02/2022,88.56,0.03%,3.943,-0.93%,239.1,-0.06%,"5,740.00",-0.43%,18.3,-0.97%,771.5,-1.72%
11/02/2022,91.42,3.23%,3.935,-0.20%,245,2.47%,"5,800.00",1.05%,18.26,-0.22%,797.75,3.40%
12/02/2022,,,,,,,,,,,,
13/02/2022,,,,,,,,,,,,
14/02/2022,93.5,2.28%,4.16,5.72%,240,-2.04%,"5,935.00",2.33%,18.12,-0.77%,799.25,0.19%
15/02/2022,90.21,-3.52%,4.241,1.95%,239,-0.42%,"5,865.00",-1.18%,18.07,-0.28%,779.75,-2.44%
16/02/2022,91.83,1.80%,4.572,7.80%,235.5,-1.46%,"5,830.00",-0.60%,18.07,0.00%,780.5,0.10%
17/02/2022,90.04,-1.95%,4.43,-3.11%,232.4,-1.32%,"5,967.00",2.35%,18.28,1.16%,798,2.24%
18/02/2022,90.21,0.19%,4.377,-1.20%,232.35,-0.02%,"6,008.00",0.69%,18.2,-0.44%,797,-0.13%
19/02/2022,,,,,,,,,,,,
20/02/2022,91.62,1.56%,4.579,4.62%,,,,,,,,
21/02/2022,92.65,1.12%,4.705,2.75%,233.85,0.65%,"6,177.00",2.81%,,,,
22/02/2022,91.91,-0.80%,4.461,-5.19%,236.25,1.03%,"6,354.00",2.87%,18.48,1.54%,844.25,5.93%
23/02/2022,90.69,-1.33%,4.593,2.96%,237.7,0.61%,"6,506.00",2.39%,18.53,0.27%,876,3.76%
24/02/2022,90.94,0.28%,4.641,1.05%,239.5,0.76%,"7,087.00",8.93%,18.32,-1.13%,926,5.71%
25/02/2022,89.89,-1.15%,4.485,-3.36%,238.6,-0.38%,"6,718.00",-5.21%,17.99,-1.80%,843,-8.96%
26/02/2022,,,,,,,,,,,,
27/02/2022,,,,,,,,,,,,
28/02/2022,93.5,4.02%,4.42,-1.45%,274.5,15.05%,"7,451.00",10.91%,18,0.06%,928,10.08%
01/03/2022,100.21,7.18%,4.598,4.03%,313,14.03%,"8,163.00",9.56%,18.34,1.89%,"1,001.75",7.95%
02/03/2022,107.06,6.84%,4.787,4.11%,440,40.58%,"7,821.00",-4.19%,18.64,1.64%,"1,058.50",5.67%
03/03/2022,104.61,-2.29%,4.736,-1.07%,370,-15.91%,"7,450.00",-4.74%,18.93,1.56%,"1,289.00",21.78%
04/03/2022,112.11,7.17%,5.036,6.33%,418.75,13.18%,"6,780.00",-8.99%,19.35,2.22%,"1,348.00",4.58%
05/03/2022,,,,,,,,,,,,
06/03/2022,,,,,,,,,,,,
07/03/2022,115.8,3.29%,4.858,-3.53%,422.65,0.93%,"7,225.00",6.56%,19.27,-0.41%,"1,425.25",5.73%
08/03/2022,119.65,3.32%,4.563,-6.07%,423.15,0.12%,"7,003.00",-3.07%,19.43,0.83%,"1,273.00",-10.68%
09/03/2022,105.05,-12.20%,4.561,-0.04%,420.65,-0.59%,"7,621.00",8.82%,18.94,-2.52%,"1,199.50",-5.77%
10/03/2022,102.99,-1.96%,4.669,2.37%,373.35,-11.24%,"7,680.00",0.77%,19.1,0.84%,"1,073.75",-10.48%
11/03/2022,106.3,3.21%,4.766,2.08%,368.65,-1.26%,"7,365.00",-4.10%,19.24,0.73%,"1,090.00",1.51%
12/03/2022,,,,,,,,,,,,
13/03/2022,,,,,,,,,,,,
14/03/2022,101.18,-4.82%,4.702,-1.34%,361.75,-1.87%,"6,986.00",-5.15%,19.13,-0.57%,"1,090.00",0.00%
15/03/2022,94.79,-6.32%,4.617,-1.81%,346,-4.35%,"7,280.00",4.21%,18.73,-2.09%,"1,154.25",5.89%
16/03/2022,93.59,-1.27%,4.784,3.62%,340,-1.73%,"6,899.00",-5.23%,18.56,-0.91%,"1,069.25",-7.36%
17/03/2022,101.65,8.61%,5.021,4.95%,337.25,-0.81%,"6,553.00",-5.02%,18.69,0.70%,"1,098.00",2.69%
18/03/2022,103.09,1.42%,4.902,-2.37%,336,-0.37%,"6,116.00",-6.67%,18.93,1.28%,"1,063.75",-3.12%
19/03/2022,,,,,,,,,,,,
20/03/2022,,,,,,,,,,,,
21/03/2022,109.97,6.67%,4.934,0.65%,329.4,-1.96%,"6,250.00",2.19%,19.28,1.85%,"1,119.25",5.22%
22/03/2022,109.27,-0.64%,5.227,5.94%,328.9,-0.15%,"6,471.00",3.54%,19.15,-0.67%,"1,118.25",-0.09%
23/03/2022,111.99,2.49%,5.274,0.90%,325.35,-1.08%,"6,704.00",3.60%,19.24,0.47%,"1,105.75",-1.12%
24/03/2022,109.43,-2.29%,5.446,3.26%,326.65,0.40%,"6,514.00",-2.83%,19.26,0.10%,"1,085.75",-1.81%
25/03/2022,111.06,1.49%,5.611,3.03%,327.15,0.15%,"6,616.00",1.57%,19.61,1.82%,"1,102.25",1.52%
26/03/2022,,,,,,,,,,,,
27/03/2022,,,,,,,,,,,,
28/03/2022,103.42,-6.88%,5.538,-1.30%,259.75,-20.60%,"6,579.00",-0.56%,19.59,-0.10%,"1,057.00",-4.11%
29/03/2022,102.05,-1.32%,5.33,-3.76%,253.4,-2.44%,"6,631.00",0.79%,19.11,-2.45%,"1,014.25",-4.04%
30/03/2022,105.68,3.56%,5.658,6.15%,260,2.60%,"6,538.00",-1.40%,19.47,1.88%,"1,027.25",1.28%
31/03/2022,98.52,-6.78%,5.701,0.76%,259,-0.38%,"6,391.00",-2.25%,19.49,0.10%,"1,006.00",-2.07%
01/04/2022,97.9,-0.63%,5.795,1.65%,258.75,-0.10%,"6,363.00",-0.44%,19.37,-0.62%,984.5,-2.14%
02/04/2022,,,,,,,,,,,,
03/04/2022,,,,,,,,,,,,
04/04/2022,101.84,4.02%,5.793,-0.03%,264,2.03%,"6,367.00",0.06%,19.61,1.24%,"1,010.25",2.62%
05/04/2022,100.68,-1.14%,6.108,5.44%,281,6.44%,"6,581.00",3.36%,19.65,0.20%,"1,045.25",3.46%
06/04/2022,95.41,-5.23%,6.107,-0.02%,286.5,1.96%,"6,664.00",1.26%,19.59,-0.31%,"1,038.25",-0.67%
07/04/2022,95.51,0.10%,6.436,5.39%,281.65,-1.69%,"6,610.00",-0.81%,19.84,1.28%,"1,020.00",-1.76%
08/04/2022,97.73,2.32%,6.356,-1.24%,291.6,3.53%,"6,681.00",1.07%,20.41,2.87%,"1,051.50",3.09%
09/04/2022,,,,,,,,,,,,
10/04/2022,,,,,,,,,,,,
11/04/2022,93.92,-3.90%,6.723,5.77%,290.65,-0.33%,"6,765.00",1.26%,20.31,-0.49%,"1,081.25",2.83%
12/04/2022,100.15,6.63%,6.763,0.59%,309.1,6.35%,"6,890.00",1.85%,20.22,-0.44%,"1,103.75",2.08%
13/04/2022,103.79,3.63%,7.096,4.92%,312,0.94%,"6,833.00",-0.83%,20.1,-0.59%,"1,113.50",0.88%
14/04/2022,106.38,2.50%,7.423,4.61%,309.1,-0.93%,"6,820.00",-0.19%,20.06,-0.20%,"1,096.50",-1.53%
15/04/2022,,,,,,,"6,820.00",0.00%,,,"1,095.75",-0.07%
16/04/2022,,,,,,,,,,,,
17/04/2022,,,,,,,,,,,,
18/04/2022,107.61,1.16%,7.958,7.21%,309.1,0.00%,"6,858.00",0.56%,20.26,1.00%,"1,120.50",2.26%
19/04/2022,102.05,-5.17%,7.277,-8.56%,321,3.85%,,,19.74,-2.57%,"1,099.00",-1.92%
20/04/2022,102.19,0.14%,7.065,-2.91%,326.35,1.67%,"6,781.00",-1.12%,19.62,-0.61%,"1,088.00",-1.00%
21/04/2022,102.96,0.75%,7.096,0.44%,331.1,1.46%,"6,808.00",0.40%,19.87,1.27%,"1,068.00",-1.84%
22/04/2022,101.05,-1.86%,6.663,-6.10%,327.1,-1.21%,"6,871.00",0.93%,19.24,-3.17%,"1,065.50",-0.23%
23/04/2022,,,,,,,,,,,,
24/04/2022,,,,,,,,,,,,
25/04/2022,97.67,-3.34%,6.805,2.13%,328.6,0.46%,"6,972.00",1.47%,18.95,-1.51%,"1,062.00",-0.33%
26/04/2022,100.41,2.81%,6.978,2.54%,325,-1.10%,"7,079.00",1.53%,18.99,0.21%,"1,083.25",2.00%
27/04/2022,100.68,0.27%,7.339,5.17%,326.05,0.32%,"7,757.00",9.58%,19.02,0.16%,"1,080.00",-0.30%
28/04/2022,103.47,2.77%,6.994,-4.70%,326.95,0.28%,"7,496.00",-3.36%,19.42,2.10%,"1,074.00",-0.56%
29/04/2022,102.94,-0.51%,7.355,5.16%,326.6,-0.11%,"7,683.00",2.49%,19.35,-0.36%,"1,043.75",-2.82%
30/04/2022,,,,,,,,,,,,
01/05/2022,,,,,,,,,,,,
02/05/2022,103.42,0.47%,7.566,2.87%,299.8,-8.21%,,,18.85,-2.58%,"1,043.50",-0.02%
03/05/2022,100.9,-2.44%,8.025,6.07%,326.6,8.94%,,,18.62,-1.22%,"1,033.75",-0.93%
04/05/2022,106.22,5.27%,8.472,5.57%,360.35,10.33%,,,18.62,0.00%,"1,066.00",3.12%
05/05/2022,106.74,0.49%,8.841,4.36%,374.35,3.89%,"7,382.00",-3.92%,18.78,0.86%,"1,096.00",2.81%
06/05/2022,108.33,1.49%,8.128,-8.06%,379.5,1.38%,"7,058.00",-4.39%,19.16,2.02%,"1,097.00",0.09%
07/05/2022,,,,,,,,,,,,
08/05/2022,,,,,,,,,,,,
09/05/2022,101.77,-6.06%,7.106,-12.57%,377,-0.66%,"7,035.00",-0.33%,18.66,-2.61%,"1,083.25",-1.25%
10/05/2022,98.45,-3.26%,7.467,5.08%,377.45,0.12%,"6,953.00",-1.17%,18.54,-0.64%,"1,083.25",0.00%
11/05/2022,104.03,5.67%,7.727,3.48%,385.85,2.23%,"7,153.00",2.88%,18.55,0.05%,"1,108.75",2.35%
12/05/2022,104.4,0.36%,7.835,1.40%,391.5,1.46%,"6,990.00",-2.28%,18.64,0.49%,"1,174.50",5.93%
13/05/2022,108.63,4.05%,7.765,-0.89%,392.85,0.34%,"6,950.00",-0.57%,19.17,2.84%,"1,167.25",-0.62%
14/05/2022,,,,,,,,,,,,
15/05/2022,,,,,,,,,,,,
16/05/2022,111.82,2.94%,8.053,3.71%,402.5,2.46%,,,19.68,2.66%,"1,247.50",6.88%
17/05/2022,109.63,-1.96%,8.394,4.23%,413.65,2.77%,"6,664.00",-4.12%,20,1.63%,"1,277.50",2.40%
18/05/2022,107.04,-2.36%,8.455,0.73%,412,-0.40%,"6,694.00",0.45%,19.83,-0.85%,"1,230.75",-3.66%
19/05/2022,109.89,2.66%,8.4,-0.65%,412.1,0.02%,"6,647.00",-0.70%,19.77,-0.30%,"1,200.50",-2.46%
20/05/2022,110.28,0.35%,8.178,-2.64%,417.25,1.25%,"6,689.00",0.63%,19.95,0.91%,"1,168.75",-2.64%
21/05/2022,,,,,,,,,,,,
22/05/2022,,,,,,,,,,,,
23/05/2022,107.54,-2.48%,8.827,7.94%,416,-0.30%,"6,834.00",2.17%,19.77,-0.90%,"1,190.00",1.82%
24/05/2022,107.2,-0.32%,8.836,0.10%,408,-1.92%,"7,054.00",3.22%,19.75,-0.10%,"1,154.75",-2.96%
25/05/2022,107.75,0.51%,8.993,1.78%,404.65,-0.82%,"6,960.00",-1.33%,19.68,-0.35%,"1,148.25",-0.56%
26/05/2022,111.25,3.25%,8.895,-1.09%,403,-0.41%,"7,087.00",1.82%,19.54,-0.71%,"1,143.25",-0.44%
27/05/2022,112.23,0.88%,8.712,-2.06%,406.65,0.91%,"6,879.00",-2.93%,19.61,0.36%,"1,157.50",1.25%
28/05/2022,,,,,,,,,,,,
29/05/2022,115.61,3.01%,8.815,1.18%,,,,,,,,
30/05/2022,117.61,1.73%,8.686,-1.46%,401,-1.39%,"6,710.00",-2.46%,,,"1,155.38",-0.18%
31/05/2022,111.91,-4.85%,8.138,-6.31%,427,6.48%,"6,607.00",-1.54%,19.4,-1.07%,"1,087.50",-5.88%
01/06/2022,112.72,0.72%,8.686,6.73%,412,-3.51%,"6,646.00",0.59%,19.44,0.21%,"1,041.25",-4.25%
02/06/2022,114.3,1.40%,8.474,-2.44%,412.5,0.12%,"6,748.00",1.53%,19.35,-0.46%,"1,058.25",1.63%
03/06/2022,116.23,1.69%,8.51,0.42%,412.5,0.00%,"6,704.00",-0.65%,19.29,-0.31%,"1,040.00",-1.72%
04/06/2022,,,,,,,,,,,,
05/06/2022,,,,,,,,,,,,
06/06/2022,116.06,-0.15%,9.306,9.35%,415.25,0.67%,,,19.56,1.40%,"1,093.00",5.10%
07/06/2022,117.1,0.90%,9.278,-0.30%,397,-4.39%,"6,760.00",0.84%,18.97,-3.02%,"1,071.75",-1.94%
08/06/2022,119.78,2.29%,8.679,-6.46%,395.4,-0.40%,"6,740.00",-0.30%,18.98,0.05%,"1,074.75",0.28%
09/06/2022,119.09,-0.58%,8.978,3.45%,396,0.15%,"6,590.00",-2.23%,19.29,1.63%,"1,071.25",-0.33%
10/06/2022,118.12,-0.81%,8.867,-1.24%,392.35,-0.92%,"6,281.00",-4.69%,18.87,-2.18%,"1,070.75",-0.05%
11/06/2022,,,,,,,,,,,,
12/06/2022,,,,,,,,,,,,
13/06/2022,118.25,0.11%,8.619,-2.80%,390.35,-0.51%,"6,130.00",-2.40%,18.71,-0.85%,"1,071.00",0.02%
14/06/2022,116.26,-1.68%,7.18,-16.70%,383.5,-1.75%,"6,154.00",0.39%,18.7,-0.05%,"1,050.25",-1.94%
15/06/2022,113.09,-2.73%,7.406,3.15%,386.35,0.74%,"6,000.00",-2.50%,18.46,-1.28%,"1,050.00",-0.02%
16/06/2022,115.25,1.91%,7.438,0.43%,387.35,0.26%,"5,683.00",-5.28%,18.58,0.65%,"1,078.25",2.69%
17/06/2022,107.99,-6.30%,6.906,-7.15%,389.35,0.52%,"5,679.00",-0.07%,18.6,0.11%,"1,034.25",-4.08%
18/06/2022,,,,,,,,,,,,
19/06/2022,108.94,0.88%,6.702,-2.95%,,,,,,,,
20/06/2022,108.84,-0.09%,6.713,0.16%,392.75,0.87%,"5,261.00",-7.36%,,,,
21/06/2022,109.52,0.62%,6.783,1.04%,390,-0.70%,"5,210.00",-0.97%,18.66,0.32%,975.25,-5.70%
22/06/2022,103.99,-5.05%,6.872,1.31%,392,0.51%,"4,688.00",-10.02%,18.45,-1.13%,976.5,0.13%
23/06/2022,101.58,-2.32%,6.283,-8.57%,397.5,1.40%,"4,870.00",3.88%,18.38,-0.38%,937.25,-4.02%
24/06/2022,104.45,2.83%,6.281,-0.03%,397,-0.13%,"4,798.00",-1.48%,18.37,-0.05%,923.75,-1.44%
25/06/2022,,,,,,,,,,,,
26/06/2022,,,,,,,,,,,,
27/06/2022,106.38,1.85%,6.546,4.22%,392.45,-1.15%,"5,049.00",5.23%,18.3,-0.38%,904,-2.14%
28/06/2022,108.89,2.36%,6.57,0.37%,393.5,0.27%,"5,159.00",2.18%,18.53,1.26%,921.25,1.91%
29/06/2022,107.01,-1.73%,6.493,-1.17%,380,-3.43%,"5,069.00",-1.74%,18.55,0.11%,915.5,-0.62%
30/06/2022,103.1,-3.65%,5.392,-16.96%,385.95,1.57%,"5,088.00",0.37%,18.83,1.51%,868.75,-5.11%
01/07/2022,105.39,2.22%,5.712,5.93%,388,0.53%,"4,886.00",-3.97%,18.07,-4.04%,831.25,-4.32%
02/07/2022,,,,,,,,,,,,
03/07/2022,108.19,2.66%,5.709,-0.05%,,,,,,,,
04/07/2022,110.4,2.04%,5.853,2.52%,396.45,2.18%,"4,460.00",-8.72%,,,,
05/07/2022,96.52,-12.57%,5.487,-6.25%,397.6,0.29%,"4,199.00",-5.85%,17.8,-1.49%,793.75,-4.51%
06/07/2022,94.98,-1.60%,5.482,-0.09%,399.7,0.53%,"4,073.00",-3.00%,17.99,1.07%,792.25,-0.19%
07/07/2022,99.25,4.50%,6.262,14.23%,410,2.58%,"4,129.00",1.37%,18.52,2.95%,824.5,4.07%
08/07/2022,101.53,2.30%,5.967,-4.71%,413.75,0.91%,"4,137.00",0.19%,19.02,2.70%,879.25,6.64%
09/07/2022,,,,,,,,,,,,
10/07/2022,,,,,,,,,,,,
11/07/2022,101.21,-0.32%,6.319,5.90%,419,1.27%,,,18.86,-0.84%,843.75,-4.04%
12/07/2022,93.31,-7.81%,6.021,-4.72%,426,1.67%,"4,121.00",-0.39%,18.69,-0.90%,801.5,-5.01%
13/07/2022,93.83,0.56%,6.589,9.43%,430,0.94%,"3,850.00",-6.58%,19.14,2.41%,798.25,-0.41%
14/07/2022,92.83,-1.07%,6.511,-1.18%,416.35,-3.17%,"3,643.00",-5.38%,18.97,-0.89%,794.25,-0.50%
15/07/2022,94.57,1.87%,6.926,6.37%,406.55,-2.35%,"3,632.00",-0.30%,19.25,1.48%,776.75,-2.20%
16/07/2022,,,,,,,,,,,,
17/07/2022,,,,,,,,,,,,
18/07/2022,99.42,5.13%,7.382,6.58%,396.05,-2.58%,"3,887.00",7.02%,19.41,0.83%,812.75,4.63%
19/07/2022,100.74,1.33%,7.15,-3.14%,399.65,0.91%,"3,799.00",-2.26%,18.84,-2.94%,812.25,-0.06%
20/07/2022,99.88,-0.85%,7.899,10.48%,408.6,2.24%,"3,913.00",3.00%,18.67,-0.90%,819.5,0.89%
21/07/2022,93.78,-6.11%,7.815,-1.06%,403.4,-1.27%,"3,707.00",-5.26%,18.35,-1.71%,806.25,-1.62%
22/07/2022,92.43,-1.44%,8.195,4.86%,409.2,1.44%,"3,727.00",0.54%,17.89,-2.51%,759,-5.86%
23/07/2022,,,,,,,,,,,,
24/07/2022,,,,,,,,,,,,
25/07/2022,94.42,2.15%,8.571,4.59%,410.25,0.26%,"3,706.00",-0.56%,17.47,-2.35%,770,1.45%
26/07/2022,92.88,-1.63%,8.825,2.96%,414,0.91%,"3,860.00",4.16%,17.47,0.00%,803.75,4.38%
27/07/2022,95.29,2.59%,8.554,-3.07%,411.5,-0.60%,"3,907.00",1.22%,17.4,-0.40%,790.25,-1.68%
28/07/2022,94.65,-0.67%,8.118,-5.10%,411.4,-0.02%,"4,030.00",3.15%,17.72,1.84%,817,3.39%
29/07/2022,96.75,2.22%,8.208,1.11%,407.9,-0.85%,"4,355.00",8.06%,17.54,-1.02%,807.75,-1.13%
30/07/2022,,,,,,,,,,,,
31/07/2022,,,,,,,,,,,,
01/08/2022,92.39,-4.51%,8.26,0.63%,405,-0.71%,"4,093.00",-6.02%,17.6,0.34%,800.25,-0.93%
02/08/2022,93.22,0.90%,7.698,-6.80%,403.5,-0.37%,"3,943.00",-3.66%,17.69,0.51%,774.75,-3.19%
03/08/2022,89.74,-3.73%,8.262,7.33%,393.5,-2.48%,"3,985.00",1.07%,17.77,0.45%,763.75,-1.42%
04/08/2022,87.56,-2.43%,8.114,-1.79%,385,-2.16%,"3,940.00",-1.13%,17.55,-1.24%,782.5,2.45%
05/08/2022,88.08,0.59%,8.051,-0.78%,361,-6.23%,"4,020.00",2.03%,17.94,2.22%,775.75,-0.86%
06/08/2022,,,,,,,,,,,,
07/08/2022,,,,,,,,,,,,
08/08/2022,89.93,2.10%,7.578,-5.88%,371,2.77%,"4,135.00",2.86%,17.96,0.11%,779.75,0.52%
09/08/2022,89.67,-0.29%,7.825,3.26%,384.5,3.64%,"4,170.00",0.85%,17.98,0.11%,781.5,0.22%
10/08/2022,91.2,1.71%,8.193,4.70%,398.65,3.68%,"4,191.00",0.50%,18.28,1.67%,799.75,2.34%
11/08/2022,93.53,2.55%,8.863,8.18%,401,0.59%,"4,300.00",2.60%,18.49,1.15%,810.75,1.38%
12/08/2022,91.46,-2.21%,8.744,-1.34%,407.65,1.66%,"4,432.00",3.07%,18.6,0.59%,806,-0.59%
13/08/2022,,,,,,,,,,,,
14/08/2022,,,,,,,,,,,,
15/08/2022,88.85,-2.85%,8.712,-0.37%,407.5,-0.04%,"4,331.00",-2.28%,18.54,-0.32%,800.75,-0.65%
16/08/2022,86.16,-3.03%,9.311,6.88%,405,-0.61%,"4,156.00",-4.04%,18.27,-1.46%,786,-1.84%
17/08/2022,87.69,1.78%,9.228,-0.89%,413.9,2.20%,"4,166.00",0.24%,18.24,-0.16%,763.25,-2.89%
18/08/2022,90.11,2.76%,9.17,-0.63%,413.9,0.00%,"4,059.00",-2.57%,17.77,-2.58%,731.5,-4.16%
19/08/2022,90.44,0.37%,9.315,1.58%,416.25,0.57%,"4,090.00",0.76%,18.09,1.80%,753.25,2.97%
20/08/2022,,,,,,,,,,,,
21/08/2022,,,,,,,,,,,,
22/08/2022,90.36,-0.09%,9.647,3.56%,418.35,0.50%,"4,163.00",1.78%,17.94,-0.83%,770.5,2.29%
23/08/2022,93.25,3.20%,9.155,-5.10%,417.6,-0.18%,"4,227.00",1.54%,17.89,-0.28%,782.75,1.59%
24/08/2022,94.4,1.23%,9.3,1.58%,412.6,-1.20%,"4,290.00",1.49%,18.04,0.84%,795,1.56%
25/08/2022,92.19,-2.34%,9.344,0.47%,417.5,1.19%,"4,239.00",-1.19%,17.9,-0.78%,769.75,-3.18%
26/08/2022,92.39,0.22%,9.269,-0.80%,417.4,-0.02%,"4,149.00",-2.12%,18.47,3.18%,784.75,1.95%
27/08/2022,,,,,,,,,,,,
28/08/2022,,,,,,,,,,,,
29/08/2022,96.19,4.11%,9.336,0.72%,422.75,1.28%,"4,077.00",-1.74%,18.44,-0.16%,820,4.49%
30/08/2022,91.17,-5.22%,9.103,-2.50%,414.55,-1.94%,"4,003.00",-1.82%,18.1,-1.84%,798.25,-2.65%
31/08/2022,89.03,-2.35%,9.189,0.94%,425,2.52%,,,17.89,-1.16%,809,1.35%
01/09/2022,86.22,-3.16%,9.33,1.53%,427.35,0.55%,"3,860.00",-3.57%,17.99,0.56%,775.5,-4.14%
02/09/2022,86.48,0.30%,8.85,-5.14%,435,1.79%,"3,830.00",-0.78%,18.15,0.89%,793,2.26%
03/09/2022,,,,,,,,,,,,
04/09/2022,88.25,2.05%,8.979,1.46%,,,,,,,808,1.89%
05/09/2022,88.96,0.80%,8.714,-2.95%,457.8,5.24%,"3,822.00",-0.21%,,,812.25,0.53%
06/09/2022,86.51,-2.75%,8.212,-5.76%,450.25,-1.65%,"3,705.00",-3.06%,17.98,-0.94%,800,-1.51%
07/09/2022,81.63,-5.64%,7.901,-3.79%,439,-2.50%,"3,600.00",-2.83%,18.05,0.39%,826.5,3.31%
08/09/2022,83.07,1.76%,7.971,0.89%,440.35,0.31%,"3,438.00",-4.50%,17.93,-0.66%,810.5,-1.94%
09/09/2022,86.36,3.96%,8.044,0.92%,435.25,-1.16%,"3,500.00",1.80%,18.22,1.62%,853.25,5.27%
10/09/2022,,,,,,,,,,,,
11/09/2022,,,,,,,,,,,,
12/09/2022,87.41,1.22%,8.287,3.02%,437.5,0.52%,"3,550.00",1.43%,18.35,0.71%,841.25,-1.41%
13/09/2022,86.89,-0.59%,8.334,0.57%,439.35,0.42%,"3,759.00",5.89%,18.38,0.16%,842.75,0.18%
14/09/2022,88.05,1.34%,9.167,10.00%,444.2,1.10%,"3,700.00",-1.57%,18.27,-0.60%,853.75,1.31%
15/09/2022,84.65,-3.86%,8.372,-8.67%,445.5,0.29%,"3,700.00",0.00%,18.18,-0.49%,845,-1.02%
16/09/2022,84.76,0.13%,7.811,-6.70%,439,-1.46%,,,17.88,-1.65%,859.75,1.75%
17/09/2022,,,,,,,,,,,,
18/09/2022,,,,,,,,,,,,
19/09/2022,85.36,0.71%,7.804,-0.09%,439.05,0.01%,"3,606.00",-2.54%,17.69,-1.06%,830.5,-3.40%
20/09/2022,83.94,-1.66%,7.772,-0.41%,441.3,0.51%,"3,676.00",1.94%,18.19,2.83%,893.75,7.62%
21/09/2022,82.43,-1.80%,7.827,0.71%,444.5,0.73%,"3,807.00",3.56%,18.22,0.16%,903.75,1.12%
22/09/2022,83.03,0.73%,7.193,-8.10%,435.65,-1.99%,"3,761.00",-1.21%,18.49,1.48%,910.75,0.77%
23/09/2022,78.25,-5.76%,6.992,-2.79%,435.2,-0.10%,"3,673.00",-2.34%,18.28,-1.14%,880.5,-3.32%
24/09/2022,,,,,,,,,,,,
25/09/2022,,,,,,,,,,,,
26/09/2022,76.18,-2.65%,7.014,0.31%,438,0.64%,"3,481.00",-5.23%,18.35,0.38%,858,-2.56%
27/09/2022,77.81,2.14%,6.76,-3.62%,437.65,-0.08%,"3,463.00",-0.52%,18.19,-0.87%,871.5,1.57%
28/09/2022,81.24,4.41%,6.955,2.88%,436,-0.38%,"3,144.00",-9.21%,18.29,0.55%,903.25,3.64%
29/09/2022,80.42,-1.01%,7.142,2.69%,435.75,-0.06%,"3,278.00",4.26%,18.44,0.82%,896.25,-0.77%
30/09/2022,78.72,-2.11%,7.065,-1.08%,433.7,-0.47%,"3,327.00",1.49%,18.42,-0.11%,921.5,2.82%
01/10/2022,,,,,,,,,,,,
02/10/2022,,,,,,,,,,,,
03/10/2022,82.7,5.06%,6.803,-3.71%,401.5,-7.42%,"3,320.00",-0.21%,17.42,-5.43%,912,-1.03%
04/10/2022,85.5,3.39%,7.174,5.45%,404,0.62%,"3,501.00",5.45%,17.91,2.81%,903,-0.99%
05/10/2022,86.84,1.57%,7.236,0.86%,396.25,-1.92%,"3,532.00",0.89%,17.95,0.22%,902,-0.11%
06/10/2022,87.59,0.86%,7.242,0.08%,400,0.95%,"3,589.00",1.61%,18.46,2.84%,879,-2.55%
07/10/2022,91.35,4.29%,7.047,-2.69%,385.8,-3.55%,"3,630.00",1.14%,18.68,1.19%,880.25,0.14%
08/10/2022,,,,,,,,,,,,
09/10/2022,,,,,,,,,,,,
10/10/2022,89.84,-1.65%,6.784,-3.73%,386.5,0.18%,,,18.61,-0.37%,938,6.56%
11/10/2022,87.97,-2.08%,6.928,2.12%,391.15,1.20%,"3,484.00",-4.02%,18.74,0.70%,901,-3.94%
12/10/2022,86.06,-2.17%,6.766,-2.34%,403,3.03%,"3,523.00",1.12%,18.68,-0.32%,882.25,-2.08%
13/10/2022,87.95,2.20%,7.053,4.24%,393.5,-2.36%,"3,530.00",0.20%,18.81,0.70%,892.25,1.13%
14/10/2022,84.65,-3.75%,6.827,-3.20%,392.5,-0.25%,"3,650.00",3.40%,18.84,0.16%,859.75,-3.64%
15/10/2022,,,,,,,,,,,,
16/10/2022,,,,,,,,,,,,
17/10/2022,84.53,-0.14%,6.479,-5.10%,392.15,-0.09%,"3,801.00",4.14%,18.77,-0.37%,861,0.15%
18/10/2022,82.07,-2.91%,6.237,-3.74%,387.85,-1.10%,"3,933.00",3.47%,18.67,-0.53%,849.5,-1.34%
19/10/2022,84.52,2.99%,5.928,-4.95%,391,0.81%,"4,021.00",2.24%,18.65,-0.11%,841.25,-0.97%
20/10/2022,84.51,-0.01%,5.838,-1.52%,391.95,0.24%,"3,995.00",-0.65%,18.39,-1.39%,849.25,0.95%
21/10/2022,83.95,-0.66%,5.472,-6.27%,390,-0.50%,"3,979.00",-0.40%,18.38,-0.05%,850.75,0.18%
22/10/2022,,,,,,,,,,,,
23/10/2022,,,,,,,,,,,,
24/10/2022,83.59,-0.43%,5.753,5.14%,390,0.00%,,,18.13,-1.36%,838.75,-1.41%
25/10/2022,84.31,0.86%,6.166,7.18%,388.15,-0.47%,"3,964.00",-0.38%,18.11,-0.11%,834.75,-0.48%
26/10/2022,86.68,2.81%,6.119,-0.76%,386.5,-0.43%,"3,904.00",-1.51%,17.86,-1.38%,840.5,0.69%
27/10/2022,87.83,1.33%,5.875,-3.99%,385.6,-0.23%,"3,924.00",0.51%,17.71,-0.84%,838.5,-0.24%
28/10/2022,86.61,-1.39%,5.953,1.33%,385.7,0.03%,"3,826.00",-2.50%,17.58,-0.73%,829.25,-1.10%
29/10/2022,,,,,,,,,,,,
30/10/2022,,,,,,,,,,,,
31/10/2022,85.4,-1.40%,6.607,10.99%,356.3,-7.62%,"3,858.00",0.84%,17.97,2.22%,882.25,6.39%
01/11/2022,87.19,2.10%,6.08,-7.98%,359,0.76%,"4,048.00",4.92%,18.43,2.56%,902.5,2.30%
02/11/2022,88.86,1.92%,6.589,8.37%,361,0.56%,"4,193.00",3.58%,18.47,0.22%,846,-6.26%
03/11/2022,87.18,-1.89%,6.33,-3.93%,351,-2.77%,"4,153.00",-0.95%,18.47,0.00%,840.5,-0.65%
04/11/2022,91.45,4.90%,6.754,6.70%,349.5,-0.43%,"4,182.00",0.70%,18.71,1.30%,847.75,0.86%
05/11/2022,,,,,,,,,,,,
06/11/2022,,,,,,,,,,,,
07/11/2022,90.73,-0.79%,7.244,7.25%,344.9,-1.32%,"4,260.00",1.87%,18.68,-0.16%,845.75,-0.24%
08/11/2022,88,-3.01%,6.524,-9.94%,339,-1.71%,"4,254.00",-0.14%,19,1.71%,827.75,-2.13%
09/11/2022,85,-3.41%,6.225,-4.58%,324.75,-4.20%,"4,145.00",-2.56%,19.38,2.00%,806.5,-2.57%
10/11/2022,85.66,0.78%,6.613,6.23%,324.25,-0.15%,"4,109.00",-0.87%,19.41,0.15%,803.5,-0.37%
11/11/2022,88.16,2.92%,6.263,-5.29%,326.8,0.79%,"4,187.00",1.90%,19.64,1.18%,813.75,1.28%
12/11/2022,,,,,,,,,,,,
13/11/2022,,,,,,,,,,,,
14/11/2022,85.16,-3.40%,6.299,0.57%,330.35,1.09%,"3,987.00",-4.78%,19.83,0.97%,818.5,0.58%
15/11/2022,86.25,1.28%,6.395,1.52%,341,3.22%,"3,987.00",0.00%,20.29,2.32%,828.25,1.19%
16/11/2022,85,-1.45%,6.607,3.32%,332.55,-2.48%,"3,907.00",-2.01%,20.27,-0.10%,817.5,-1.30%
17/11/2022,81.4,-4.24%,6.744,2.07%,334.6,0.62%,"3,791.00",-2.97%,19.73,-2.66%,806.75,-1.31%
18/11/2022,80.11,-1.58%,6.716,-0.42%,343.45,2.64%,,,20.05,1.62%,803.25,-0.43%
19/11/2022,,,,,,,,,,,,
20/11/2022,,,,,,,,,,,,
21/11/2022,80.04,-0.09%,7.223,7.55%,351,2.20%,"3,815.00",0.63%,19.86,-0.95%,799.25,-0.50%
22/11/2022,80.73,0.86%,7.406,2.53%,347.15,-1.10%,"3,949.00",3.51%,19.74,-0.60%,791.5,-0.97%
23/11/2022,78.07,-3.29%,7.708,4.08%,346.45,-0.20%,"4,036.00",2.20%,19.55,-0.96%,793.5,0.25%
24/11/2022,77.95,-0.15%,7.177,-6.89%,347.35,0.26%,"3,989.00",-1.16%,,,792.38,-0.14%
25/11/2022,76.43,-1.95%,7.33,2.13%,349.4,0.59%,"4,060.00",1.78%,19.33,-1.13%,775.5,-2.13%
26/11/2022,,,,,,,,,,,,
27/11/2022,,,,,,,,,,,,
28/11/2022,77.33,1.18%,7.196,-1.83%,379,8.47%,,,19.38,0.26%,756.75,-2.42%
29/11/2022,78.28,1.23%,7.084,-1.56%,387.4,2.22%,"4,098.00",0.94%,19.53,0.77%,757.75,0.13%
30/11/2022,80.66,3.04%,6.818,-3.75%,398.5,2.87%,"4,099.00",0.02%,19.63,0.51%,771.5,1.81%
01/12/2022,81.14,0.60%,6.631,-2.74%,385,-3.39%,"3,996.00",-2.51%,19.62,-0.05%,758.75,-1.65%
02/12/2022,80.05,-1.34%,6.169,-6.97%,391,1.56%,"3,905.00",-2.28%,19.48,-0.71%,737.25,-2.83%
03/12/2022,,,,,,,,,,,,
04/12/2022,,,,,,,,,,,,
05/12/2022,77.08,-3.71%,5.484,-11.10%,400.5,2.43%,"3,903.00",-0.05%,19.55,0.36%,715.5,-2.95%
06/12/2022,74.46,-3.40%,5.378,-1.93%,408.8,2.07%,"4,039.00",3.48%,19.39,-0.82%,705.5,-1.40%
07/12/2022,72.28,-2.93%,5.617,4.44%,405.65,-0.77%,"3,911.00",-3.17%,19.48,0.46%,727,3.05%
08/12/2022,71.58,-0.97%,5.82,3.61%,395.5,-2.50%,"3,886.00",-0.64%,19.68,1.03%,724.25,-0.38%
09/12/2022,71.21,-0.52%,6.082,4.50%,402.5,1.77%,"3,924.00",0.98%,19.6,-0.41%,712.75,-1.59%
10/12/2022,,,,,,,,,,,,
11/12/2022,,,,,,,,,,,,
12/12/2022,73.28,2.91%,6.416,5.49%,400.25,-0.56%,"3,678.00",-6.27%,19.38,-1.12%,733,2.84%
13/12/2022,75.44,2.95%,6.733,4.94%,404.5,1.06%,"3,826.00",4.02%,19.76,1.96%,728.75,-0.58%
14/12/2022,77.31,2.48%,6.22,-7.62%,404,-0.12%,"3,885.00",1.54%,20.29,2.68%,728.25,-0.07%
15/12/2022,76.15,-1.50%,6.589,5.93%,401.9,-0.52%,"3,885.00",0.00%,19.98,-1.53%,757.25,3.98%
16/12/2022,74.46,-2.22%,6.303,-4.34%,403,0.27%,"3,863.00",-0.57%,20.09,0.55%,753.5,-0.50%
17/12/2022,,,,,,,,,,,,
18/12/2022,,,,,,,,,,,,
19/12/2022,75.38,1.24%,5.71,-9.41%,401.35,-0.41%,"3,882.00",0.49%,20.14,0.25%,748.5,-0.66%
20/12/2022,76.23,1.13%,5.216,-8.65%,400.05,-0.32%,"3,839.00",-1.11%,20.58,2.18%,750.5,0.27%
21/12/2022,78.24,2.64%,5.238,0.42%,401.4,0.34%,"3,914.00",1.95%,20.75,0.83%,767.75,2.30%
22/12/2022,77.42,-1.05%,4.928,-5.92%,400.65,-0.19%,"3,863.00",-1.30%,20.89,0.67%,762.25,-0.72%
23/12/2022,79.64,2.87%,4.98,1.06%,401.1,0.11%,"3,802.00",-1.58%,20.98,0.43%,776,1.80%
24/12/2022,,,,,,,,,,,,
25/12/2022,,,,,,,,,,,,
26/12/2022,80.97,1.67%,5.144,3.29%,,,,,,,,
27/12/2022,79.64,-1.64%,5.118,-0.51%,400.5,-0.15%,"4,065.00",6.92%,20.32,-3.15%,774.5,-0.19%
28/12/2022,79.08,-0.70%,4.685,-8.46%,402.1,0.40%,"4,069.00",0.10%,20.16,-0.79%,785.5,1.42%
29/12/2022,78.5,-0.73%,4.117,-12.12%,404.15,0.51%,"4,078.00",0.22%,20.29,0.64%,774,-1.46%
30/12/2022,80.45,2.48%,4.104,-0.32%,404.15,0.00%,"4,171.00",2.28%,20.04,-1.23%,792,2.33%
31/12/2022,,,,,,,,,,,,
01/01/2023,,,,,,,,,,,,
02/01/2023,80.47,0.02%,4.143,0.95%,,,,,,,,
03/01/2023,77.12,-4.16%,3.641,-12.12%,393.1,-2.73%,"4,265.00",2.25%,19.7,-1.70%,775.5,-2.08%
04/01/2023,73.1,-5.21%,3.78,3.82%,394.55,0.37%,"4,210.00",-1.29%,19.54,-0.81%,745.5,-3.87%
05/01/2023,73.92,1.12%,3.426,-9.37%,397.5,0.75%,"4,080.00",-3.09%,19.34,-1.02%,746.75,0.17%
06/01/2023,74.04,0.16%,3.392,-0.99%,396.15,-0.34%,"3,981.00",-2.43%,18.96,-1.96%,743.5,-0.44%
07/01/2023,,,,,,,,,,,,
08/01/2023,,,,,,,,,,,,
09/01/2023,74.92,1.19%,3.563,5.04%,393.85,-0.58%,"4,020.00",0.98%,19.17,1.11%,741.5,-0.27%
10/01/2023,75.37,0.60%,3.314,-6.99%,390.45,-0.86%,"3,887.00",-3.31%,19.64,2.45%,731,-1.42%
11/01/2023,77.68,3.06%,3.346,0.97%,370,-5.24%,"3,823.00",-1.65%,19.65,0.05%,740,1.23%
12/01/2023,78.65,1.25%,3.355,0.27%,377.5,2.03%,"3,823.00",0.00%,19.59,-0.31%,742.75,0.37%
13/01/2023,80.11,1.86%,3.196,-4.74%,370.25,-1.92%,"3,820.00",-0.08%,19.73,0.71%,743.75,0.13%
14/01/2023,,,,,,,,,,,,
15/01/2023,79.78,-0.41%,3.601,12.67%,,,,,,,,
16/01/2023,79.04,-0.93%,3.675,2.05%,368.75,-0.41%,"3,846.00",0.68%,,,,
17/01/2023,80.45,1.78%,3.253,-11.48%,369.25,0.14%,"3,790.00",-1.46%,20.14,2.08%,751.75,1.08%
18/01/2023,79.8,-0.81%,3.111,-4.37%,368,-0.34%,"3,859.00",1.82%,19.82,-1.59%,742.5,-1.23%
19/01/2023,80.61,1.02%,3.124,0.42%,363.5,-1.22%,"3,887.00",0.73%,19.68,-0.71%,734.5,-1.08%
20/01/2023,81.64,1.28%,3.036,-2.82%,350.95,-3.45%,"3,885.00",-0.05%,19.72,0.20%,741.5,0.95%
21/01/2023,,,,,,,,,,,,
22/01/2023,,,,,,,,,,,,
23/01/2023,81.93,0.36%,3.222,6.13%,360,2.58%,,,19.7,-0.10%,720,-2.90%
24/01/2023,80.44,-1.82%,3.057,-5.12%,359.6,-0.11%,,,19.88,0.91%,734.5,2.01%
25/01/2023,80.44,0.00%,2.915,-4.65%,354,-1.56%,"3,754.00",-3.37%,20.11,1.16%,741.25,0.92%
26/01/2023,81.28,1.04%,2.848,-2.30%,355.6,0.45%,"3,778.00",0.64%,20.68,2.83%,752.5,1.52%
27/01/2023,79.96,-1.62%,2.849,0.04%,358.1,0.70%,"3,874.00",2.54%,20.96,1.35%,750,-0.33%
28/01/2023,,,,,,,,,,,,
29/01/2023,,,,,,,,,,,,
30/01/2023,78.18,-2.23%,2.731,-4.14%,265.35,-25.90%,"3,850.00",-0.62%,21.21,1.19%,752.5,0.33%
31/01/2023,79.17,1.27%,2.741,0.37%,251.75,-5.13%,"3,720.00",-3.38%,21.76,2.59%,761.25,1.16%
01/02/2023,76.73,-3.08%,2.536,-7.48%,247,-1.89%,,,21.37,-1.79%,759.75,-0.20%
02/02/2023,76.2,-0.69%,2.522,-0.55%,244.65,-0.95%,"3,652.00",-1.83%,21.66,1.36%,761,0.16%
03/02/2023,73.74,-3.23%,2.48,-1.67%,236,-3.54%,"3,725.00",2.00%,21.24,-1.94%,756.75,-0.56%
04/02/2023,,,,,,,,,,,,
05/02/2023,,,,,,,,,,,,
06/02/2023,74.47,0.99%,2.535,2.22%,252,6.78%,,,20.66,-2.73%,750.25,-0.86%
07/02/2023,77.39,3.92%,2.664,5.09%,255.65,1.45%,"3,818.00",2.50%,20.84,0.87%,749.75,-0.07%
08/02/2023,78.69,1.68%,2.477,-7.02%,239.35,-6.38%,"3,820.00",0.05%,21.2,1.73%,764.75,2.00%
09/02/2023,78.27,-0.53%,2.492,0.61%,225.5,-5.79%,"3,832.00",0.31%,21.45,1.18%,757.25,-0.98%
10/02/2023,79.92,2.11%,2.607,4.61%,226.1,0.27%,"3,806.00",-0.68%,21.58,0.61%,786,3.80%
11/02/2023,,,,,,,,,,,,
12/02/2023,,,,,,,,,,,,
13/02/2023,80.33,0.51%,2.499,-4.14%,221,-2.26%,"3,850.00",1.16%,21.2,-1.76%,792,0.76%
14/02/2023,79.24,-1.36%,2.652,6.12%,219.5,-0.68%,"3,884.00",0.88%,21.57,1.75%,786,-0.76%
15/02/2023,78.83,-0.52%,2.555,-3.66%,219.9,0.18%,"3,884.00",0.00%,21.38,-0.88%,769.25,-2.13%
16/02/2023,78.74,-0.11%,2.485,-2.74%,214,-2.68%,"4,030.00",3.76%,21.45,0.33%,765,-0.55%
17/02/2023,76.55,-2.78%,2.352,-5.35%,209.35,-2.17%,"4,095.00",1.61%,21.41,-0.19%,765.5,0.07%
18/02/2023,,,,,,,,,,,,
19/02/2023,76.67,0.16%,2.305,-2.00%,,,,,,,764.75,-0.10%
20/02/2023,77.3,0.82%,2.324,0.82%,205.65,-1.77%,"4,121.00",0.63%,,,764.75,0.00%
21/02/2023,76.36,-1.22%,2.177,-6.33%,208.5,1.39%,"4,097.00",-0.58%,21.33,-0.37%,750.5,-1.86%
22/02/2023,74.19,-2.84%,2.298,5.56%,209.65,0.55%,"4,099.00",0.05%,21.29,-0.19%,736.5,-1.87%
23/02/2023,75.6,1.90%,2.432,5.83%,210.1,0.21%,"4,190.00",2.22%,21.58,1.36%,738.25,0.24%
24/02/2023,76.47,1.15%,2.548,4.77%,209.2,-0.43%,"4,156.00",-0.81%,21.28,-1.39%,708.25,-4.06%
25/02/2023,,,,,,,,,,,,
26/02/2023,,,,,,,,,,,,
27/02/2023,75.81,-0.86%,2.853,11.97%,196.5,-6.07%,"4,184.00",0.67%,22.09,3.81%,696,-1.73%
28/02/2023,77.19,1.82%,2.863,0.35%,192.85,-1.86%,"4,113.00",-1.70%,22.08,-0.05%,691.5,-0.65%
01/03/2023,77.83,0.83%,2.943,2.79%,193.5,0.34%,"4,146.00",0.80%,20.57,-6.84%,697,0.80%
02/03/2023,78.31,0.62%,2.899,-1.50%,193,-0.26%,"4,270.00",2.99%,20.31,-1.26%,701.25,0.61%
03/03/2023,79.79,1.89%,3.141,8.35%,188.9,-2.12%,"4,318.00",1.12%,20.92,3.00%,695.75,-0.78%
04/03/2023,,,,,,,,,,,,
05/03/2023,,,,,,,,,,,,
06/03/2023,80.56,0.97%,2.73,-13.09%,181.75,-3.79%,"4,250.00",-1.57%,20.87,-0.24%,682.5,-1.90%
07/03/2023,77.72,-3.53%,2.84,4.03%,179.25,-1.38%,"4,199.00",-1.20%,21.02,0.72%,684.75,0.33%
08/03/2023,76.81,-1.17%,2.713,-4.47%,179.5,0.14%,"4,175.00",-0.57%,20.88,-0.67%,674.5,-1.50%
09/03/2023,75.84,-1.26%,2.683,-1.11%,180,0.28%,"4,166.00",-0.22%,21.15,1.29%,653.5,-3.11%
10/03/2023,76.78,1.24%,2.559,-4.62%,185.25,2.92%,"4,170.00",0.10%,21.16,0.05%,666.75,2.03%
11/03/2023,,,,,,,,,,,,
12/03/2023,,,,,,,,,,,,
13/03/2023,74.91,-2.44%,2.726,6.53%,182.9,-1.27%,"4,139.00",-0.74%,20.8,-1.70%,672.25,0.82%
14/03/2023,71.49,-4.57%,2.69,-1.32%,180,-1.59%,"4,103.00",-0.87%,20.68,-0.58%,686.5,2.12%
15/03/2023,67.74,-5.25%,2.546,-5.35%,175,-2.78%,"4,103.00",0.00%,20.5,-0.87%,702.75,2.37%
16/03/2023,68.52,1.15%,2.626,3.14%,174,-0.57%,"4,083.00",-0.49%,20.76,1.27%,699,-0.53%
17/03/2023,66.93,-2.32%,2.446,-6.85%,173,-0.57%,"4,071.00",-0.29%,20.67,-0.43%,710.5,1.65%
18/03/2023,,,,,,,,,,,,
19/03/2023,,,,,,,,,,,,
20/03/2023,67.82,1.33%,2.331,-4.70%,172.25,-0.43%,"3,935.00",-3.34%,20.48,-0.92%,700.75,-1.37%
21/03/2023,69.67,2.73%,2.485,6.61%,174,1.02%,"3,937.00",0.05%,20.8,1.56%,683.25,-2.50%
22/03/2023,71.02,1.94%,2.307,-7.16%,176.55,1.47%,"3,835.00",-2.59%,21.14,1.63%,663.5,-2.89%
23/03/2023,70.12,-1.27%,2.283,-1.04%,176.65,0.06%,"3,750.00",-2.22%,20.89,-1.18%,662,-0.23%
24/03/2023,69.41,-1.01%,2.361,3.42%,175.35,-0.74%,"3,751.00",0.03%,20.82,-0.34%,688.5,4.00%
25/03/2023,,,,,,,,,,,,
26/03/2023,,,,,,,,,,,,
27/03/2023,72.93,5.07%,2.215,-6.18%,176.25,0.51%,"3,884.00",3.55%,20.93,0.53%,698,1.38%
28/03/2023,73.34,0.56%,2.147,-3.07%,176.5,0.14%,"4,011.00",3.27%,21.31,1.82%,699.75,0.25%
29/03/2023,73.12,-0.30%,2.184,1.72%,176.6,0.06%,"4,030.00",0.47%,21.25,-0.28%,704.75,0.71%
30/03/2023,74.49,1.87%,2.358,7.97%,176.75,0.08%,"4,112.00",2.03%,21.96,3.34%,692.25,-1.77%
31/03/2023,75.8,1.76%,2.465,4.54%,177.25,0.28%,"4,058.00",-1.31%,22.25,1.32%,692.25,0.00%
01/04/2023,,,,,,,,,,,,
02/04/2023,,,,,,,,,,,,
03/04/2023,80.44,6.12%,2.333,-5.35%,200,12.83%,"4,169.00",2.74%,22.4,0.67%,693.5,0.18%
04/04/2023,80.72,0.35%,2.344,0.47%,192.65,-3.68%,"4,242.00",1.75%,22.47,0.31%,691.5,-0.29%
05/04/2023,80.63,-0.11%,2.381,1.58%,198,2.78%,"4,205.00",-0.87%,22.95,2.14%,682,-1.37%
06/04/2023,80.68,0.06%,2.238,-6.01%,193.75,-2.15%,"4,191.00",-0.33%,23.61,2.88%,675.5,-0.95%
07/04/2023,,,,,,,"4,220.00",0.69%,,,675.5,0.00%
08/04/2023,,,,,,,,,,,,
09/04/2023,,,,,,,,,,,,
10/04/2023,79.77,-1.13%,2.361,5.50%,193.75,0.00%,"4,327.00",2.54%,23.56,-0.21%,678.5,0.44%
11/04/2023,81.49,2.16%,2.351,-0.42%,194.15,0.21%,"4,280.00",-1.09%,24.37,3.44%,674,-0.66%
12/04/2023,83.09,1.96%,2.267,-3.57%,194.6,0.23%,"4,170.00",-2.57%,24.05,-1.31%,679.5,0.82%
13/04/2023,82.04,-1.26%,2.197,-3.09%,190.75,-1.98%,"4,100.00",-1.68%,24.04,-0.04%,667,-1.84%
14/04/2023,82.43,0.48%,2.305,4.92%,188,-1.44%,"4,100.00",0.00%,24.1,0.25%,682.5,2.32%
15/04/2023,,,,,,,,,,,,
16/04/2023,,,,,,,,,,,,
17/04/2023,80.83,-1.94%,2.444,6.03%,187,-0.53%,"4,014.00",-2.10%,24.44,1.41%,696.5,2.05%
18/04/2023,80.9,0.09%,2.517,2.99%,188.3,0.70%,"4,140.00",3.14%,24.54,0.41%,698,0.22%
19/04/2023,79.24,-2.05%,2.395,-4.85%,192.5,2.23%,"4,097.00",-1.04%,24.37,-0.69%,681.75,-2.33%
20/04/2023,77.37,-2.36%,2.427,1.34%,191.75,-0.39%,"4,110.00",0.32%,25.25,3.61%,667.75,-2.05%
21/04/2023,77.71,0.44%,2.408,-0.78%,190.35,-0.73%,,,24.83,-1.66%,661.75,-0.90%
22/04/2023,,,,,,,,,,,,
23/04/2023,,,,,,,,,,,,
24/04/2023,78.6,1.15%,2.471,2.62%,190,-0.18%,,,25.91,4.35%,643.5,-2.76%
25/04/2023,76.87,-2.20%,2.437,-1.38%,189.05,-0.50%,"4,081.00",-0.71%,26.65,2.86%,638.75,-0.74%
26/04/2023,74.19,-3.49%,2.305,-5.42%,190.15,0.58%,"4,061.00",-0.49%,26.51,-0.53%,627.25,-1.80%
27/04/2023,74.58,0.53%,2.548,10.54%,189.95,-0.11%,"4,045.00",-0.39%,26.99,1.81%,614.75,-1.99%
28/04/2023,76.61,2.72%,2.578,1.18%,189.7,-0.13%,"3,937.00",-2.67%,26.99,0.00%,619.75,0.81%
29/04/2023,,,,,,,,,,,,
30/04/2023,,,,,,,,,,,,
01/05/2023,75.51,-1.44%,2.498,-3.10%,185.15,-2.40%,,,25.54,-5.37%,603.75,-2.58%
02/05/2023,71.55,-5.24%,2.417,-3.24%,187.55,1.30%,"4,016.00",2.01%,25.14,-1.57%,595.5,-1.37%
03/05/2023,68.55,-4.19%,2.36,-2.36%,180.6,-3.71%,"4,019.00",0.07%,25.17,0.12%,626.25,5.16%
04/05/2023,68.51,-0.06%,2.297,-2.67%,170.65,-5.51%,,,25.52,1.39%,631.5,0.84%
05/05/2023,71.27,4.03%,2.321,1.04%,169.65,-0.59%,"4,070.00",1.27%,26.32,3.13%,647,2.45%
06/05/2023,,,,,,,,,,,,
07/05/2023,,,,,,,,,,,,
08/05/2023,73.07,2.53%,2.412,3.92%,169.65,0.00%,"4,084.00",0.34%,26.09,-0.87%,641,-0.93%
09/05/2023,73.62,0.75%,2.427,0.62%,169,-0.38%,"4,050.00",-0.83%,26.19,0.38%,630.5,-1.64%
10/05/2023,72.52,-1.49%,2.336,-3.75%,166.95,-1.21%,"3,930.00",-2.96%,26.66,1.79%,628.25,-0.36%
11/05/2023,70.88,-2.26%,2.345,0.39%,163,-2.37%,"3,800.00",-3.31%,26.02,-2.40%,614.25,-2.23%
12/05/2023,70.02,-1.21%,2.438,3.97%,164.9,1.17%,"3,843.00",1.13%,26.22,0.77%,624.5,1.67%
13/05/2023,,,,,,,,,,,,
14/05/2023,,,,,,,,,,,,
15/05/2023,71.09,1.53%,2.542,4.27%,163.75,-0.70%,"3,850.00",0.18%,26.29,0.27%,660.75,5.80%
16/05/2023,70.84,-0.35%,2.534,-0.31%,163.8,0.03%,"3,748.00",-2.65%,26.07,-0.84%,647.5,-2.01%
17/05/2023,72.89,2.89%,2.509,-0.99%,165.25,0.89%,"3,724.00",-0.64%,25.91,-0.61%,625.5,-3.40%
18/05/2023,71.94,-1.30%,2.715,8.21%,159.35,-3.57%,"3,675.00",-1.32%,25.61,-1.16%,611.75,-2.20%
19/05/2023,71.69,-0.35%,2.707,-0.29%,162.25,1.82%,"3,725.00",1.36%,25.78,0.66%,605,-1.10%
20/05/2023,,,,,,,,,,,,
21/05/2023,,,,,,,,,,,,
22/05/2023,72.05,0.50%,2.551,-5.76%,160.35,-1.17%,"3,673.00",-1.40%,25.99,0.81%,606.25,0.21%
23/05/2023,72.85,1.11%,2.489,-2.43%,160,-0.22%,"3,551.00",-3.32%,25.81,-0.69%,622.25,2.64%
24/05/2023,74.29,1.98%,2.566,3.09%,160.25,0.16%,"3,527.00",-0.68%,25.49,-1.24%,606.25,-2.57%
25/05/2023,71.93,-3.18%,2.476,-3.51%,160,-0.16%,"3,565.00",1.08%,24.83,-2.59%,604.25,-0.33%
26/05/2023,72.76,1.15%,2.417,-2.38%,160,0.00%,"3,590.00",0.70%,25.37,2.17%,616,1.94%
27/05/2023,,,,,,,,,,,,
28/05/2023,73.22,0.63%,2.435,0.74%,,,,,,,616.88,0.14%
29/05/2023,72.87,-0.48%,2.349,-3.53%,140.65,-12.09%,"3,585.00",-0.14%,,,,
30/05/2023,69.6,-4.49%,2.416,2.85%,135.1,-3.95%,"3,430.00",-4.32%,25.33,-0.16%,591,-4.20%
31/05/2023,68.24,-1.95%,2.358,-2.40%,135,-0.07%,"3,255.00",-5.10%,25.06,-1.07%,594.25,0.55%
01/06/2023,70.2,2.87%,2.273,-3.60%,130.15,-3.59%,"3,320.00",2.00%,24.88,-0.72%,610.75,2.78%
02/06/2023,71.84,2.34%,2.299,1.14%,131,0.65%,"3,416.00",2.89%,24.73,-0.60%,619,1.35%
03/06/2023,,,,,,,,,,,,
04/06/2023,,,,,,,,,,,,
05/06/2023,72.26,0.58%,2.366,2.91%,137.75,5.15%,,,24.4,-1.33%,624,0.81%
06/06/2023,71.85,-0.57%,2.381,0.63%,134.45,-2.40%,"3,356.00",-1.76%,24.58,0.74%,627.75,0.60%
07/06/2023,72.64,1.10%,2.433,2.18%,136,1.15%,"3,411.00",1.64%,24.5,-0.33%,616.75,-1.75%
08/06/2023,71.44,-1.65%,2.434,0.04%,136.25,0.18%,"3,375.00",-1.06%,25.48,4.00%,626.25,1.54%
09/06/2023,70.33,-1.55%,2.331,-4.23%,135.7,-0.40%,"3,478.00",3.05%,25.38,-0.39%,630.25,0.64%
10/06/2023,,,,,,,,,,,,
11/06/2023,,,,,,,,,,,,
12/06/2023,67.29,-4.32%,2.336,0.21%,134,-1.25%,"3,382.00",-2.76%,25.47,0.35%,633.75,0.56%
13/06/2023,69.58,3.40%,2.407,3.04%,132.25,-1.31%,"3,441.00",1.74%,25.16,-1.22%,636.25,0.39%
14/06/2023,68.46,-1.61%,2.413,0.25%,132,-0.19%,"3,478.00",1.08%,25.84,2.70%,630.25,-0.94%
15/06/2023,70.81,3.43%,2.609,8.12%,135.95,2.99%,"3,519.00",1.18%,26,0.62%,661.5,4.96%
16/06/2023,71.93,1.58%,2.721,4.29%,128.45,-5.52%,"3,785.00",7.56%,26.43,1.65%,688,4.01%
17/06/2023,,,,,,,,,,,,
18/06/2023,71.47,-0.64%,2.602,-4.37%,,,,,,,,
19/06/2023,71.31,-0.22%,2.643,1.58%,128.35,-0.08%,"3,766.00",-0.50%,,,,
20/06/2023,71.19,-0.17%,2.57,-2.76%,126.55,-1.40%,"3,737.00",-0.77%,26.22,-0.79%,695.75,1.13%
21/06/2023,72.52,1.87%,2.677,4.16%,124.15,-1.90%,"3,631.00",-2.84%,25.88,-1.30%,734.5,5.57%
22/06/2023,69.63,-3.99%,2.704,1.01%,125.75,1.29%,"3,582.00",-1.35%,24.93,-3.67%,739,0.61%
23/06/2023,69.32,-0.45%,2.843,5.14%,125.5,-0.20%,"3,644.00",1.73%,24.18,-3.01%,733.25,-0.78%
24/06/2023,,,,,,,,,,,,
25/06/2023,,,,,,,,,,,,
26/06/2023,69.54,0.32%,2.892,1.72%,125.5,0.00%,"3,739.00",2.61%,23.72,-1.90%,724.25,-1.23%
27/06/2023,67.9,-2.36%,2.789,-3.56%,127.9,1.91%,"3,685.00",-1.44%,23.03,-2.91%,685,-5.42%
28/06/2023,69.73,2.70%,2.668,-4.34%,127.9,0.00%,"3,751.00",1.79%,22.57,-2.00%,655.75,-4.27%
29/06/2023,70.02,0.42%,2.691,0.86%,127.9,0.00%,,,22.07,-2.22%,653,-0.42%
30/06/2023,70.78,1.09%,2.774,3.08%,128.05,0.12%,"3,751.00",0.00%,22.89,3.72%,636.25,-2.57%
01/07/2023,,,,,,,,,,,,
02/07/2023,,,,,,,,,,,,
03/07/2023,69.91,-1.23%,2.702,-2.60%,148.05,15.62%,"3,945.00",5.17%,23.32,1.88%,628.5,-1.22%
04/07/2023,71.06,1.64%,2.751,1.81%,143.15,-3.31%,"3,815.00",-3.30%,,,,
05/07/2023,71.88,1.15%,2.643,-3.93%,144.8,1.15%,"3,800.00",-0.39%,23.53,0.90%,662,5.33%
06/07/2023,71.79,-0.13%,2.599,-1.66%,139.65,-3.56%,"3,844.00",1.16%,23.25,-1.19%,647,-2.27%
07/07/2023,73.77,2.76%,2.57,-1.12%,138,-1.18%,"3,757.00",-2.26%,23.53,1.20%,639.5,-1.16%
08/07/2023,,,,,,,,,,,,
09/07/2023,,,,,,,,,,,,
10/07/2023,72.95,-1.11%,2.641,2.76%,133.7,-3.12%,"3,843.00",2.29%,23.44,-0.38%,636.25,-0.51%
11/07/2023,74.71,2.41%,2.692,1.93%,131,-2.02%,"3,815.00",-0.73%,23.53,0.38%,649.5,2.08%
12/07/2023,75.54,1.11%,2.597,-3.53%,129.05,-1.49%,"3,847.00",0.84%,23.91,1.61%,621.25,-4.35%
13/07/2023,76.76,1.62%,2.534,-2.43%,128,-0.81%,"3,786.00",-1.59%,24.01,0.42%,627.5,1.01%
14/07/2023,75.32,-1.88%,2.53,-0.16%,131.65,2.85%,"3,818.00",0.85%,24.32,1.29%,641.5,2.23%
15/07/2023,,,,,,,,,,,,
16/07/2023,,,,,,,,,,,,
17/07/2023,74.08,-1.65%,2.504,-1.03%,131.1,-0.42%,"3,885.00",1.75%,23.8,-2.14%,653.75,1.91%
18/07/2023,75.66,2.13%,2.618,4.55%,134.35,2.48%,"3,851.00",-0.88%,23.86,0.25%,670.75,2.60%
19/07/2023,75.29,-0.49%,2.585,-1.26%,132,-1.75%,,,24.21,1.47%,727.75,8.50%
20/07/2023,75.65,0.48%,2.731,5.65%,132,0.00%,"3,992.00",3.66%,24.67,1.90%,727,-0.10%
21/07/2023,76.78,1.49%,2.707,-0.88%,133,0.76%,"3,993.00",0.03%,25.01,1.38%,697.5,-4.06%
22/07/2023,,,,,,,,,,,,
23/07/2023,,,,,,,,,,,,
24/07/2023,78.4,2.11%,2.688,-0.70%,133.1,0.08%,"4,092.00",2.48%,24.92,-0.36%,757.5,8.60%
25/07/2023,79.2,1.02%,2.747,2.19%,134,0.68%,"4,000.00",-2.25%,24.69,-0.92%,760.25,0.36%
26/07/2023,78.4,-1.01%,2.693,-1.97%,134,0.00%,"3,987.00",-0.33%,24.39,-1.22%,720,-5.29%
27/07/2023,79.63,1.57%,2.595,-3.64%,134,0.00%,"3,922.00",-1.63%,24.43,0.16%,712.75,-1.01%
28/07/2023,80.18,0.69%,2.753,6.09%,134.45,0.34%,"3,872.00",-1.27%,23.92,-2.09%,704.25,-1.19%
29/07/2023,,,,,,,,,,,,
30/07/2023,,,,,,,,,,,,
31/07/2023,81.32,1.42%,2.741,-0.44%,137.3,2.12%,"3,792.00",-2.07%,24.11,0.79%,665.75,-5.47%
01/08/2023,80.92,-0.49%,2.672,-2.52%,134.35,-2.15%,"3,774.00",-0.47%,24.39,1.16%,652.25,-2.03%
02/08/2023,79.13,-2.21%,2.586,-3.22%,133.5,-0.63%,"3,816.00",1.11%,24.2,-0.78%,640,-1.88%
03/08/2023,81.08,2.46%,2.67,3.25%,136.85,2.51%,"3,755.00",-1.60%,24.02,-0.74%,627,-2.03%
04/08/2023,82.27,1.47%,2.681,0.41%,137,0.11%,"3,782.00",0.72%,23.69,-1.37%,633,0.96%
05/08/2023,,,,,,,,,,,,
06/08/2023,,,,,,,,,,,,
07/08/2023,81.49,-0.95%,2.813,4.92%,141.1,2.99%,"3,700.00",-2.17%,23.74,0.21%,657.5,3.87%
08/08/2023,82.36,1.07%,2.864,1.81%,142.5,0.99%,"3,676.00",-0.65%,23.45,-1.22%,656.25,-0.19%
09/08/2023,83.69,1.61%,3.053,6.60%,142.5,0.00%,"3,745.00",1.88%,23.71,1.11%,635,-3.24%
10/08/2023,82.29,-1.67%,2.87,-5.99%,143,0.35%,"3,740.00",-0.13%,23.95,1.01%,637.75,0.43%
11/08/2023,82.57,0.34%,2.882,0.42%,144,0.70%,"3,727.00",-0.35%,24.33,1.59%,626.75,-1.72%
12/08/2023,,,,,,,,,,,,
13/08/2023,,,,,,,,,,,,
14/08/2023,81.92,-0.79%,2.898,0.56%,146.5,1.74%,"3,697.00",-0.80%,24.05,-1.15%,616,-1.72%
15/08/2023,80.5,-1.73%,2.781,-4.04%,147.15,0.44%,"3,753.00",1.51%,23.77,-1.16%,598.5,-2.84%
16/08/2023,79.02,-1.84%,2.726,-1.98%,147.5,0.24%,"3,815.00",1.65%,24.19,1.77%,597.75,-0.13%
17/08/2023,79.9,1.11%,2.755,1.06%,147,-0.34%,"3,894.00",2.07%,24,-0.79%,589.5,-1.38%
18/08/2023,80.66,0.95%,2.691,-2.32%,149.5,1.70%,"3,854.00",-1.03%,23.76,-1.00%,613.25,4.03%
19/08/2023,,,,,,,,,,,,
20/08/2023,,,,,,,,,,,,
21/08/2023,80.12,-0.67%,2.743,1.93%,149.25,-0.17%,"3,922.00",1.76%,23.4,-1.52%,599.25,-2.28%
22/08/2023,79.64,-0.60%,2.652,-3.32%,150,0.50%,"3,857.00",-1.66%,23.4,0.00%,601.75,0.42%
23/08/2023,78.59,-1.32%,2.592,-2.26%,150,0.00%,"3,812.00",-1.17%,23.85,1.92%,612.5,1.79%
24/08/2023,78.66,0.09%,2.636,1.70%,149,-0.67%,"3,815.00",0.08%,24.29,1.84%,604,-1.39%
25/08/2023,79.49,1.06%,2.657,0.80%,149.4,0.27%,"3,860.00",1.18%,24.83,2.22%,593.25,-1.78%
26/08/2023,,,,,,,,,,,,
27/08/2023,,,,,,,,,,,,
28/08/2023,79.67,0.23%,2.665,0.30%,159.75,6.93%,"3,800.00",-1.55%,25.57,2.98%,588,-0.88%
29/08/2023,80.68,1.27%,2.662,-0.11%,159.5,-0.16%,"3,801.00",0.03%,25.45,-0.47%,569.75,-3.10%
30/08/2023,81.12,0.55%,3.181,19.50%,156,-2.19%,"3,860.00",1.55%,25.34,-0.43%,576.75,1.23%
31/08/2023,82.96,2.27%,3.147,-1.07%,156,0.00%,,,25.06,-1.10%,573,-0.65%
01/09/2023,84.75,2.16%,3.111,-1.14%,156.25,0.16%,"3,910.00",1.30%,25.81,2.99%,567.5,-0.96%
02/09/2023,,,,,,,,,,,,
03/09/2023,85.85,1.30%,2.671,-14.14%,,,,,,,,
04/09/2023,85.82,-0.03%,2.647,-0.90%,156.55,0.19%,"3,873.00",-0.95%,,,,
05/09/2023,86.01,0.22%,2.991,13.00%,160.5,2.52%,"3,800.00",-1.88%,26.65,3.25%,572.5,0.88%
06/09/2023,86.79,0.91%,2.943,-1.60%,160,-0.31%,"3,760.00",-1.05%,26.22,-1.61%,581,1.48%
07/09/2023,86.15,-0.74%,2.958,0.51%,157.65,-1.47%,"3,750.00",-0.27%,26.68,1.75%,571.5,-1.64%
08/09/2023,86.81,0.77%,2.966,0.27%,156.25,-0.89%,"3,730.00",-0.53%,26.31,-1.39%,567.25,-0.74%
09/09/2023,,,,,,,,,,,,
10/09/2023,,,,,,,,,,,,
11/09/2023,86.66,-0.17%,2.937,-0.98%,158,1.12%,"3,628.00",-2.73%,26.4,0.34%,556,-1.98%
12/09/2023,88.16,1.73%,3.015,2.66%,159,0.63%,"3,598.00",-0.83%,26.83,1.63%,560.25,0.76%
13/09/2023,87.88,-0.32%,2.987,-0.93%,162.25,2.04%,"3,635.00",1.03%,26.54,-1.08%,569,1.56%
14/09/2023,89.61,1.97%,2.983,-0.13%,160.15,-1.29%,"3,660.00",0.69%,26.98,1.66%,567.5,-0.26%
15/09/2023,90.02,0.46%,2.932,-1.71%,160.5,0.22%,"3,690.00",0.82%,26.91,-0.26%,604.25,6.48%
16/09/2023,,,,,,,,,,,,
17/09/2023,,,,,,,,,,,,
18/09/2023,90.58,0.62%,3.001,2.35%,160.75,0.16%,"3,678.00",-0.33%,27.11,0.74%,591.25,-2.15%
19/09/2023,90.48,-0.11%,3.026,0.83%,160.75,0.00%,"3,700.00",0.60%,27.44,1.22%,584,-1.23%
20/09/2023,89.66,-0.91%,2.921,-3.47%,160.75,0.00%,"3,662.00",-1.03%,26.79,-2.37%,588.75,0.81%
21/09/2023,88.32,-1.49%,2.84,-2.77%,160.5,-0.16%,"3,648.00",-0.38%,26.93,0.52%,575.75,-2.21%
22/09/2023,88.35,0.03%,2.879,1.37%,160,-0.31%,"3,647.00",-0.03%,26.97,0.15%,579.5,0.65%
23/09/2023,,,,,,,,,,,,
24/09/2023,,,,,,,,,,,,
25/09/2023,88.17,-0.20%,2.906,0.94%,160,0.00%,"3,675.00",0.77%,26.31,-2.45%,589,1.64%
26/09/2023,88.78,0.69%,2.845,-2.10%,160.35,0.22%,"3,618.00",-1.55%,26.02,-1.10%,589,0.00%
27/09/2023,91.3,2.84%,2.899,1.90%,160.35,0.00%,"3,678.00",1.66%,26.13,0.42%,579.5,-1.61%
28/09/2023,89.59,-1.87%,3.34,15.21%,159.75,-0.37%,,,26.73,2.30%,578.75,-0.13%
29/09/2023,88.8,-0.88%,3.312,-0.84%,160.1,0.22%,"3,689.00",0.30%,26.27,-1.72%,541.5,-6.44%
30/09/2023,,,,,,,,,,,,
01/10/2023,,,,,,,,,,,,
02/10/2023,87.17,-1.84%,3.233,-2.39%,154.5,-3.50%,"3,645.00",-1.19%,26.35,0.30%,564.75,4.29%
03/10/2023,87.44,0.31%,3.313,2.47%,149.65,-3.14%,"3,644.00",-0.03%,25.67,-2.58%,568.5,0.66%
04/10/2023,82.55,-5.59%,3.32,0.21%,144.65,-3.34%,"3,646.00",0.05%,25.93,1.01%,560,-1.50%
05/10/2023,80.81,-2.11%,3.511,5.75%,139,-3.91%,"3,566.00",-2.19%,26.16,0.89%,578.25,3.26%
06/10/2023,81.28,0.58%,3.641,3.70%,138.5,-0.36%,"3,562.00",-0.11%,26.74,2.22%,568.25,-1.73%
07/10/2023,,,,,,,,,,,,
08/10/2023,,,,,,,,,,,,
09/10/2023,84.6,4.08%,3.631,-0.27%,141.35,2.06%,"3,577.00",0.42%,27.18,1.65%,572.75,0.79%
10/10/2023,84.13,-0.56%,3.659,0.77%,141.9,0.39%,"3,541.00",-1.01%,27.05,-0.48%,558.5,-2.49%
11/10/2023,82.07,-2.45%,3.658,-0.03%,140.5,-0.99%,"3,530.00",-0.31%,26.4,-2.40%,556,-0.45%
12/10/2023,81.8,-0.33%,3.639,-0.52%,142.65,1.53%,"3,618.00",2.49%,26.35,-0.19%,571.5,2.79%
13/10/2023,86.35,5.56%,3.584,-1.51%,143.85,0.84%,"3,680.00",1.71%,27.03,2.58%,579.75,1.44%
14/10/2023,,,,,,,,,,,,
15/10/2023,,,,,,,,,,,,
16/10/2023,85.26,-1.26%,3.479,-2.93%,143.75,-0.07%,"3,735.00",1.49%,27.05,0.07%,577.25,-0.43%
17/10/2023,85.44,0.21%,3.468,-0.32%,142.25,-1.04%,"3,739.00",0.11%,27.49,1.63%,570.5,-1.17%
18/10/2023,87.27,2.14%,3.463,-0.14%,140,-1.58%,"3,769.00",0.80%,27.48,-0.04%,580.25,1.71%
19/10/2023,88.37,1.26%,3.326,-3.96%,136.5,-2.50%,"3,726.00",-1.14%,27.29,-0.69%,594,2.37%
20/10/2023,88.08,-0.33%,3.258,-2.04%,138,1.10%,"3,716.00",-0.27%,26.85,-1.61%,586,-1.35%
21/10/2023,,,,,,,,,,,,
22/10/2023,,,,,,,,,,,,
23/10/2023,84.42,-4.16%,3.273,0.46%,138.35,0.25%,"3,692.00",-0.65%,27.48,2.35%,587.25,0.21%
24/10/2023,82.97,-1.72%,3.322,1.50%,136.5,-1.34%,"3,606.00",-2.33%,27.53,0.18%,580.5,-1.15%
25/10/2023,84.69,2.07%,3.376,1.63%,133.5,-2.20%,"3,606.00",0.00%,27.63,0.36%,568.5,-2.07%
26/10/2023,82.54,-2.54%,3.477,2.99%,135.7,1.65%,"3,671.00",1.80%,27.04,-2.14%,579.5,1.93%
27/10/2023,84.7,2.62%,3.483,0.17%,135.2,-0.37%,"3,675.00",0.11%,27.34,1.11%,575.5,-0.69%
28/10/2023,,,,,,,,,,,,
29/10/2023,,,,,,,,,,,,
30/10/2023,81.68,-3.57%,3.589,3.04%,131,-3.11%,"3,625.00",-1.36%,26.75,-2.16%,566,-1.65%
31/10/2023,80.5,-1.44%,3.813,6.24%,121.1,-7.56%,"3,564.00",-1.68%,27.09,1.27%,556.25,-1.72%
01/11/2023,80.1,-0.50%,3.753,-1.57%,119.65,-1.20%,"3,601.00",1.04%,27.51,1.55%,561.75,0.99%
02/11/2023,82.16,2.57%,3.75,-0.08%,120,0.29%,"3,658.00",1.58%,27.48,-0.11%,565.5,0.67%
03/11/2023,80.23,-2.35%,3.795,1.20%,122.5,2.08%,"3,632.00",-0.71%,27.77,1.06%,572.5,1.24%
04/11/2023,,,,,,,,,,,,
05/11/2023,,,,,,,,,,,,
06/11/2023,80.6,0.46%,3.564,-6.09%,119,-2.86%,"3,635.00",0.08%,27.95,0.65%,575.75,0.57%
07/11/2023,77.21,-4.21%,3.463,-2.83%,120.1,0.92%,"3,603.00",-0.88%,27.59,-1.29%,570.25,-0.96%
08/11/2023,75.31,-2.46%,3.389,-2.14%,122.5,2.00%,"3,642.00",1.08%,27.21,-1.38%,592.25,3.86%
09/11/2023,75.75,0.58%,3.333,-1.65%,123,0.41%,"3,620.00",-0.60%,27.78,2.09%,580.75,-1.94%
10/11/2023,77.15,1.85%,3.284,-1.47%,123.25,0.20%,"3,673.00",1.46%,27.29,-1.76%,575.25,-0.95%
11/11/2023,,,,,,,,,,,,
12/11/2023,,,,,,,,,,,,
13/11/2023,78.19,1.35%,3.4,3.53%,122,-1.01%,,,27.71,1.54%,579,0.65%
14/11/2023,78.17,-0.03%,3.316,-2.47%,122.5,0.41%,"3,759.00",2.34%,27.18,-1.91%,572,-1.21%
15/11/2023,76.79,-1.77%,3.362,1.39%,123.25,0.61%,"3,800.00",1.09%,27.15,-0.11%,560.5,-2.01%
16/11/2023,73.09,-4.82%,3.239,-3.66%,123.1,-0.12%,"3,869.00",1.82%,27.19,0.15%,553.5,-1.25%
17/11/2023,76.04,4.04%,3.131,-3.33%,123.25,0.12%,"3,809.00",-1.55%,27.18,-0.04%,550.75,-0.50%
18/11/2023,,,,,,,,,,,,
19/11/2023,,,,,,,,,,,,
20/11/2023,77.83,2.35%,3.05,-2.59%,122.5,-0.61%,"3,803.00",-0.16%,27.56,1.40%,543.5,-1.32%
21/11/2023,77.92,0.12%,2.993,-1.87%,122.3,-0.16%,"3,819.00",0.42%,27.75,0.69%,555,2.12%
22/11/2023,77.25,-0.86%,3.033,1.34%,122.15,-0.12%,"3,851.00",0.84%,27.22,-1.91%,555.75,0.14%
23/11/2023,76.34,-1.18%,2.93,-3.40%,122.15,0.00%,"3,828.00",-0.60%,,,,
24/11/2023,75.77,-0.75%,2.999,2.35%,122,-0.12%,"3,782.00",-1.20%,26.98,-0.88%,548.75,-1.26%
25/11/2023,,,,,,,,,,,,
26/11/2023,,,,,,,,,,,,
27/11/2023,75.09,-0.90%,2.946,-1.77%,127.5,4.51%,"3,766.00",-0.42%,27.2,0.82%,534.25,-2.64%
28/11/2023,76.59,2.00%,2.837,-3.70%,127.45,-0.04%,"3,756.00",-0.27%,26.99,-0.77%,543.75,1.78%
29/11/2023,77.99,1.83%,2.769,-2.40%,127.85,0.31%,"3,734.00",-0.59%,26.86,-0.48%,556,2.25%
30/11/2023,76.05,-2.49%,2.763,-0.22%,132.15,3.36%,"3,754.00",0.54%,26.04,-3.05%,570.25,2.56%
01/12/2023,74.25,-2.37%,2.773,0.36%,133.5,1.02%,"3,733.00",-0.56%,25.09,-3.65%,577,1.18%
02/12/2023,,,,,,,,,,,,
03/12/2023,,,,,,,,,,,,
04/12/2023,73.32,-1.25%,2.651,-4.40%,134.45,0.71%,"3,678.00",-1.47%,25.81,2.87%,595.75,3.25%
05/12/2023,72.53,-1.08%,2.667,0.60%,134.15,-0.22%,"3,636.00",-1.14%,24.96,-3.29%,620.75,4.20%
06/12/2023,69.65,-3.97%,2.517,-5.62%,140.45,4.70%,"3,602.00",-0.94%,23,-7.85%,615.75,-0.81%
07/12/2023,69.59,-0.09%,2.52,0.12%,148.75,5.91%,"3,578.00",-0.67%,23.03,0.13%,626,1.66%
08/12/2023,71.44,2.66%,2.504,-0.63%,151,1.51%,"3,600.00",0.61%,23.36,1.43%,615,-1.76%
09/12/2023,,,,,,,,,,,,
10/12/2023,,,,,,,,,,,,
11/12/2023,71.56,0.17%,2.35,-6.15%,152.5,0.99%,"3,605.00",0.14%,22.47,-3.81%,591.25,-3.86%
12/12/2023,68.85,-3.79%,2.24,-4.68%,146.25,-4.10%,"3,608.00",0.08%,22.59,0.53%,607,2.66%
13/12/2023,69.72,1.26%,2.292,2.32%,146.25,0.00%,"3,585.00",-0.64%,21.97,-2.74%,585.25,-3.58%
14/12/2023,71.91,3.14%,2.347,2.40%,145.5,-0.51%,"3,601.00",0.45%,22.18,0.96%,594,1.50%
15/12/2023,71.78,-0.18%,2.425,3.32%,145.25,-0.17%,"3,601.00",0.00%,21.99,-0.86%,629.25,5.93%
16/12/2023,,,,,,,,,,,,
17/12/2023,,,,,,,,,,,,
18/12/2023,72.82,1.45%,2.416,-0.37%,144.75,-0.34%,"3,687.00",2.39%,21.31,-3.09%,617,-1.95%
19/12/2023,73.94,1.54%,2.366,-2.07%,145.25,0.35%,"3,701.00",0.38%,21.43,0.56%,622.75,0.93%
20/12/2023,74.45,0.69%,2.347,-0.80%,144.25,-0.69%,"3,719.00",0.49%,20.92,-2.38%,610,-2.05%
21/12/2023,74.06,-0.52%,2.459,4.77%,145.25,0.69%,"3,674.00",-1.21%,20.24,-3.25%,612.5,0.41%
22/12/2023,73.73,-0.45%,2.49,1.26%,145.5,0.17%,"3,677.00",0.08%,20.62,1.88%,616.25,0.61%
23/12/2023,,,,,,,,,,,,
24/12/2023,,,,,,,,,,,,
25/12/2023,73.79,0.08%,2.418,-2.89%,,,,,,,,
26/12/2023,75.71,2.60%,2.419,0.04%,145.5,0.00%,"3,699.00",0.60%,20.53,-0.44%,636.25,3.25%
27/12/2023,74.34,-1.81%,2.437,0.74%,146,0.34%,"3,700.00",0.03%,20.6,0.34%,623,-2.08%
28/12/2023,71.97,-3.19%,2.377,-2.46%,145.45,-0.38%,"3,657.00",-1.16%,21.76,5.63%,631.5,1.36%
29/12/2023,71.84,-0.18%,2.327,-2.10%,146.4,0.65%,"3,662.00",0.14%,20.58,-5.42%,628,-0.55%
30/12/2023,,,,,,,,,,,,
31/12/2023,,,,,,,,,,,,
01/01/2024,71.97,0.18%,2.667,14.61%,,,,,,,,
02/01/2024,70.62,-1.88%,2.386,-10.54%,127.75,-12.74%,"3,633.00",-0.79%,20.9,1.55%,606.75,-3.38%
03/01/2024,72.89,3.21%,2.448,2.60%,128.5,0.59%,"3,651.00",0.50%,20.85,-0.24%,600.25,-1.07%
04/01/2024,72.36,-0.73%,2.559,4.53%,130.9,1.87%,"3,684.00",0.90%,21.08,1.10%,613.5,2.21%
05/01/2024,73.86,2.07%,2.621,2.42%,131.55,0.50%,"3,690.00",0.16%,21.11,0.14%,616,0.41%
06/01/2024,,,,,,,,,,,,
07/01/2024,,,,,,,,,,,,
08/01/2024,70.92,-3.98%,2.598,-0.88%,132,0.34%,"3,680.00",-0.27%,21.74,2.98%,596.25,-3.21%
09/01/2024,72.29,1.93%,2.697,3.81%,135.65,2.77%,"3,692.00",0.33%,21.7,-0.18%,610,2.31%
10/01/2024,71.44,-1.18%,2.562,-5.01%,133.5,-1.58%,"3,712.00",0.54%,21.41,-1.34%,610.75,0.12%
11/01/2024,72.09,0.91%,2.54,-0.86%,130.75,-2.06%,"3,740.00",0.75%,21.76,1.63%,603.75,-1.15%
12/01/2024,72.79,0.97%,2.617,3.03%,130.85,0.08%,"3,780.00",1.07%,21.61,-0.69%,596,-1.28%
13/01/2024,,,,,,,,,,,,
14/01/2024,,,3.111,18.88%,,,,,,,,
15/01/2024,72.79,0.00%,3.066,-1.45%,129.85,-0.76%,"3,750.00",-0.79%,,,,
16/01/2024,72.52,-0.37%,2.477,-19.21%,129.5,-0.27%,"3,879.00",3.44%,22.52,4.21%,582,-2.35%
17/01/2024,72.48,-0.06%,2.496,0.77%,129.5,0.00%,"3,855.00",-0.62%,22.35,-0.75%,582.5,0.09%
18/01/2024,73.95,2.03%,2.413,-3.33%,128.9,-0.46%,"3,929.00",1.92%,23.04,3.09%,585.5,0.52%
19/01/2024,73.25,-0.95%,2.252,-6.67%,128,-0.70%,"3,962.00",0.84%,23.57,2.30%,593.25,1.32%
20/01/2024,,,,,,,,,,,,
21/01/2024,,,,,,,,,,,,
22/01/2024,74.76,2.06%,2.125,-5.64%,127.45,-0.43%,"3,928.00",-0.86%,23.5,-0.30%,596.5,0.55%
23/01/2024,74.27,-0.66%,2.167,1.98%,127.3,-0.12%,"3,963.00",0.89%,23.75,1.06%,596.5,0.00%
24/01/2024,74.98,0.96%,2.262,4.38%,127.2,-0.08%,"3,997.00",0.86%,24.46,2.99%,610.75,2.39%
25/01/2024,77.19,2.95%,2.18,-3.63%,126.8,-0.31%,,,24.04,-1.72%,612.25,0.25%
26/01/2024,77.86,0.87%,2.175,-0.23%,127.1,0.24%,"4,019.00",0.55%,23.77,-1.12%,600.25,-1.96%
27/01/2024,,,,,,,,,,,,
28/01/2024,,,,,,,,,,,,
29/01/2024,76.67,-1.53%,2.054,-5.56%,116.4,-8.42%,"3,951.00",-1.69%,23.53,-1.01%,593.5,-1.12%
30/01/2024,77.65,1.28%,2.104,2.43%,119.55,2.71%,"3,868.00",-2.10%,23.91,1.61%,605.5,2.02%
31/01/2024,75.71,-2.50%,2.121,0.81%,116.5,-2.55%,"3,814.00",-1.40%,24.13,0.92%,595.25,-1.69%
01/02/2024,73.79,-2.54%,2.064,-2.69%,116,-0.43%,,,23.56,-2.36%,601.5,1.05%
02/02/2024,72.3,-2.02%,2.086,1.07%,116.75,0.65%,"3,788.00",-0.68%,23.89,1.40%,599.75,-0.29%
03/02/2024,,,,,,,,,,,,
04/02/2024,,,,,,,,,,,,
05/02/2024,72.85,0.76%,2.074,-0.58%,119,1.93%,"3,822.00",0.90%,23.53,-1.51%,590.25,-1.58%
06/02/2024,73.37,0.71%,2.007,-3.23%,119,0.00%,"3,863.00",1.07%,23.56,0.13%,595,0.80%
07/02/2024,73.91,0.74%,1.98,-1.35%,120.5,1.26%,"3,930.00",1.73%,23.88,1.36%,602,1.18%
08/02/2024,76.19,3.08%,1.948,-1.62%,120.6,0.08%,"3,917.00",-0.33%,23.98,0.42%,588.5,-2.24%
09/02/2024,76.77,0.76%,1.885,-3.23%,120.6,0.00%,"3,920.00",0.08%,24.02,0.17%,596.75,1.40%
10/02/2024,,,,,,,,,,,,
11/02/2024,,,,,,,,,,,,
12/02/2024,76.82,0.07%,1.8,-4.51%,120,-0.50%,,,23.56,-1.92%,597.5,0.13%
13/02/2024,77.56,0.96%,1.742,-3.22%,120.5,0.42%,"3,930.00",0.26%,23.3,-1.10%,597.5,0.00%
14/02/2024,76.36,-1.55%,1.665,-4.42%,119.75,-0.62%,"3,995.00",1.65%,23.37,0.30%,585.5,-2.01%
15/02/2024,77.59,1.61%,1.647,-1.08%,119.25,-0.42%,"3,995.00",0.00%,22.82,-2.35%,567,-3.16%
16/02/2024,78.46,1.12%,1.68,2.00%,119.25,0.00%,"3,910.00",-2.13%,23.08,1.14%,560.5,-1.15%
17/02/2024,,,,,,,,,,,,
18/02/2024,,,1.551,-7.68%,,,,,,,,
19/02/2024,78.11,-0.45%,1.558,0.45%,119.6,0.29%,"3,963.00",1.36%,,,,
20/02/2024,77.04,-1.37%,1.646,5.65%,119.6,0.00%,"3,978.00",0.38%,22.75,-1.43%,582.75,3.97%
21/02/2024,77.31,0.35%,1.863,13.18%,119.4,-0.17%,"3,971.00",-0.18%,22.77,0.09%,583.25,0.09%
22/02/2024,77.93,0.80%,1.832,-1.66%,119.4,0.00%,"3,954.00",-0.43%,22.83,0.26%,583.25,0.00%
23/02/2024,76.08,-2.37%,1.699,-7.26%,119.4,0.00%,"3,969.00",0.38%,22.62,-0.92%,573.5,-1.67%
24/02/2024,,,,,,,,,,,,
25/02/2024,,,,,,,,,,,,
26/02/2024,77.09,1.33%,1.744,2.65%,127.75,6.99%,"3,987.00",0.45%,23.15,2.34%,577.25,0.65%
27/02/2024,78.23,1.48%,1.808,3.67%,129.2,1.14%,"4,021.00",0.85%,23.84,2.98%,586,1.52%
28/02/2024,77.83,-0.51%,2.052,13.50%,129.5,0.23%,"3,983.00",-0.95%,24.01,0.71%,571,-2.56%
29/02/2024,77.45,-0.49%,2.008,-2.14%,131,1.16%,"4,025.00",1.05%,22.58,-5.96%,577.5,1.14%
01/03/2024,79.09,2.12%,1.975,-1.64%,132,0.76%,"4,024.00",-0.02%,21.09,-6.60%,560,-3.03%
02/03/2024,,,,,,,,,,,,
03/03/2024,,,,,,,,,,,,
04/03/2024,78.17,-1.16%,2.073,4.96%,136,3.03%,"4,017.00",-0.17%,20.6,-2.32%,563.5,0.63%
05/03/2024,77.41,-0.97%,2.095,1.06%,137.45,1.07%,"4,049.00",0.80%,20.87,1.31%,545.75,-3.15%
06/03/2024,78.41,1.29%,2.072,-1.10%,136.75,-0.51%,"4,142.00",2.30%,21.45,2.78%,521.25,-4.49%
07/03/2024,78.32,-0.11%,1.952,-5.79%,135.5,-0.91%,"4,145.00",0.07%,21.28,-0.79%,520.75,-0.10%
08/03/2024,77.5,-1.05%,1.923,-1.49%,134.4,-0.81%,"4,181.00",0.87%,21.15,-0.61%,526.75,1.15%
09/03/2024,,,,,,,,,,,,
10/03/2024,,,,,,,,,,,,
11/03/2024,77.53,0.04%,1.862,-3.17%,133,-1.04%,"4,208.00",0.65%,21.95,3.78%,537.5,2.04%
12/03/2024,77.25,-0.36%,1.823,-2.09%,130.65,-1.77%,"4,200.00",-0.19%,21.89,-0.27%,535.5,-0.37%
13/03/2024,79.3,2.65%,1.784,-2.14%,131.1,0.34%,"4,245.00",1.07%,21.93,0.18%,532.25,-0.61%
14/03/2024,80.74,1.82%,1.862,4.37%,131.5,0.31%,"4,330.00",2.00%,21.77,-0.73%,519.5,-2.40%
15/03/2024,80.58,-0.20%,1.789,-3.92%,131,-0.38%,"4,327.00",-0.07%,22.12,1.61%,528.5,1.73%
16/03/2024,,,,,,,,,,,,
17/03/2024,,,,,,,,,,,,
18/03/2024,82.16,1.96%,1.833,2.46%,129.75,-0.95%,"4,326.00",-0.02%,22.16,0.18%,542.75,2.70%
19/03/2024,82.73,0.69%,1.876,2.35%,129.4,-0.27%,"4,297.00",-0.67%,21.64,-2.35%,552.5,1.80%
20/03/2024,81.27,-1.76%,1.845,-1.65%,128.9,-0.39%,"4,364.00",1.56%,21.77,0.60%,545,-1.36%
21/03/2024,80.64,-0.78%,1.831,-0.76%,128.25,-0.50%,"4,352.00",-0.27%,22.06,1.33%,546.75,0.32%
22/03/2024,80.17,-0.58%,1.812,-1.04%,127.7,-0.43%,"4,307.00",-1.03%,21.85,-0.95%,554.75,1.46%
23/03/2024,,,,,,,,,,,,
24/03/2024,,,,,,,,,,,,
25/03/2024,81.38,1.51%,1.789,-1.27%,128.95,0.98%,"4,352.00",1.04%,21.95,0.46%,555,0.05%
26/03/2024,81.04,-0.42%,1.788,-0.06%,128.9,-0.04%,"4,332.00",-0.46%,22.39,2.00%,543.5,-2.07%
27/03/2024,80.78,-0.32%,1.953,9.23%,129,0.08%,"4,256.00",-1.75%,22.19,-0.89%,547.5,0.74%
28/03/2024,82.42,2.03%,1.997,2.25%,129.1,0.08%,,,22.52,1.49%,560.25,2.33%
29/03/2024,,,,,,,"4,325.00",1.62%,,,561.5,0.22%
30/03/2024,,,,,,,,,,,,
31/03/2024,,,,,,,,,,,,
01/04/2024,82.82,0.49%,2.074,3.86%,132,2.25%,"4,418.00",2.15%,22.72,0.89%,557,-0.80%
02/04/2024,84.22,1.69%,2.105,1.49%,132.25,0.19%,"4,464.00",1.04%,22.32,-1.76%,545.25,-2.11%
03/04/2024,84.61,0.46%,2.067,-1.81%,129.65,-1.97%,"4,579.00",2.58%,22.22,-0.45%,556,1.97%
04/04/2024,85.81,1.42%,1.997,-3.39%,128.2,-1.12%,"4,577.00",-0.04%,22.36,0.63%,556.25,0.04%
05/04/2024,86.1,0.34%,2.01,0.65%,129.1,0.70%,"4,564.00",-0.28%,21.99,-1.65%,567.25,1.98%
06/04/2024,,,,,,,,,,,,
07/04/2024,,,,,,,,,,,,
08/04/2024,85.53,-0.66%,2.051,2.04%,128.2,-0.70%,"4,514.00",-1.10%,21.59,-1.82%,565.75,-0.26%
09/04/2024,84.46,-1.25%,2.064,0.63%,127.75,-0.35%,"4,517.00",0.07%,21.49,-0.46%,557.75,-1.41%
10/04/2024,85.44,1.16%,2.074,0.48%,128,0.20%,,,21.46,-0.14%,558.5,0.13%
11/04/2024,84.45,-1.16%,2,-3.57%,128.75,0.59%,,,20.85,-2.84%,551.75,-1.21%
12/04/2024,85.08,0.75%,2.029,1.45%,129.25,0.39%,"4,498.00",-0.42%,20.45,-1.92%,556,0.77%
13/04/2024,,,,,,,,,,,,
14/04/2024,,,,,,,,,,,,
15/04/2024,84.86,-0.26%,1.946,-4.09%,129.75,0.39%,"4,405.00",-2.07%,20.02,-2.10%,551.75,-0.76%
16/04/2024,84.83,-0.04%,1.988,2.16%,129.25,-0.39%,"4,214.00",-4.34%,19.63,-1.95%,549.75,-0.36%
17/04/2024,82.15,-3.16%,1.962,-1.31%,129.6,0.27%,"4,159.00",-1.31%,19.32,-1.58%,537,-2.32%
18/04/2024,82.1,-0.06%,1.986,1.22%,129.6,0.00%,"4,125.00",-0.82%,19.59,1.40%,536.75,-0.05%
19/04/2024,82.22,0.15%,1.988,0.10%,130.6,0.77%,"4,056.00",-1.67%,19.73,0.71%,550.25,2.52%
20/04/2024,,,,,,,,,,,,
21/04/2024,,,,,,,,,,,,
22/04/2024,81.9,-0.39%,2.065,3.87%,129.5,-0.84%,"4,078.00",0.54%,19.8,0.35%,570.25,3.63%
23/04/2024,82.56,0.81%,2.094,1.40%,129.75,0.19%,"4,073.00",-0.12%,19.91,0.56%,585,2.59%
24/04/2024,82.09,-0.57%,1.979,-5.49%,129,-0.58%,"4,040.00",-0.81%,20,0.45%,594.5,1.62%
25/04/2024,82.75,0.80%,1.986,0.35%,129.25,0.19%,"3,958.00",-2.03%,19.48,-2.60%,602.25,1.30%
26/04/2024,83.13,0.46%,1.923,-3.17%,129.75,0.39%,"3,931.00",-0.68%,19.4,-0.41%,603.25,0.17%
27/04/2024,,,,,,,,,,,,
28/04/2024,,,,,,,,,,,,
29/04/2024,82.03,-1.32%,2.373,23.40%,137.4,5.90%,"3,949.00",0.46%,20.2,4.12%,590.25,-2.15%
30/04/2024,81.28,-0.91%,2.319,-2.28%,142.25,3.53%,"3,862.00",-2.20%,19.71,-2.43%,585,-0.89%
01/05/2024,78.44,-3.49%,2.266,-2.29%,147,3.34%,,,19.22,-2.49%,581.5,-0.60%
02/05/2024,78.48,0.05%,2.331,2.87%,147.75,0.51%,"3,895.00",0.85%,19.25,0.16%,586.5,0.86%
03/05/2024,77.76,-0.92%,2.416,3.65%,145.15,-1.76%,"3,890.00",-0.13%,19.28,0.16%,606,3.32%
04/05/2024,,,,,,,,,,,,
05/05/2024,,,,,,,,,,,,
06/05/2024,78.14,0.49%,2.463,1.95%,145.3,0.10%,"3,909.00",0.49%,19.48,1.04%,632.25,4.33%
07/05/2024,78.06,-0.10%,2.471,0.32%,146.4,0.76%,"3,960.00",1.30%,19.95,2.41%,624.75,-1.19%
08/05/2024,78.56,0.64%,2.474,0.12%,145.25,-0.79%,"3,957.00",-0.08%,19.6,-1.75%,616,-1.40%
09/05/2024,78.8,0.31%,2.537,2.55%,144.95,-0.21%,"3,923.00",-0.86%,19.58,-0.10%,619.75,0.61%
10/05/2024,77.84,-1.22%,2.484,-2.09%,144.4,-0.38%,"3,853.00",-1.78%,19.3,-1.43%,645.75,4.20%
11/05/2024,,,,,,,,,,,,
12/05/2024,,,,,,,,,,,,
13/05/2024,78.6,0.98%,2.587,4.15%,142.1,-1.59%,"3,908.00",1.43%,18.63,-3.47%,670.25,3.79%
14/05/2024,77.65,-1.21%,2.559,-1.08%,142.65,0.39%,"3,800.00",-2.76%,18.87,1.29%,657,-1.98%
15/05/2024,78.16,0.66%,2.631,2.81%,143,0.25%,"3,801.00",0.03%,18.65,-1.17%,665.75,1.33%
16/05/2024,78.74,0.74%,2.687,2.13%,143.5,0.35%,"3,823.00",0.58%,18.33,-1.72%,663.25,-0.38%
17/05/2024,79.58,1.07%,2.789,3.80%,141.5,-1.39%,"3,895.00",1.88%,18.13,-1.09%,651.25,-1.81%
18/05/2024,,,,,,,,,,,,
19/05/2024,,,,,,,,,,,,
20/05/2024,79.3,-0.35%,2.901,4.02%,141,-0.35%,"3,905.00",0.26%,18.68,3.03%,688.75,5.76%
21/05/2024,78.66,-0.81%,2.839,-2.14%,142.05,0.74%,"3,836.00",-1.77%,18.56,-0.64%,697.5,1.27%
22/05/2024,77.15,-1.92%,3.052,7.50%,142.4,0.25%,,,18.23,-1.78%,693,-0.65%
23/05/2024,76.46,-0.89%,2.923,-4.23%,142.75,0.25%,"3,853.00",0.44%,18.26,0.16%,698,0.72%
24/05/2024,77.23,1.01%,2.773,-5.13%,142.8,0.04%,"3,872.00",0.49%,18.41,0.82%,697.25,-0.11%
25/05/2024,,,,,,,,,,,,
26/05/2024,,,2.748,-0.90%,,,,,,,,
27/05/2024,78.65,1.84%,2.78,1.16%,142.8,0.00%,"3,865.00",-0.18%,,,,
28/05/2024,79.35,0.89%,2.825,1.62%,142.4,-0.28%,"3,951.00",2.23%,18.73,1.74%,700.25,0.43%
29/05/2024,78.8,-0.69%,2.666,-5.63%,142.4,0.00%,"4,028.00",1.95%,18.35,-2.03%,692.75,-1.07%
30/05/2024,77.54,-1.60%,2.647,-0.71%,142.4,0.00%,"3,987.00",-1.02%,18.19,-0.87%,681,-1.70%
31/05/2024,76.73,-1.04%,2.662,0.57%,142.4,0.00%,"4,069.00",2.06%,18.3,0.60%,678.5,-0.37%
01/06/2024,,,,,,,,,,,,
02/06/2024,,,,,,,,,,,,
03/06/2024,74.09,-3.44%,2.804,5.33%,140.2,-1.54%,,,18.78,2.62%,672.75,-0.85%
04/06/2024,73.06,-1.39%,2.67,-4.78%,137.95,-1.60%,"3,881.00",-4.62%,18.86,0.43%,658.25,-2.16%
05/06/2024,73.82,1.04%,2.828,5.92%,136,-1.41%,"3,868.00",-0.33%,19.13,1.43%,646.75,-1.75%
06/06/2024,75.24,1.92%,2.892,2.26%,134.35,-1.21%,"3,935.00",1.73%,19.22,0.47%,639.5,-1.12%
07/06/2024,75.22,-0.03%,2.996,3.60%,131.45,-2.16%,"3,953.00",0.46%,19,-1.14%,627.5,-1.88%
08/06/2024,,,,,,,,,,,,
09/06/2024,,,,,,,,,,,,
10/06/2024,77.33,2.81%,2.977,-0.63%,131.85,0.30%,"3,931.00",-0.56%,18.63,-1.95%,607.5,-3.19%
11/06/2024,77.55,0.28%,3.193,7.26%,131.25,-0.46%,"3,931.00",0.00%,18.79,0.86%,626.5,3.13%
12/06/2024,78.15,0.77%,3.122,-2.22%,132.95,1.30%,"3,962.00",0.79%,19.1,1.65%,617,-1.52%
13/06/2024,78.26,0.14%,3.037,-2.72%,134.7,1.32%,"3,934.00",-0.71%,19.59,2.57%,620,0.49%
14/06/2024,78.05,-0.27%,2.963,-2.44%,133.15,-1.15%,"3,983.00",1.25%,19.43,-0.82%,612.75,-1.17%
15/06/2024,,,,,,,,,,,,
16/06/2024,,,,,,,,,,,,
17/06/2024,79.72,2.14%,2.867,-3.24%,133.9,0.56%,,,18.98,-2.32%,591.5,-3.47%
18/06/2024,80.71,1.24%,2.99,4.29%,133.9,0.00%,"3,937.00",-1.15%,18.92,-0.32%,582,-1.61%
19/06/2024,80.59,-0.15%,2.916,-2.47%,134.1,0.15%,"3,959.00",0.56%,,,,
20/06/2024,81.29,0.87%,2.854,-2.13%,133.9,-0.15%,"3,980.00",0.53%,18.89,-0.16%,572.75,-1.59%
21/06/2024,79.96,-1.64%,2.836,-0.63%,132.05,-1.38%,"3,930.00",-1.26%,18.97,0.42%,561.5,-1.96%
22/06/2024,,,,,,,,,,,,
23/06/2024,,,,,,,,,,,,
24/06/2024,80.86,1.13%,2.948,3.95%,132.95,0.68%,"3,937.00",0.18%,19.41,2.32%,552.5,-1.60%
25/06/2024,80.07,-0.98%,2.863,-2.88%,134.1,0.86%,"3,897.00",-1.02%,19.1,-1.60%,541.75,-1.95%
26/06/2024,80.19,0.15%,2.745,-4.12%,132,-1.57%,"3,926.00",0.74%,19.24,0.73%,541.25,-0.09%
27/06/2024,80.83,0.80%,2.675,-2.55%,132.75,0.57%,"3,945.00",0.48%,20.12,4.57%,559.75,3.42%
28/06/2024,80.64,-0.24%,2.598,-2.88%,133.45,0.53%,"3,976.00",0.79%,20.31,0.94%,553.5,-1.12%
29/06/2024,,,,,,,,,,,,
30/06/2024,,,,,,,,,,,,
01/07/2024,82.32,2.08%,2.492,-4.08%,132.1,-1.01%,"4,024.00",1.21%,20.23,-0.39%,569.25,2.85%
02/07/2024,81.91,-0.50%,2.454,-1.52%,132.25,0.11%,"4,140.00",2.88%,20.61,1.88%,561.5,-1.36%
03/07/2024,83.02,1.36%,2.447,-0.29%,135,2.08%,"4,133.00",-0.17%,20.53,-0.39%,554.5,-1.25%
04/07/2024,83.94,1.11%,2.371,-3.11%,136.5,1.11%,"4,117.00",-0.39%,,,,
05/07/2024,82.26,-2.00%,2.35,-0.89%,135.75,-0.55%,"4,088.00",-0.70%,20.14,-1.90%,572.25,3.20%
06/07/2024,,,,,,,,,,,,
07/07/2024,,,,,,,,,,,,
08/07/2024,81.52,-0.90%,2.382,1.36%,135.05,-0.52%,,,20.13,-0.05%,553,-3.36%
09/07/2024,80.56,-1.18%,2.36,-0.92%,135.25,0.15%,"4,015.00",-1.79%,19.62,-2.53%,554.25,0.23%
10/07/2024,81.07,0.63%,2.345,-0.64%,133.75,-1.11%,"3,998.00",-0.42%,19.81,0.97%,543.5,-1.94%
11/07/2024,81.38,0.38%,2.282,-2.69%,133.75,0.00%,"4,005.00",0.18%,19.43,-1.92%,554.25,1.98%
12/07/2024,81.02,-0.44%,2.331,2.15%,133.85,0.07%,"3,970.00",-0.87%,19.2,-1.18%,538,-2.93%
13/07/2024,,,,,,,,,,,,
14/07/2024,,,,,,,,,,,,
15/07/2024,80.84,-0.22%,2.178,-6.56%,134.95,0.82%,"3,980.00",0.25%,19.76,2.92%,532.5,-1.02%
16/07/2024,79.71,-1.40%,2.206,1.29%,134.4,-0.41%,"3,966.00",-0.35%,19.62,-0.71%,530.75,-0.33%
17/07/2024,81.44,2.17%,2.071,-6.12%,134.75,0.26%,"3,977.00",0.28%,19.36,-1.33%,539.25,1.60%
18/07/2024,81.3,-0.17%,2.168,4.68%,135,0.19%,"3,985.00",0.20%,18.94,-2.17%,535.25,-0.74%
19/07/2024,78.64,-3.27%,2.165,-0.14%,135.1,0.07%,"4,013.00",0.70%,18.66,-1.48%,542.75,1.40%
20/07/2024,,,,,,,,,,,,
21/07/2024,,,,,,,,,,,,
22/07/2024,78.4,-0.31%,2.286,5.59%,135,-0.07%,"4,035.00",0.55%,18.3,-1.93%,548,0.97%
23/07/2024,75.92,-3.16%,2.224,-2.71%,134.7,-0.22%,"4,012.00",-0.57%,18.16,-0.77%,542.75,-0.96%
24/07/2024,76.58,0.87%,2.158,-2.97%,134.75,0.04%,"3,992.00",-0.50%,17.91,-1.38%,547,0.78%
25/07/2024,77.11,0.69%,2.072,-3.99%,134.75,0.00%,"4,008.00",0.40%,18.66,4.19%,537.75,-1.69%
26/07/2024,76,-1.44%,2.051,-1.01%,134.8,0.04%,"4,044.00",0.90%,18.42,-1.29%,523.5,-2.65%
27/07/2024,,,,,,,,,,,,
28/07/2024,,,,,,,,,,,,
29/07/2024,74.8,-1.58%,2.036,-0.73%,140.1,3.93%,"4,021.00",-0.57%,19.01,3.20%,531,1.43%
30/07/2024,73.88,-1.23%,2.244,10.22%,139.25,-0.61%,"4,040.00",0.47%,19.12,0.58%,524,-1.32%
31/07/2024,76.84,4.01%,2.162,-3.65%,140.1,0.61%,"4,028.00",-0.30%,18.94,-0.94%,527.25,0.62%
01/08/2024,75.4,-1.87%,2.096,-3.05%,142.55,1.75%,"3,988.00",-0.99%,18.5,-2.32%,532,0.90%
02/08/2024,72.59,-3.73%,2.078,-0.86%,144.1,1.09%,"4,021.00",0.83%,18.1,-2.16%,539,1.32%
03/08/2024,,,,,,,,,,,,
04/08/2024,,,,,,,,,,,,
05/08/2024,72.2,-0.54%,2.045,-1.59%,143.7,-0.28%,"3,930.00",-2.26%,18.08,-0.11%,539.5,0.09%
06/08/2024,72.34,0.19%,2.121,3.72%,145.5,1.25%,"3,829.00",-2.57%,17.87,-1.16%,543.25,0.70%
07/08/2024,74.17,2.53%,2.239,5.56%,145,-0.34%,"3,800.00",-0.76%,18.14,1.51%,538.25,-0.92%
08/08/2024,75.04,1.17%,2.27,1.38%,145.5,0.34%,"3,807.00",0.18%,18.57,2.37%,537.5,-0.14%
09/08/2024,75.61,0.76%,2.292,0.97%,146,0.34%,"3,840.00",0.87%,18.48,-0.48%,542.5,0.93%
10/08/2024,,,,,,,,,,,,
11/08/2024,,,,,,,,,,,,
12/08/2024,78.46,3.77%,2.342,2.18%,146.75,0.51%,"3,830.00",-0.26%,18.29,-1.03%,536.75,-1.06%
13/08/2024,76.8,-2.12%,2.28,-2.65%,146.9,0.10%,"3,840.00",0.26%,18.39,0.55%,528.75,-1.49%
14/08/2024,75.84,-1.25%,2.343,2.76%,145.75,-0.78%,"3,890.00",1.30%,17.97,-2.28%,534.75,1.13%
15/08/2024,76.99,1.52%,2.332,-0.47%,150,2.92%,"3,890.00",0.00%,17.88,-0.50%,528.25,-1.22%
16/08/2024,75.54,-1.88%,2.247,-3.64%,146.75,-2.17%,"3,872.00",-0.46%,18.03,0.84%,530,0.33%
17/08/2024,,,,,,,,,,,,
18/08/2024,,,,,,,,,,,,
19/08/2024,73.66,-2.49%,2.357,4.90%,146.5,-0.17%,"3,924.00",1.34%,18.02,-0.06%,528.25,-0.33%
20/08/2024,73.17,-0.67%,2.33,-1.15%,146,-0.34%,"3,866.00",-1.48%,17.57,-2.50%,533,0.90%
21/08/2024,71.3,-2.56%,2.314,-0.69%,145.9,-0.07%,"3,888.00",0.57%,17.65,0.46%,519.75,-2.49%
22/08/2024,72.28,1.37%,2.194,-5.19%,146.75,0.58%,"3,928.00",1.03%,17.85,1.13%,511,-1.68%
23/08/2024,73.93,2.28%,2.18,-0.64%,145.2,-1.06%,"3,976.00",1.22%,18.39,3.03%,502.25,-1.71%
24/08/2024,,,,,,,,,,,,
25/08/2024,,,,,,,,,,,,
26/08/2024,76.17,3.03%,2.13,-2.29%,145.7,0.34%,"4,021.00",1.13%,19.04,3.53%,498,-0.85%
27/08/2024,74.46,-2.24%,2.085,-2.11%,146,0.21%,"4,005.00",-0.40%,19.6,2.94%,508.25,2.06%
28/08/2024,73.44,-1.37%,2.097,0.58%,145,-0.68%,"4,020.00",0.37%,19.54,-0.31%,514.25,1.18%
29/08/2024,74.67,1.67%,2.529,20.60%,145,0.00%,"4,047.00",0.67%,19.89,1.79%,525,2.09%
30/08/2024,72.65,-2.71%,2.498,-1.23%,146.2,0.83%,"4,075.00",0.69%,19.38,-2.56%,532.75,1.48%
31/08/2024,,,,,,,,,,,,
01/09/2024,72.98,0.45%,,,,,,,,,,
02/09/2024,73.78,1.10%,,,143.9,-1.57%,"4,032.00",-1.06%,,,,
03/09/2024,69.59,-5.68%,2.55,2.08%,142,-1.32%,"4,020.00",-0.30%,19.49,0.57%,552,3.61%
04/09/2024,68.52,-1.54%,2.506,-1.73%,139.5,-1.76%,"3,992.00",-0.70%,19.24,-1.28%,565.25,2.40%
05/09/2024,68.5,-0.03%,2.579,2.91%,141,1.08%,"4,021.00",0.73%,19.22,-0.10%,561,-0.75%
06/09/2024,66.98,-2.22%,2.597,0.70%,141.5,0.35%,"3,980.00",-1.02%,18.91,-1.61%,553.25,-1.38%
07/09/2024,,,,,,,,,,,,
08/09/2024,,,,,,,,,,,,
09/09/2024,67.91,1.39%,2.527,-2.70%,141.65,0.11%,"3,985.00",0.13%,18.83,-0.42%,555.5,0.41%
10/09/2024,65.14,-4.08%,2.545,0.71%,138.75,-2.05%,"3,981.00",-0.10%,18.47,-1.91%,558.75,0.59%
11/09/2024,66.6,2.24%,2.577,1.26%,139,0.18%,"3,967.00",-0.35%,18.73,1.41%,563.75,0.89%
12/09/2024,68.15,2.33%,2.633,2.17%,138.15,-0.61%,"4,020.00",1.34%,19.07,1.82%,563,-0.13%
13/09/2024,67.75,-0.59%,2.589,-1.67%,137.9,-0.18%,"3,930.00",-2.24%,19.01,-0.31%,571.25,1.47%
14/09/2024,,,,,,,,,,,,
15/09/2024,,,,,,,,,,,,
16/09/2024,69.02,1.87%,2.639,1.93%,137.25,-0.47%,,,19.18,0.89%,578.5,1.27%
17/09/2024,69.96,1.36%,2.613,-0.99%,139.65,1.75%,"3,847.00",-2.11%,19.98,4.17%,575.75,-0.48%
18/09/2024,69.88,-0.11%,2.565,-1.84%,139,-0.47%,"3,917.00",1.82%,21.16,5.91%,575.75,0.00%
19/09/2024,71.16,1.83%,2.595,1.17%,139.5,0.36%,"3,948.00",0.79%,21.93,3.64%,565.5,-1.78%
20/09/2024,71,-0.22%,2.719,4.78%,139.5,0.00%,"4,027.00",2.00%,22.66,3.33%,568.5,0.53%
21/09/2024,,,,,,,,,,,,
22/09/2024,,,,,,,,,,,,
23/09/2024,69.61,-1.96%,2.854,4.97%,139.5,0.00%,"4,049.00",0.55%,22.55,-0.49%,582.5,2.46%
24/09/2024,70.84,1.77%,2.791,-2.21%,139.5,0.00%,"4,074.00",0.62%,23.12,2.53%,578,-0.77%
25/09/2024,69.13,-2.41%,2.817,0.93%,139.75,0.18%,"4,125.00",1.25%,23.42,1.30%,589.25,1.95%
26/09/2024,67.19,-2.81%,2.753,-2.27%,139.6,-0.11%,"4,235.00",2.67%,23.31,-0.47%,584.25,-0.85%
27/09/2024,67.67,0.71%,3.304,20.01%,139.75,0.11%,"4,159.00",-1.79%,22.79,-2.23%,580,-0.73%
28/09/2024,,,,,,,,,,,,
29/09/2024,,,,,,,,,,,,
30/09/2024,67.77,0.15%,3.345,1.24%,145.1,3.83%,"4,124.00",-0.84%,22.67,-0.53%,584,0.69%
