Date,Google Trends Bawang Merah,MYRUSD Close,SGDUSD Close,THBUSD Close,USDIDR Close,Harga Bahan Pangan Bawang Merah
01/01/2022,,,,,,28970
02/01/2022,,,,,,29900
03/01/2022,,0.239520952,0.741729736,0.030201444,14215,28970
04/01/2022,,0.239808142,0.739032745,0.030081522,14283.59961,29600
05/01/2022,,0.23900573,0.73762089,0.03008333,14385.5,29540
06/01/2022,,0.23854962,0.736534297,0.030076995,14446.5,29410
07/01/2022,,0.237473279,0.734786272,0.029803593,14408,30960
08/01/2022,,,,,,30550
09/01/2022,,,,,,29840
10/01/2022,,0.237699091,0.737327158,0.029774312,14318.5,29800
11/01/2022,,0.238208666,0.737577319,0.02974597,14313,29660
12/01/2022,,0.23866348,0.740389705,0.030028228,14277,30590
13/01/2022,,0.23903431,0.742997229,0.030074283,14298.90039,31130
14/01/2022,,0.239520952,0.742914438,0.030120481,14276,31110
15/01/2022,,,,,,30410
16/01/2022,,,,,,29780
17/01/2022,,0.239520952,0.74153173,0.030154089,14314.5,29920
18/01/2022,,0.239177212,0.741608679,0.030225178,14349.7002,30570
19/01/2022,,0.239177212,0.740455508,0.030216044,14382.2998,29980
20/01/2022,,0.238606542,0.742170155,0.0303859,14362.7998,29720
21/01/2022,,0.2388345,0.742451131,0.030383132,14343,30270
22/01/2022,,,,,,30280
23/01/2022,,,,,,29490
24/01/2022,,0.238948628,0.743770957,0.030362835,14329.7002,29790
25/01/2022,,0.238863006,0.743306518,0.030309459,14365,29610
26/01/2022,,0.238777444,0.744158387,0.030301195,14330.5,29500
27/01/2022,,0.23866348,0.741729736,0.030206919,14366.40039,29530
28/01/2022,,0.238379017,0.739295006,0.030044466,14389.2002,29520
29/01/2022,,,,,,30070
30/01/2022,,,,,,29680
31/01/2022,,0.238777444,0.73752296,0.029941915,14381.59961,29820
01/02/2022,,0.23900573,0.739885747,0.030125925,14350,29710
02/02/2022,,0.23900573,0.74153173,0.030139545,14322.2998,29200
03/02/2022,,0.239177212,0.742115021,0.030197794,14363.7998,29370
04/02/2022,,0.239120036,0.744031012,0.030236142,14377,29390
05/02/2022,,,,,,29320
06/02/2022,,,,,,29080
07/02/2022,,0.239348978,0.743405998,0.030367445,14400.40039,29730
08/02/2022,,0.23903431,0.744280219,0.030330602,14405.59961,29960
09/02/2022,,0.239102885,0.743715644,0.030434916,14379.5,29790
10/02/2022,,0.239062876,0.745378673,0.03057356,14334.2002,30730
11/02/2022,,0.239120036,0.743240178,0.0305773,14328,30850
12/02/2022,,,,,,31010
13/02/2022,,,,,,31300
14/02/2022,,0.238777444,0.74240154,0.030599754,14344.7002,31820
15/02/2022,,0.238777444,0.742666125,0.030838501,14303,32020
16/02/2022,,0.239017144,0.743649244,0.030916678,14260.59961,32940
17/02/2022,,0.23903431,0.744596124,0.030959753,14274.40039,32680
18/02/2022,,0.238948628,0.744712532,0.031149736,14348,33320
19/02/2022,,,,,,33780
20/02/2022,,,,,,34330
21/02/2022,,0.23900573,0.742853701,0.031121623,14365.90039,35010
22/02/2022,,0.239406273,0.742610991,0.031000063,14355,35460
23/02/2022,,0.239062876,0.743240178,0.030848963,14395,35310
24/02/2022,,0.23900573,0.742837191,0.030987574,14365,34760
25/02/2022,,0.238180295,0.738001943,0.030772069,14452.5,35540
26/02/2022,,,,,,35650
27/02/2022,,,,,,36690
28/02/2022,,0.238180295,0.735813498,0.030601626,14334.2002,36630
01/03/2022,,0.238322213,0.73784405,0.030629748,14360,36010
02/03/2022,,0.238635018,0.73674053,0.030556742,14425,36110
03/03/2022,,0.238492742,0.738018274,0.03079292,14387.5,36440
04/03/2022,,0.23900573,0.737300038,0.030715361,14358.40039,35680
05/03/2022,,,,,,36190
06/03/2022,,,,,,36430
07/03/2022,,0.239463598,0.734246731,0.030581973,14381.7002,36450
08/03/2022,,0.239549652,0.734306037,0.030295687,14406.40039,36870
09/03/2022,,0.239234462,0.732509494,0.03012774,14362.7002,37190
10/03/2022,,0.238948628,0.736865342,0.030327844,14251,36670
11/03/2022,,0.238891557,0.73634994,0.030191412,14275,37200
12/03/2022,,,,,,36760
13/03/2022,,,,,,36970
14/03/2022,,0.23854962,0.733837247,0.030064337,14325.5,36650
15/03/2022,,0.237953603,0.731984019,0.029943706,14347.5,36230
16/03/2022,,0.237812132,0.732477307,0.02984184,14305.2998,36400
17/03/2022,,0.23866348,0.736236036,0.029992202,14263.5,36010
18/03/2022,,0.238379017,0.738950789,0.030103253,14326,36060
19/03/2022,,,,,,36050
20/03/2022,,,,,,35620
21/03/2022,,0.238606542,0.73737067,0.030021014,14342.2998,33300
22/03/2022,,0.237953603,0.736377001,0.029777857,14345,34560
23/03/2022,,0.237247914,0.736984849,0.029866796,14345.5,34720
24/03/2022,,0.236854568,0.736545146,0.029738894,14389,35470
25/03/2022,,0.236742422,0.73671335,0.029832046,14337.09961,35480
26/03/2022,,,,,,35380
27/03/2022,,,,,,35070
28/03/2022,,0.237642571,0.736160219,0.029730937,14334,34980
29/03/2022,,0.237304211,0.735050857,0.02959981,14373,35060
30/03/2022,,0.237416908,0.737479448,0.029856985,14334,35740
31/03/2022,,0.237953603,0.739355147,0.030012906,14327.5,35930
01/04/2022,,0.237925291,0.738388836,0.030086048,14351,35980
02/04/2022,,,,,,35340
03/04/2022,,,,,,35580
04/04/2022,,0.237642571,0.73713696,0.029868579,14361,35100
05/04/2022,,0.237247914,0.73713696,0.029905202,14322.2998,34580
06/04/2022,,0.237586126,0.735651135,0.029808924,14365.5,34180
07/04/2022,,0.237360567,0.735121191,0.029787615,14382,34310
08/04/2022,,0.237202913,0.734311461,0.029862335,14385,33490
09/04/2022,,,,,,33880
10/04/2022,,,,,,33430
11/04/2022,,0.237022996,0.733492732,0.029812479,14355,32580
12/04/2022,,0.236518443,0.732547045,0.029735355,14360.7002,32770
13/04/2022,,0.23637867,0.73310554,0.029808924,14364.2002,33330
14/04/2022,,0.236462519,0.734613478,0.029890897,14360.2002,33190
15/04/2022,,0.236406624,0.737332582,0.029709736,14383.90039,33270
16/04/2022,,,,,,34080
17/04/2022,,,,,,33760
18/04/2022,,0.236239091,0.736371577,0.029763676,14337,34120
19/04/2022,,0.235183448,0.734645903,0.029688569,14353.7998,33840
20/04/2022,,0.235128164,0.731197238,0.029609453,14364.90039,33480
21/04/2022,,0.233699471,0.733621836,0.02960244,14351,34420
22/04/2022,,0.233181775,0.732595325,0.029503746,14382,34340
23/04/2022,,,,,,35250
24/04/2022,,,,,,34210
25/04/2022,,0.231347591,0.730001569,0.029458553,14350,33610
26/04/2022,,0.229621127,0.727966249,0.029359091,14478,33790
27/04/2022,,0.231347591,0.725789487,0.029209873,14466,34200
28/04/2022,,0.229489386,0.724233568,0.029112929,14447.5,34510
29/04/2022,,0.229278922,0.72124052,0.029041065,14502,34170
30/04/2022,,,,,,34800
01/05/2022,,,,,,34720
02/05/2022,,0.229832232,0.7227,0.029249175,14490,35750
03/05/2022,,0.229779392,0.721688151,0.029017467,14522.59961,34710
04/05/2022,,0.229779392,0.722626925,0.029140076,14491,34730
05/05/2022,,0.229779392,0.727674901,0.029368576,14425,35030
06/05/2022,,0.23001726,0.722543359,0.02915452,14458.7002,34640
07/05/2022,,,,,,35010
08/05/2022,,,,,,33190
09/05/2022,,0.228963941,0.720705152,0.029102761,14490,33810
10/05/2022,,0.228258386,0.719553888,0.028910089,14552.2002,33370
11/05/2022,,0.228336573,0.718809068,0.028861696,14520.7998,33640
12/05/2022,,0.228623688,0.719305456,0.028879199,14543.40039,34160
13/05/2022,,0.227738574,0.716435015,0.028792722,14632.09961,35310
14/05/2022,,,,,,35160
15/05/2022,,,,,,35270
16/05/2022,,0.227505401,0.718055487,0.028860863,14606,36010
17/05/2022,,0.227505401,0.719026148,0.028820103,14645,36560
18/05/2022,,0.228180259,0.722298086,0.029004002,14630.59961,37540
19/05/2022,,0.227608979,0.718741894,0.028924303,14740,37900
20/05/2022,,0.227272719,0.72415489,0.029089218,14626.7998,38090
21/05/2022,,,,,,38760
22/05/2022,,,,,,39200
23/05/2022,,0.227972195,0.724637687,0.02913668,14645,40330
24/05/2022,,0.227946207,0.727659047,0.029295446,14619.2002,40730
25/05/2022,,0.227634862,0.729410529,0.029330673,14635.7998,41200
26/05/2022,,0.227634862,0.727643192,0.029205605,14597,41340
27/05/2022,,0.227505401,0.728623986,0.02922524,14584.2002,41350
28/05/2022,,,,,,39140
29/05/2022,,,,,,39110
30/05/2022,,0.22849308,0.731047571,0.029345306,14570,42680
31/05/2022,,0.229158074,0.731742978,0.029335836,14538.40039,43380
01/06/2022,,0.228519201,0.730006933,0.029212434,14543.90039,42970
02/06/2022,,0.228284448,0.727484345,0.029101068,14531.5,43160
03/06/2022,,0.227842331,0.729927003,0.029208167,14426.7998,42360
04/06/2022,,,,,,43420
05/06/2022,,,,,,42630
06/06/2022,,0.227868274,0.72725153,0.029120559,14431,44520
07/06/2022,,0.227842331,0.726242781,0.029044438,14435.2002,45500
08/06/2022,,0.227634862,0.727802038,0.0290647,14458.7998,46670
09/06/2022,,0.227712631,0.726659656,0.028994754,14495.2998,49930
10/06/2022,,0.227738574,0.723316848,0.028940208,14611.7998,
11/06/2022,,,,,,
12/06/2022,,,,,,
13/06/2022,,0.227298558,0.718809068,0.028734807,14546,
14/06/2022,,0.226449281,0.717442513,0.028700171,14795,
15/06/2022,,0.226244345,0.718339205,0.028546961,14740.7998,
16/06/2022,,0.226705968,0.721656919,0.028705938,14681,
17/06/2022,,0.227272719,0.723118067,0.028566532,14776.09961,
18/06/2022,,,,,,
19/06/2022,,,,,,
20/06/2022,,0.227298558,0.720248342,0.028392151,14816,
21/06/2022,,0.227324381,0.720668793,0.028304556,14827.7002,
22/06/2022,,0.227479532,0.721755922,0.028340654,14831.7002,
23/06/2022,,0.227117881,0.720918179,0.028288545,14843,
24/06/2022,,0.227066308,0.719859481,0.028181715,14841.7998,
25/06/2022,,,,,,
26/06/2022,,,,,,
27/06/2022,,0.227298558,0.721750677,0.028208744,14841,
28/06/2022,,0.227195263,0.721834064,0.028281342,14791,
29/06/2022,,0.227557182,0.720736325,0.028441411,14857,
30/06/2022,,0.227412283,0.718060672,0.028507898,14877,
01/07/2022,,0.22701475,0.719352007,0.028309364,14921.90039,
02/07/2022,,,,,,
03/07/2022,0,,,,,
04/07/2022,0,0.227040529,0.716743112,0.028105676,14931,
05/07/2022,0,0.226731658,0.716527402,0.028008852,15008,
06/07/2022,0,0.226398021,0.7118451,0.027802492,15037,
07/07/2022,0,0.226142019,0.712047875,0.027658693,15010,
08/07/2022,0,0.225963175,0.71416837,0.027723102,14964.59961,
09/07/2022,0,,,,,
10/07/2022,0,,,,,
11/07/2022,0,0.226014242,0.714878082,0.027886223,14970,
12/07/2022,0,0.226014242,0.711758971,0.027599912,14989.09961,
13/07/2022,0,0.225504562,0.710439205,0.027627362,15010,
14/07/2022,0,0.225504562,0.710727036,0.027599912,15030.40039,57580
15/07/2022,0,0.225149155,0.712961614,0.027374761,15037.09961,57280
16/07/2022,0,,,,,55800
17/07/2022,0,,,,,55630
18/07/2022,0,0.224895999,0.715415061,0.027352296,14986,55860
19/07/2022,0,0.22469385,0.715870798,0.027255384,14977,55650
20/07/2022,0,0.224845409,0.718710959,0.027342573,14960.7998,55480
21/07/2022,0,0.22474435,0.717885435,0.027273966,15022,53890
22/07/2022,0,0.224492073,0.719735146,0.027209405,15004.2002,52740
23/07/2022,0,,,,,53190
24/07/2022,0,,,,,52360
25/07/2022,0,0.22474435,0.719942391,0.027293321,15011,50890
26/07/2022,49.50915254,0.224668607,0.721485138,0.027280664,14978,49400
27/07/2022,0,0.224542499,0.719942391,0.027249441,14982.7998,48280
28/07/2022,0,0.224416524,0.723746061,0.027294811,14914.2002,47180
29/07/2022,0,0.224719107,0.72511059,0.027483854,14849.09961,45930
30/07/2022,0,,,,,46420
31/07/2022,0,,,,,45740
01/08/2022,0,0.224820152,0.723850906,0.027553523,14826,44190
02/08/2022,0,0.224719107,0.726638615,0.027698528,14838,42350
03/08/2022,0,0.224567696,0.7227,0.027622022,14890.09961,
04/08/2022,0,0.22446689,0.724223077,0.027593818,14900,42150
05/08/2022,0,0.224416524,0.727087677,0.027917365,14884.7002,40620
06/08/2022,0,,,,,40460
07/08/2022,0,,,,,39390
08/08/2022,0,0.224542499,0.72352618,0.027972028,14886,38090
09/08/2022,0,0.224391341,0.725557745,0.028145229,14831.2002,37360
10/08/2022,0,0.224567696,0.725531459,0.028304556,14856.7002,36850
11/08/2022,0,0.22446689,0.730566919,0.028312571,14756.90039,35990
12/08/2022,0,0.225073159,0.73014015,0.02840909,14724.2002,35870
13/08/2022,0,,,,,34870
14/08/2022,0,,,,,34210
15/08/2022,0,0.225133955,0.729607463,0.028328612,14661,33430
16/08/2022,0,0.224366173,0.72562623,0.028138101,14776.40039,33720
17/08/2022,0,0.224014327,0.725373566,0.028270148,14747.09961,32760
18/08/2022,0,0.223939091,0.723903298,0.028184893,14764.09961,32560
19/08/2022,0,0.22361359,0.721761107,0.028066235,14845.7002,32720
20/08/2022,0,,,,,32430
21/08/2022,0,,,,,31260
22/08/2022,0,0.223513633,0.718339205,0.027944669,14831,31970
23/08/2022,0,0.223089784,0.715819657,0.027685493,14933.5,32250
24/08/2022,0,0.222702265,0.718055487,0.027743101,14850,31210
25/08/2022,0,0.222890899,0.717566013,0.027733866,14845,30910
26/08/2022,0,0.223713651,0.719838798,0.02792516,14773,30560
27/08/2022,0,,,,,30870
28/08/2022,0,,,,,30260
29/08/2022,0,0.223964155,0.71568644,0.027555799,14811,30680
30/08/2022,0,0.223239213,0.716722608,0.027533039,14895,29950
31/08/2022,0,0.223513633,0.715512276,0.027443124,14850,29260
01/09/2022,0,0.223538622,0.714985371,0.02730599,14855,29000
02/09/2022,0,0.223289058,0.713500857,0.027197562,14902.09961,28950
03/09/2022,0,,,,,28890
04/09/2022,0,,,,,29190
05/09/2022,0,0.223139569,0.712605953,0.027225701,14890,28800
06/09/2022,0,0.222727075,0.713200629,0.027367268,14882.2998,28970
07/09/2022,0,0.222321019,0.710762382,0.027256869,14904,29370
08/09/2022,0,0.222271606,0.711698174,0.027382256,14865.2998,29450
09/09/2022,0,0.222518921,0.712326825,0.027464982,14892.2998,30010
10/09/2022,0,,,,,30170
11/09/2022,0,,,,,30380
12/09/2022,0,0.222444668,0.715307593,0.027495189,14823,30370
13/09/2022,0,0.222172856,0.716691732,0.027572514,14858.7002,31520
14/09/2022,0,0.222098827,0.711439967,0.027322406,14954.90039,31300
15/09/2022,0,0.221018896,0.711541176,0.027300026,14915,32350
16/09/2022,0,0.220628798,0.709622502,0.027070927,14933.59961,32690
17/09/2022,0,,,,,32810
18/09/2022,0,,,,,32810
19/09/2022,0,0.220628798,0.711439967,0.027173914,14946,32880
20/09/2022,0,0.21990104,0.71051991,0.027100271,14985.7998,32930
21/09/2022,0,0.219490767,0.7091344,0.027041644,15008.59961,33220
22/09/2022,0,0.219780207,0.705019712,0.026874498,15019,33540
23/09/2022,0,0.219058052,0.705248475,0.026759433,15026.59961,33450
24/09/2022,0,,,,,32980
25/09/2022,0,,,,,33240
26/09/2022,0,0.21853146,0.699261546,0.026609898,15031,33260
27/09/2022,0,0.218483716,0.696252763,0.026351154,15204,34030
28/09/2022,0,0.216990337,0.695081592,0.026336581,15167.2002,33840
29/09/2022,0,0.216076076,0.696165502,0.026378265,15175.2998,33790
30/09/2022,0,0.2159594,0.698689997,0.026411707,15175.2002,33450
01/10/2022,0,,,,,33520
02/10/2022,0,,,,,32860
03/10/2022,0,0.215773001,0.696621358,0.026438938,15221,33550
04/10/2022,0,0.21526207,0.699007392,0.026457826,15290,34030
05/10/2022,0,0.215633437,0.702824652,0.02673368,15180,34080
06/10/2022,0,0.216029376,0.703037143,0.026709402,15206.7002,34230
07/10/2022,0,0.215749726,0.699790061,0.026789542,15215.7998,34390
08/10/2022,0,,,,,34430
09/10/2022,0,,,,,34650
10/10/2022,0,0.215169445,0.697204232,0.02660282,15246,34720
11/10/2022,0,0.215146303,0.695840955,0.026322715,15343,34240
12/10/2022,0,0.21408692,0.695129931,0.026253609,15338.5,34830
13/10/2022,0,0.213675216,0.697004974,0.026392188,15318.59961,33890
14/10/2022,0,0.213219613,0.698792458,0.026301946,15364,34240
15/10/2022,0,,,,,33760
16/10/2022,0,,,,,33760
17/10/2022,0,0.212788597,0.701562405,0.026123302,15420,33950
18/10/2022,0,0.212111577,0.70377928,0.026260503,15441.40039,34360
19/10/2022,0,0.212089077,0.704289794,0.026267402,15466.2002,34070
20/10/2022,0,0.211954221,0.70136559,0.026109662,15620,33580
21/10/2022,0,0.211550653,0.701828241,0.02617801,15562,34030
22/10/2022,0,,,,,33960
23/10/2022,0,,,,,33500
24/10/2022,0,0.211170956,0.705865741,0.02628121,15626,34660
25/10/2022,0,0.211170956,0.703690171,0.026171161,15586.5,34050
26/10/2022,0,0.211304799,0.705835879,0.026350461,15549,34360
27/10/2022,0,0.212269157,0.712550163,0.026525198,15502.7002,34060
28/10/2022,0,0.212179095,0.709395945,0.026462026,15554.2002,34200
29/10/2022,0,,,,,33650
30/10/2022,0,,,,,33020
31/10/2022,0,0.211864412,0.708300591,0.026407521,15549.2002,33070
01/11/2022,0,0.211864412,0.706673861,0.026274303,15649,33330
02/11/2022,0,0.211237848,0.70691359,0.026520275,15690,33280
03/11/2022,0,0.211148649,0.705268383,0.026431952,15696,33470
04/11/2022,0,0.210881487,0.703323901,0.02630748,15780,35230
05/11/2022,0,,,,,37020
06/11/2022,0,,,,,37460
07/11/2022,0,0.210725948,0.710116267,0.026714398,15609.5,38630
08/11/2022,0,0.210725948,0.71359247,0.026809651,15675,37240
09/11/2022,0,0.211237848,0.715333164,0.027092928,15645,35530
10/11/2022,0,0.213242352,0.713572145,0.02712968,15671.5,35560
11/11/2022,0,0.212856531,0.722825348,0.027654868,15500,35390
12/11/2022,0,,,,,34600
13/11/2022,0,,,,,34300
14/11/2022,0,0.216216221,0.727563798,0.027763894,15473.90039,34510
15/11/2022,0,0.217746317,0.728411734,0.028023766,15530.09961,34460
16/11/2022,93.41349536,0.219178081,0.72982043,0.028134936,15557,34130
17/11/2022,0,0.220143095,0.729943037,0.027931402,15655,33920
18/11/2022,0,0.219717443,0.727235734,0.027901785,15720,34180
19/11/2022,0,,,,,33440
20/11/2022,0,,,,,34020
21/11/2022,0,0.219717443,0.727267444,0.027968116,15629.40039,34330
22/11/2022,0,0.218507603,0.723955691,0.027555799,15755,34510
23/11/2022,0,0.218938142,0.725721002,0.027708506,15671,34980
24/11/2022,0,0.218722656,0.726575196,0.027793219,15619.59961,34560
25/11/2022,0,0.222593218,0.727029502,0.027948575,15605,34170
26/11/2022,0,,,,,34360
27/11/2022,0,,,,,33870
28/11/2022,0,0.223338917,0.725310385,0.027811769,15675.09961,34270
29/11/2022,0,0.223463699,0.725136876,0.02794545,15746,34010
30/11/2022,0,0.22191155,0.727092922,0.028235029,15726.5,33490
01/12/2022,0,0.223448709,0.735672772,0.0285144,15634.5,33290
02/12/2022,0,0.22714366,0.738989115,0.028743891,15355.5,33200
03/12/2022,0,,,,,32770
04/12/2022,0,,,,,32600
05/12/2022,0,0.22802417,0.740559697,0.028843382,15421,33100
06/12/2022,0,0.22904259,0.737408757,0.028538812,15520.2998,33260
07/12/2022,0,0.22766079,0.735992193,0.028541258,15623,33220
08/12/2022,0,0.227531284,0.737914801,0.028653294,15596,33030
09/12/2022,0,0.227505401,0.739262223,0.028793551,15590,32630
10/12/2022,0,,,,,33050
11/12/2022,0,,,,,32540
12/12/2022,0,0.227221087,0.738705218,0.028811801,15582,32570
13/12/2022,0,0.226526216,0.738317966,0.028702641,15676.2998,32170
14/12/2022,0,0.225937635,0.742506266,0.028910089,15554.7002,32490
15/12/2022,0,0.227894261,0.742043436,0.028968714,15481,32590
16/12/2022,0,0.226551875,0.735067129,0.028503021,15626,33060
17/12/2022,0,,,,,33100
18/12/2022,0,,,,,33120
19/12/2022,0,0.226142019,0.735938072,0.028719127,15615.90039,33660
20/12/2022,0,0.226090893,0.737305462,0.028702641,15567.5,32990
21/12/2022,0,0.225682676,0.740148664,0.028851703,15556,32910
22/12/2022,0,0.225529999,0.740356863,0.028860027,15513,33210
23/12/2022,0,0.226142019,0.739973366,0.028710879,15563,32760
24/12/2022,0,,,,,33430
25/12/2022,0,,,,,33520
26/12/2022,0,0.226116449,0.739809155,0.028894218,15565.90039,32840
27/12/2022,0,0.226116449,0.742500782,0.028851703,15607,32870
28/12/2022,0,0.226244345,0.742059946,0.028885039,15617.5,32700
29/12/2022,0,0.226244345,0.741158009,0.028818443,15789,32920
30/12/2022,0,0.226244345,0.744313419,0.028918449,15620,33600
31/12/2022,0,,,,,32740
01/01/2023,0,,,,,31930
02/01/2023,0,0.22714366,0.74776423,0.029033475,15508.7998,32630
03/01/2023,0,0.22714366,0.745600939,0.02899391,15550,32270
04/01/2023,0,0.227092087,0.743306518,0.029086677,15571.7998,32590
05/01/2023,0,0.227169469,0.745467603,0.029508971,15560,32570
06/01/2023,0,0.228050157,0.743207097,0.029377202,15620,32810
07/01/2023,0,,,,,32750
08/01/2023,0,,,,,32230
09/01/2023,0,0.227221087,0.749743223,0.029737126,15602.2998,32310
10/01/2023,0,0.228675961,0.751653671,0.029924888,15580,32570
11/01/2023,0,0.22883296,0.750948071,0.029895365,15528.90039,33080
12/01/2023,0,0.228885338,0.7518062,0.029974222,15414,33080
13/01/2023,0,0.229515731,0.756160855,0.030209653,15172,33460
14/01/2023,0,,,,,33980
15/01/2023,0,,,,,33500
16/01/2023,0,0.230813622,0.75763315,0.030417327,15114.7998,33880
17/01/2023,0,0.231830299,0.757581472,0.030284675,15082,33870
18/01/2023,0,0.231267348,0.75763315,0.030303031,15162,34150
19/01/2023,0,0.231964752,0.757506907,0.030303031,15096,34000
20/01/2023,0,0.232234076,0.756944954,0.030413624,15141,34510
21/01/2023,0,,,,,34610
22/01/2023,0,,,,,34760
23/01/2023,0,0.233481199,0.758345604,0.030568887,15055.90039,34830
24/01/2023,0,0.233535722,0.75855267,0.030571692,15007,34870
25/01/2023,0,0.233535722,0.757707775,0.030515715,14955.5,35420
26/01/2023,0,0.233481199,0.762322962,0.030552076,14938.7002,35870
27/01/2023,0,0.235682294,0.76271832,0.030506408,14942.5,35810
28/01/2023,0,,,,,36050
29/01/2023,0,,,,,36550
30/01/2023,0,0.235765651,0.762148619,0.030520372,14970.40039,36430
31/01/2023,0,0.235765651,0.760919154,0.030525032,14995,36190
01/02/2023,0,0.234560087,0.761092961,0.030427504,14990.7002,36670
02/02/2023,0,0.23454906,0.766183674,0.030560479,14855,37220
03/02/2023,0,0.235682294,0.763050079,0.030257186,14881,37680
04/02/2023,0,,,,,37830
05/02/2023,0,,,,,38280
06/02/2023,0,0.234990016,0.754830897,0.02982315,15078.7998,37970
07/02/2023,0,0.23460412,0.753465891,0.029629629,15200,37870
08/02/2023,0,0.23250407,0.755743682,0.0298454,15147,38170
09/02/2023,0,0.232693419,0.754227459,0.029864118,15117,37840
10/02/2023,0,0.231910959,0.75450629,0.029797377,15140,37490
11/02/2023,0,,,,,37990
12/02/2023,0,,,,,37510
13/02/2023,0,0.230946884,0.752100229,0.030004801,15182.2002,36570
14/02/2023,0,0.229357794,0.752989352,0.029594554,15211,37100
15/02/2023,0,0.230043709,0.752751291,0.0295421,15179,35980
16/02/2023,0,0.227790445,0.748800099,0.029189412,15210,36330
17/02/2023,0,0.227195263,0.74793756,0.029069766,15142,36420
18/02/2023,0,,,,,35890
19/02/2023,0,,,,,35290
20/02/2023,0,0.225759104,0.747926354,0.029055409,15159,35130
21/02/2023,0,0.225835592,0.748536587,0.029081602,15162.5,35360
22/02/2023,0,0.225733638,0.746140599,0.028860027,15233,35190
23/02/2023,0,0.225275964,0.746157348,0.028860027,15192,35400
24/02/2023,0,0.225657225,0.744695961,0.02880848,15210,34820
25/02/2023,0,,,,,34960
26/02/2023,0,,,,,35040
27/02/2023,0,0.225580871,0.740965784,0.028621312,15257.7002,35020
28/02/2023,0,0.223563597,0.742666125,0.028579593,15209,35060
01/03/2023,0,0.222965434,0.741658211,0.028400216,15240,35020
02/03/2023,0,0.223713651,0.745200872,0.028828414,15243,35160
03/03/2023,0,0.223563597,0.74220866,0.028719127,15322,35210
04/03/2023,0,,,,,34490
05/03/2023,0,,,,,34960
06/03/2023,0,0.223538622,0.743400455,0.028957808,15255.09961,35380
07/03/2023,0,0.223538622,0.743417025,0.029041909,15352,34630
08/03/2023,0,0.22343871,0.738301635,0.028527414,15437,34520
09/03/2023,0,0.2211411,0.738989115,0.02853637,15450,34400
10/03/2023,0,0.221287891,0.738978148,0.028571429,15489,34340
11/03/2023,0,,,,,34790
12/03/2023,0,,,,,33970
13/03/2023,0,0.221385866,0.742181122,0.028914269,15472.59961,34580
14/03/2023,0,0.222504064,0.742500782,0.028968714,15409,34250
15/03/2023,0,0.223114684,0.743450165,0.028950263,15372,34260
16/03/2023,0,0.223149538,0.740186989,0.028935185,15479,34560
17/03/2023,0,0.222222224,0.742958605,0.029044438,15422,35040
18/03/2023,0,,,,,35070
19/03/2023,0,,,,,35040
20/03/2023,0,0.223064914,0.746034801,0.029361678,15368.5,35090
21/03/2023,0,0.223040029,0.747831285,0.029380657,15340,35380
22/03/2023,0,0.223713651,0.748066247,0.029058788,15294,35370
23/03/2023,0,0.224592939,0.752100229,0.02923122,15251,34900
24/03/2023,0,0.226474911,0.75329566,0.029385837,15047,34680
25/03/2023,0,,,,,34190
26/03/2023,0,,,,,33760
27/03/2023,0,0.225963175,0.750959337,0.02924832,15148,34380
28/03/2023,0,0.226346746,0.751523733,0.029061319,15107.5,33570
29/03/2023,0,0.226886004,0.753352463,0.02921414,15061,33550
30/03/2023,0,0.226249471,0.752315283,0.029265439,15031.5,33160
31/03/2023,0,0.226244345,0.753051758,0.029312618,15020,33610
01/04/2023,0,,,,,33180
02/04/2023,0,,,,,32200
03/04/2023,0,0.226731658,0.749675751,0.02917153,14988,32240
04/04/2023,0,0.226398021,0.754090965,0.029239766,14915,31750
05/04/2023,0,0.227066308,0.754677117,0.029403118,14958,32090
06/04/2023,0,0.227427796,0.752898693,0.029463761,14956,31770
07/04/2023,0,0.227453649,0.751631021,0.029308325,14932,31410
08/04/2023,0,,,,,31440
09/04/2023,0,,,,,30990
10/04/2023,0,0.226731658,0.751546323,0.029265439,14906,31430
11/04/2023,0,0.226705968,0.750694394,0.029103609,14955,31390
12/04/2023,0,0.226449281,0.750553548,0.029180041,14913,31430
13/04/2023,0,0.226757377,0.753363788,0.029306604,14823.5,31410
14/04/2023,0,0.227376089,0.756944954,0.029410901,14720,31410
15/04/2023,0,,,,,31580
16/04/2023,0,,,,,30270
17/04/2023,0,0.227298558,0.750897288,0.029120559,14693,30590
18/04/2023,0,0.226269946,0.749642074,0.028998114,14860,30990
19/04/2023,0,0.225631759,0.750683129,0.02917153,14890,31540
20/04/2023,0,0.225861102,0.749170303,0.02905203,15006,32020
21/04/2023,0,0.225453719,0.750919878,0.02915452,14946,31820
22/04/2023,0,,,,,31180
23/04/2023,0,,,,,29990
24/04/2023,0,0.225479141,0.749827564,0.029114624,14838,30820
25/04/2023,0,0.225463897,0.750581741,0.02916302,14945,30860
26/04/2023,0,0.225073159,0.747479141,0.029146021,14935,31410
27/04/2023,0,0.22446689,0.749372423,0.029299736,14841.5,31110
28/04/2023,0,0.224215239,0.749091744,0.029337559,14684,31550
29/04/2023,0,,,,,30970
30/04/2023,0,,,,,31070
01/05/2023,0,0.224315822,0.749288201,0.029299736,14663,30610
02/05/2023,0,0.224315822,0.748088598,0.029244896,14671.5,31620
03/05/2023,0,0.224114746,0.749619544,0.029351335,14752.5,31880
04/05/2023,0,0.22469385,0.751919329,0.0295421,14680.5,31590
05/05/2023,0,0.224668607,0.753579497,0.029603317,14700,31600
06/05/2023,0,,,,,31720
07/05/2023,0,,,,,31780
08/05/2023,0,0.225504562,0.754147828,0.029533371,14668,32340
09/05/2023,27.29931287,0.225479141,0.754568875,0.029577047,14750,32660
10/05/2023,0,0.224870697,0.753551126,0.029700032,14767,33510
11/05/2023,0,0.224870697,0.75522995,0.029735355,14691,32880
12/05/2023,0,0.224089637,0.751314819,0.029601561,14770.5,32930
13/05/2023,0,,,,,32970
14/05/2023,0,,,,,32260
15/05/2023,0,0.223388806,0.74704355,0.029515937,14743,31620
16/05/2023,0,0.222469419,0.74838537,0.029620854,14795,32400
17/05/2023,0,0.222617984,0.746380031,0.029343585,14885,32520
18/05/2023,0,0.221238941,0.745045424,0.02919708,14876.5,32790
19/05/2023,0,0.220555797,0.741856277,0.029061319,14916,32170
20/05/2023,0,,,,,33050
21/05/2023,0,,,,,31990
22/05/2023,0,0.220458567,0.743787527,0.029173231,14918,32030
23/05/2023,0,0.219997808,0.743052423,0.029019153,14886,32670
24/05/2023,0,0.218962118,0.742555916,0.028893383,14895,32080
25/05/2023,0,0.217912391,0.741300881,0.028855033,14945.90039,32300
26/05/2023,0,0.216309756,0.7381109,0.02879438,14970,32430
27/05/2023,0,,,,,32810
28/05/2023,0,,,,,31950
29/05/2023,25.49935818,0.217462227,0.739120185,0.028793551,14948,31760
30/05/2023,0,0.21727322,0.738546968,0.028810142,14960,31970
31/05/2023,0,0.21748586,0.74030751,0.028818443,14979,31880
01/06/2023,0,0.216778666,0.740028143,0.028876696,14984,31710
02/06/2023,0,0.216872692,0.742500782,0.028918449,14907,31800
03/06/2023,0,,,,,32180
04/06/2023,29.99924491,,,,,31800
05/06/2023,0,0.218579248,0.740356863,0.028702641,14983,31060
06/06/2023,0,0.218579248,0.741141498,0.028768701,14849.5,31380
07/06/2023,0,0.217155263,0.742037892,0.028791063,14872,31890
08/06/2023,0,0.217155263,0.741592228,0.028733155,14889,32140
09/06/2023,0,0.216590852,0.744934499,0.028899228,14836,31440
10/06/2023,0,,,,,31980
11/06/2023,0,,,,,31930
12/06/2023,0,0.216849193,0.744407594,0.028910089,14833,32790
13/06/2023,0,0.216567412,0.744418681,0.028893383,14871.5,32730
14/06/2023,0,0.216731697,0.745073199,0.028843382,14869,33310
15/06/2023,0,0.216497079,0.745895743,0.028870028,14909,33920
16/06/2023,0,0.216286376,0.74822855,0.028918449,14897,33870
17/06/2023,0,,,,,34750
18/06/2023,0,,,,,34580
19/06/2023,0,0.216825679,0.747831285,0.028835064,14928,34880
20/06/2023,0,0.216216221,0.745856762,0.028787749,15008,35460
21/06/2023,0,0.215610176,0.744529545,0.028720776,15016,36380
22/06/2023,0,0.215331614,0.746413469,0.028759599,14943,36790
23/06/2023,0,0.215146303,0.743649244,0.028485971,14935,37090
24/06/2023,0,,,,,36480
25/06/2023,0,,,,,36180
26/06/2023,0,0.213949516,0.739814579,0.02840909,14987,37600
27/06/2023,0,0.21408692,0.738863468,0.028392958,15039,37800
28/06/2023,0,0.214500204,0.740932822,0.028352708,14982.5,37980
29/06/2023,0,0.214178622,0.739300489,0.02809778,14981,35760
30/06/2023,0,0.214178622,0.737365246,0.028074117,15064,36660
01/07/2023,0,,,,,37600
02/07/2023,0,,,,,38190
03/07/2023,0,0.214362279,0.739371538,0.028328612,14986,37810
04/07/2023,0,0.214385241,0.740351379,0.028546961,15056,37290
05/07/2023,0,0.215076894,0.741201937,0.028695229,15010,37780
06/07/2023,0,0.215053752,0.738978148,0.028600845,15077,37510
07/07/2023,0,0.214592278,0.739103734,0.028425241,15189.2998,37950
08/07/2023,0,,,,,36960
09/07/2023,0,,,,,36370
10/07/2023,0,0.214270413,0.743052423,0.028465698,15128,36940
11/07/2023,0,0.214224502,0.743848383,0.028538812,15216,36600
12/07/2023,0,0.214799702,0.746090472,0.028776979,15156.7998,36570
13/07/2023,0,0.215146303,0.752185106,0.028865026,14928,36190
14/07/2023,0,0.218007416,0.756143689,0.028943561,14954,36210
15/07/2023,0,,,,,37080
16/07/2023,0,,,,,36180
17/07/2023,0,0.221067756,0.75676167,0.028876696,14951,35330
18/07/2023,0,0.22040996,0.756486893,0.028910089,14982.5,35410
19/07/2023,0,0.220264316,0.755983591,0.029368576,14986,35760
20/07/2023,0,0.220264316,0.754842341,0.029416956,14992,35640
21/07/2023,0,0.220264316,0.753977239,0.02924832,15051.5,35190
22/07/2023,0,,,,,34490
23/07/2023,0,,,,,34060
24/07/2023,0,0.219130054,0.751252711,0.029069766,15018,34120
25/07/2023,0,0.218770504,0.750835299,0.028943561,15021.5,33400
26/07/2023,0,0.218770504,0.753108501,0.02907991,15032,32920
27/07/2023,0,0.219780207,0.754261613,0.029219262,15007,31570
28/07/2023,0,0.221336871,0.751399457,0.029024208,15095,31390
29/07/2023,0,,,,,31080
30/07/2023,0,,,,,30880
31/07/2023,0,0.219683647,0.751156807,0.029205605,15088,31140
01/08/2023,0,0.220848069,0.752026677,0.02920902,15104,30150
02/08/2023,0,0.221263424,0.74926573,0.02916302,15131,30020
03/08/2023,0,0.219563067,0.745473146,0.029027576,15220,29900
04/08/2023,0,0.220191568,0.745990276,0.028935185,15161,30100
05/08/2023,0,,,,,30040
06/08/2023,0,,,,,29890
07/08/2023,0,0.219659537,0.746591806,0.028876696,15163,30110
08/08/2023,0,0.219466701,0.746045947,0.028719127,15232,29670
09/08/2023,0,0.21834062,0.741966367,0.028571429,15207.2002,29140
10/08/2023,0,0.21889022,0.742870271,0.0285266,15207,29920
11/08/2023,0,0.218842328,0.741031647,0.028473806,15259,28990
12/08/2023,0,,,,,29270
13/08/2023,0,,,,,29100
14/08/2023,0,0.218126297,0.739005446,0.028502209,15317,28800
15/08/2023,0,0.216590852,0.737669826,0.0283849,15347,29010
16/08/2023,0,0.215842873,0.7362957,0.02824061,15311.5,29230
17/08/2023,0,0.216122761,0.735099494,0.028193632,15362,28580
18/08/2023,0,0.215053752,0.736436665,0.028193632,15362.5,27830
19/08/2023,0,,,,,27880
20/08/2023,0,,,,,28350
21/08/2023,0,0.215285257,0.737060905,0.028272549,15278,28620
22/08/2023,0,0.215215743,0.73676765,0.028417164,15318.90039,28600
23/08/2023,0,0.215238914,0.736604869,0.02855511,15317,27720
24/08/2023,0,0.215238914,0.739754438,0.028650833,15294.09961,27470
25/08/2023,0,0.215377986,0.737028301,0.028579593,15239,27240
26/08/2023,0,,,,,26940
27/08/2023,72,,,,,27040
28/08/2023,0,0.215633437,0.737767816,0.028516838,15288,28070
29/08/2023,0,0.214961305,0.737931132,0.0283849,15255.5,27540
30/08/2023,0,0.215377986,0.741015196,0.028571429,15196.5,26520
31/08/2023,0,0.215633437,0.740921855,0.028575512,15216,25430
01/09/2023,0,0.215633437,0.740576208,0.028569797,15231,25580
02/09/2023,0,,,,,25150
03/09/2023,0,,,,,25230
04/09/2023,0,0.215285257,0.738596082,0.028490029,15233,24650
05/09/2023,0,0.214938194,0.738007367,0.028359944,15227,24680
06/09/2023,0,0.215401188,0.734851003,0.028212724,15298,24380
07/09/2023,0,0.214041099,0.73310554,0.028128605,15336,23430
08/09/2023,0,0.213812277,0.732348561,0.028064661,15342,23750
09/09/2023,0,,,,,23610
10/09/2023,0,,,,,23550
11/09/2023,0,0.213949516,0.733406663,0.028169014,15318,23570
12/09/2023,0,0.214041099,0.735002279,0.028169014,15339.09961,23370
13/09/2023,0,0.21390374,0.734932065,0.02809778,15350.2002,23630
14/09/2023,0,0.21390374,0.734726846,0.027979853,15353,23350
15/09/2023,0,0.213720888,0.732971251,0.027948575,15395,23150
16/09/2023,0,,,,,22640
17/09/2023,0,,,,,22520
18/09/2023,0,0.213606745,0.733810306,0.028003361,15346,22800
19/09/2023,0,0.213378847,0.733449697,0.028038694,15377,22700
20/09/2023,0,0.213037938,0.732955158,0.027770836,15384.5,23050
21/09/2023,0,0.213515535,0.731935799,0.027601436,15361,23160
22/09/2023,0,0.213265076,0.731764436,0.027685493,15400.5,23270
23/09/2023,0,,,,,23470
24/09/2023,0,,,,,23430
25/09/2023,0,0.213447168,0.732160866,0.027800944,15368,23590
26/09/2023,0,0.213538319,0.731951892,0.027667109,15405,23360
27/09/2023,0,0.213333338,0.730513573,0.027474793,15493,23960
28/09/2023,0,0.212494701,0.728369236,0.02727025,15569,23810
29/09/2023,0,0.212494701,0.732042968,0.027347809,15474,23520
30/09/2023,0,,,,,23070
01/10/2023,0,,,,,23140
02/10/2023,0,0.213092402,0.731561005,0.027267274,15448,22970
03/10/2023,0,0.212111577,0.728157103,0.02700951,15516,22790
04/10/2023,100,0.211774662,0.728104055,0.026961446,15622,21860
05/10/2023,0,0.211461186,0.728979826,0.027088525,15591,22220
06/10/2023,0,0.211640209,0.731330931,0.02707459,15631,22550
07/10/2023,0,,,,,22160
08/10/2023,0,,,,,22530
09/10/2023,0,0.212269157,0.732064366,0.027070927,15603,22990
10/10/2023,0,0.21143885,0.733089507,0.027092928,15691.40039,23840
11/10/2023,0,0.211685017,0.733810306,0.027350053,15718.5,24140
12/10/2023,0,0.212044105,0.733901918,0.027457442,15693,23370
13/10/2023,0,0.212314218,0.730220199,0.027473284,15739,23870
14/10/2023,0,,,,,23790
15/10/2023,0,,,,,22960
16/10/2023,0,0.211595431,0.730444193,0.027635759,15676,23010
17/10/2023,0,0.21126017,0.730769813,0.027552765,15675,23430
18/10/2023,0,0.211237848,0.7309407,0.027502749,15728.2002,23040
19/10/2023,0,0.210881487,0.72838515,0.02752622,15807,23100
20/10/2023,0,0.209973767,0.728533745,0.02750729,15856,23190
21/10/2023,0,,,,,22870
22/10/2023,0,,,,,22600
23/10/2023,0,0.209863588,0.728570879,0.027374761,15868,22940
24/10/2023,0,0.209863588,0.731673419,0.027556559,15874,23100
25/10/2023,0,0.208877295,0.731020868,0.027654868,15868,22600
26/10/2023,0,0.2093364,0.728693008,0.027609054,15877.5,22810
27/10/2023,0,0.209038839,0.730625629,0.027609054,15920,23370
28/10/2023,0,,,,,23040
29/10/2023,0,,,,,24160
30/10/2023,0,0.209380239,0.729895055,0.027702367,15903.5,23330
31/10/2023,0,0.210084021,0.732718825,0.027847396,15843,24470
01/11/2023,0,0.210084021,0.730460227,0.027700832,15748.7002,23320
02/11/2023,0,0.209687561,0.731892943,0.02776775,15900,24130
03/11/2023,0,0.210570648,0.732643664,0.02780945,15838,24080
04/11/2023,0,,,,,24340
05/11/2023,0,,,,,24090
06/11/2023,0,0.211595431,0.738792539,0.028154736,15582.09961,23960
07/11/2023,0,0.215842873,0.740411639,0.02817695,15570,24570
08/11/2023,0,0.215842873,0.738307059,0.028171394,15643.59961,25030
09/11/2023,0,0.213615865,0.737517476,0.028145229,15616,25160
10/11/2023,0,0.213219613,0.73496443,0.027960297,15713.7002,25300
11/11/2023,0,,,,,25740
12/11/2023,0,,,,,26180
13/11/2023,0,0.213219613,0.735304952,0.027717723,15683,27250
14/11/2023,0,0.212494701,0.735954285,0.027785495,15667,28210
15/11/2023,0,0.211976677,0.741147041,0.028171394,15281,28630
16/11/2023,0,0.214132756,0.740740716,0.028168222,15487.7998,28440
17/11/2023,0,0.214132756,0.742357433,0.028413126,15475,28720
18/11/2023,0,,,,,29930
19/11/2023,0,,,,,29480
20/11/2023,0,0.214132756,0.744307876,0.028485971,15399.40039,28950
21/11/2023,0,0.214477211,0.747624457,0.028447075,15382.09961,29550
22/11/2023,0,0.215053752,0.74753499,0.028475426,15501.2998,29560
23/11/2023,57,0.213880867,0.745117605,0.028378457,15612.7998,29690
24/11/2023,0,0.213835135,0.745934665,0.028349495,15495,29530
25/11/2023,0,,,,,29590
26/11/2023,0,,,,,29430
27/11/2023,0,0.213538319,0.746307611,0.028270148,15560,28900
28/11/2023,0,0.213583931,0.748329341,0.028576327,15466.5,29650
29/11/2023,0,0.214109853,0.751772344,0.028851703,15259,30140
30/11/2023,0,0.214109853,0.750508487,0.028733982,15407,30570
01/12/2023,0,0.214730516,0.74797672,0.028363163,15549.2998,31080
02/12/2023,0,,,,,30870
03/12/2023,0,,,,,31640
04/12/2023,0,0.214109853,0.750457764,0.028791063,15437.40039,31100
05/12/2023,0,0.214132756,0.747585297,0.02839699,15519.90039,31140
06/12/2023,0,0.214500204,0.746045947,0.028376844,15457,31330
07/12/2023,0,0.214293361,0.745361984,0.028411513,15480,30590
08/12/2023,0,0.214041099,0.746508181,0.028481914,15500,31050
09/12/2023,0,,,,,30970
10/12/2023,0,,,,,30630
11/12/2023,0,0.214477211,0.745539784,0.028199198,15560.2002,31410
12/12/2023,0,0.213675216,0.744141757,0.028026905,15647,31450
13/12/2023,0,0.213583931,0.745628715,0.02805049,15569,31970
14/12/2023,0,0.212879181,0.750311375,0.028500583,15275,31860
15/12/2023,0,0.214132756,0.752824962,0.028669724,15468,32010
16/12/2023,0,,,,,32230
17/12/2023,0,,,,,32860
18/12/2023,0,0.214132756,0.75006938,0.028610667,15282.7998,33450
19/12/2023,0,0.21315144,0.750688732,0.028620493,15454.40039,34760
20/12/2023,0,0.213583931,0.752841949,0.028710879,15455,33300
21/12/2023,0,0.21477662,0.750914276,0.028609848,15518,34160
22/12/2023,0,0.214915112,0.753863513,0.028830906,15440,33340
23/12/2023,0,,,,,33670
24/12/2023,0,,,,,34230
25/12/2023,0,0.214915112,0.75645256,0.029074838,15409.2002,34590
26/12/2023,0,0.216006055,0.754944921,0.028978787,15460,34330
27/12/2023,0,0.215703189,0.755914986,0.029009892,15400,34830
28/12/2023,0,0.216122761,0.757822633,0.029244041,15373,35720
29/12/2023,0,0.217155263,0.757690549,0.02916302,15425,37190
30/12/2023,0,,,,,35500
31/12/2023,0,,,,,36790
01/01/2024,0,0.217746317,0.758127153,0.029052878,15383.09961,37020
02/01/2024,0,0.217746317,0.757977664,0.029132435,15383,37300
03/01/2024,,0.217344061,0.75395453,0.02923122,15498,36850
04/01/2024,,0.217344061,0.752790987,0.029036006,15555,37450
05/01/2024,,0.215842873,0.752224684,0.028994754,15511,38400
06/01/2024,,,,,,38180
07/01/2024,,,,,,38200
08/01/2024,,0.214961305,0.752094567,0.02887086,15477.5,38240
09/01/2024,,0.21510002,0.752637982,0.028620493,15495.5,39210
10/01/2024,,0.215470821,0.751348674,0.028641805,15534.5,38400
11/01/2024,,0.215470821,0.75142771,0.028560819,15555,39810
12/01/2024,,0.2153548,0.752162516,0.028582046,15556.5,39760
13/01/2024,,,,,,39750
14/01/2024,,,,,,40390
15/01/2024,,0.215308443,0.750801444,0.028614761,15503.2002,39870
16/01/2024,,0.214270413,0.74965328,0.02860412,15546,39790
17/01/2024,,0.215331614,0.74491781,0.028259762,15625,40090
18/01/2024,,0.212089077,0.743837297,0.028109627,15624,39640
19/01/2024,,0.212089077,0.744202673,0.028145229,15613.09961,39890
20/01/2024,,,,,,39090
21/01/2024,,,,,,38560
22/01/2024,,0.212224111,0.746045947,0.028145229,15601,37930
23/01/2024,,0.211685017,0.745017707,0.028106468,15655.5,37580
24/01/2024,,0.211685017,0.745795608,0.028055999,15715,35990
25/01/2024,,0.211573049,0.74645251,0.028003361,15714.5,35010
26/01/2024,,0.211461186,0.746107221,0.027987685,15808,36110
27/01/2024,,,,,,35560
28/01/2024,,,,,,35360
29/01/2024,,0.211640209,0.74516201,0.028087521,15767.59961,36190
30/01/2024,,0.211327136,0.746474743,0.028224668,15828,34960
31/01/2024,,0.211617813,0.746658683,0.028287742,15785,34430
01/02/2024,,0.211550653,0.746040404,0.028130187,15769,34370
02/02/2024,,0.211613357,0.748178184,0.028330216,15726,33760
03/02/2024,,,,,,34450
04/02/2024,,,,,,33490
05/02/2024,,0.212089077,0.744330049,0.028109627,15727.2002,33120
06/02/2024,,0.210623875,0.74238497,0.027964206,15711.5,33460
07/02/2024,,0.209951714,0.744235873,0.028129395,15733,33930
08/02/2024,,0.210128188,0.744457483,0.028183306,15647,34180
09/02/2024,,0.209753543,0.742495239,0.027909571,15660.2998,34130
10/02/2024,,,,,,34090
11/02/2024,,,,,,33700
12/02/2024,,0.209973767,0.743394911,0.027876895,15598,34190
13/02/2024,,0.209973767,0.743627131,0.027877674,15579.5,34120
14/02/2024,,0.209907636,0.740159571,0.02773002,15661.5,33450
15/02/2024,,0.209073797,0.74197191,0.027735405,15553.09961,33880
16/02/2024,,0.209292591,0.743185043,0.027746947,15672,33990
17/02/2024,,,,,,34250
18/02/2024,,,,,,34870
19/02/2024,,0.209314495,0.743317604,0.027820282,15628.59961,34550
20/02/2024,,0.209008247,0.742765427,0.027685493,15634,34390
21/02/2024,,0.208494052,0.74423033,0.027793219,15661,35430
22/02/2024,,0.208659366,0.744097471,0.027901007,15642,35910
23/02/2024,,0.209424078,0.744989932,0.027831895,15588,35830
24/02/2024,,,,,,35910
25/02/2024,,,,,,36830
26/02/2024,,0.209511846,0.744418681,0.027826473,15586.09961,36070
27/02/2024,,0.209424078,0.74389261,0.02783112,15638.5,36420
28/02/2024,,0.210084021,0.744091928,0.027870679,15653,36830
29/02/2024,,0.209797546,0.742964089,0.027813317,15712.2002,36390
01/03/2024,,0.210881487,0.742986202,0.027909571,15704,36250
02/03/2024,,,,,,36740
03/03/2024,,,,,,36670
04/03/2024,,0.210837021,0.744152844,0.027935302,15691.90039,36400
05/03/2024,,0.211819515,0.744391024,0.028010421,15766,37020
06/03/2024,,0.211304799,0.74462384,0.027950918,15751.5,36890
07/03/2024,,0.211416483,0.74715519,0.028100148,15668,36660
08/03/2024,,0.211416483,0.750215709,0.028175363,15621,37160
09/03/2024,,,,,,37170
10/03/2024,,,,,,38590
11/03/2024,,0.213583931,0.751151145,0.028250184,15536.2998,38520
12/03/2024,,0.213629559,0.751783609,0.028256571,15518,37930
13/03/2024,,0.21389918,0.750570476,0.027988469,15546,38030
14/03/2024,,0.213401631,0.750824034,0.028079635,15574,37590
15/03/2024,,0.213401631,0.748334944,0.027964206,15630,37630
16/03/2024,,,,,,37640
17/03/2024,,,,,,36830
18/03/2024,,0.212675452,0.747322738,0.027855152,15639.2998,37420
19/03/2024,,0.212044105,0.746720016,0.027800944,15743,36350
20/03/2024,,0.211416483,0.744928896,0.027739251,15718,36620
21/03/2024,,0.211037248,0.746831596,0.027841968,15687,36840
22/03/2024,,0.212210611,0.744546235,0.027555041,15723.5,36670
23/03/2024,,,,,,37150
24/03/2024,,,,,,37170
25/03/2024,,0.211193234,0.741026163,0.027518643,15802.59961,37030
26/03/2024,,0.211774662,0.743024886,0.027517887,15784,37490
27/03/2024,,0.211909309,0.743339658,0.027540622,15828,37440
28/03/2024,,0.211394131,0.741449296,0.027472526,15877,37400
29/03/2024,,0.211394131,0.740845025,0.027502749,15877,37540
30/03/2024,,,,,,37470
31/03/2024,,,,,,37440
01/04/2024,,0.211774662,0.742010415,0.027470263,15848,39650
02/04/2024,,0.211550653,0.73934418,0.027329871,15945.7998,40000
03/04/2024,,0.210437715,0.740000784,0.027343323,15955,39920
04/04/2024,,0.210415572,0.741900265,0.027335847,15936,41110
05/04/2024,,0.21110408,0.741586745,0.027264299,15904.5,43310
06/04/2024,,,,,,44250
07/04/2024,,,,,,46160
08/04/2024,,0.210748166,0.741399765,0.027277688,15881,48330
09/04/2024,,0.210526317,0.74220866,0.027255384,15918,47230
10/04/2024,,0.210725948,0.743643701,0.02752546,15892.2998,
11/04/2024,,0.210725948,0.73857969,0.027233856,15998.2002,
12/04/2024,,0.210725948,0.739202082,0.027464228,16007,47420
13/04/2024,,,,,,46890
14/04/2024,,,,,,47270
15/04/2024,,0.209753543,0.735402286,0.027307482,16111,47050
16/04/2024,,0.209358305,0.733686447,0.027203484,16075,51350
17/04/2024,,0.209446013,0.73281014,0.027273223,16312.2002,52850
18/04/2024,,0.208746463,0.735148132,0.027196083,16246,55040
19/04/2024,,0.209095672,0.734214425,0.027176866,16220,57450
20/04/2024,,,,,,58280
21/04/2024,,,,,,60030
22/04/2024,,0.209161252,0.734591961,0.027122322,16210.2998,59630
23/04/2024,,0.209402159,0.734235942,0.026977446,16246,61030
24/04/2024,,0.209314495,0.735077918,0.02710982,16140.2002,60640
25/04/2024,,0.209380239,0.734645903,0.026997112,16220,60360
26/04/2024,,0.209424078,0.735781014,0.027021915,16202,60650
27/04/2024,,,,,,60550
28/04/2024,,,,,,60200
29/04/2024,,0.209863588,0.734521747,0.027040184,16203,59660
30/04/2024,,0.209951714,0.735261679,0.027027758,16246,58520
01/05/2024,,0.209863588,0.732488036,0.026899075,16273,58530
02/05/2024,,0.209643602,0.735310376,0.027053349,16190.40039,58430
03/05/2024,,0.210437715,0.738699734,0.027173914,16097,57710
04/05/2024,,,,,,58310
05/05/2024,,,,,,57920
06/05/2024,,0.211081788,0.7402637,0.027233114,16077,57520
07/05/2024,,0.21110408,0.73983103,0.027210884,16034,57820
08/05/2024,,0.211170956,0.738334298,0.027070927,16073,57450
09/05/2024,,0.210970476,0.73774606,0.027087059,16074,57560
10/05/2024,,0.211394131,0.739754438,0.027247956,16030,57830
11/05/2024,,,,,,58000
12/05/2024,,,,,,57150
13/05/2024,,0.211126372,0.738443375,0.027181299,16038,56610
14/05/2024,,0.21143885,0.739371538,0.027191646,16121,55740
15/05/2024,,0.21220158,0.739634037,0.027354542,16102,54670
16/05/2024,,0.212562427,0.744291306,0.0275786,15914,54650
17/05/2024,,0.213538319,0.743052423,0.027631944,15930.7998,54170
18/05/2024,,,,,,54980
19/05/2024,,,,,,54740
20/05/2024,,0.213447168,0.743588388,0.027685493,15958,54450
21/05/2024,,0.213606745,0.742203176,0.027681662,16031,54400
22/05/2024,,0.213219613,0.742269278,0.02750729,16005,55540
23/05/2024,,0.213219613,0.740795612,0.027404767,16040.7002,55540
24/05/2024,,0.212675452,0.739765286,0.027298536,16095,55770
25/05/2024,,,,,,55740
26/05/2024,,,,,,55120
27/05/2024,,0.212359309,0.7409603,0.027292578,16038,54650
28/05/2024,,0.213015229,0.741526186,0.027359782,16071,55470
29/05/2024,,0.21316053,0.741619706,0.027342573,16117,55780
30/05/2024,,0.212630227,0.739639521,0.02718869,16232.09961,55160
31/05/2024,,0.212698072,0.740905404,0.027262071,16228,53940
01/06/2024,,,,,,53840
02/06/2024,,,,,,53920
03/06/2024,,0.212562427,0.740406156,0.027210884,16243,51920
04/06/2024,,0.212562427,0.743494391,0.027342573,16203,51000
05/06/2024,,0.212788597,0.742583454,0.027356787,16276,51390
06/06/2024,,0.212969869,0.741927862,0.027344819,16315,50240
07/06/2024,,0.213128731,0.743494391,0.027476301,16241.7002,50390
08/06/2024,,,,,,49680
09/06/2024,,,,,,49320
10/06/2024,,0.21328783,0.739644945,0.027092928,16270,49290
11/06/2024,,0.21193175,0.739262223,0.027240535,16312,48270
12/06/2024,,0.211999148,0.739120185,0.027242018,16305.40039,47790
13/06/2024,,0.212089077,0.74184525,0.027307482,16230,47650
14/06/2024,,0.212539852,0.740154088,0.027211625,16286,48340
15/06/2024,,,,,,49280
16/06/2024,,,,,,49930
17/06/2024,,0.211999148,0.738830745,0.027262812,16479.90039,44000
18/06/2024,,0.211976677,0.74024719,0.02716653,16479,49190
19/06/2024,,0.212224111,0.740110278,0.027291087,16379,49180
20/06/2024,,0.212585032,0.740406156,0.02727248,16380.90039,48810
21/06/2024,,0.212404415,0.738426983,0.027235342,16491.90039,48390
22/06/2024,,,,,,47200
23/06/2024,,,,,,47640
24/06/2024,,0.212291703,0.737898409,0.027203484,16443,47430
25/06/2024,,0.212359309,0.739191175,0.027323898,16394.09961,47330
26/06/2024,,0.212675452,0.738176286,0.027225701,16401,46270
27/06/2024,,0.212314218,0.735916376,0.027076058,16434,44960
28/06/2024,,0.211999148,0.736377001,0.027159153,16374.40039,44150
29/06/2024,,,,,,42780
30/06/2024,,,,,,43300
01/07/2024,,0.212089077,0.738170803,0.02727025,16343,41510
02/07/2024,,0.212291703,0.736523449,0.027236825,16390,41770
03/07/2024,,0.212021634,0.737473965,0.02716653,16391,40760
04/07/2024,0,0.212111577,0.73896724,0.027296303,16340,40530
05/07/2024,0,0.212449551,0.739863813,0.027300026,16328.5,40180
06/07/2024,0,,,,,40050
07/07/2024,0,,,,,39350
08/07/2024,0,0.212404415,0.741443753,0.02739726,16245,39330
09/07/2024,0,0.212404415,0.741015196,0.027480077,16277.2002,37910
10/07/2024,0,0.212539852,0.740395188,0.027464982,16277,36910
11/07/2024,0,0.212856531,0.741460204,0.027533039,16198,35910
12/07/2024,0,0.213242352,0.745062113,0.027755421,16104,35080
13/07/2024,0,,,,,34450
14/07/2024,0,,,,,33690
15/07/2024,0,0.214270413,0.744601607,0.027639579,16108,33660
16/07/2024,0,0.214178622,0.744318962,0.02769316,16195,33810
17/07/2024,0,0.21397239,0.744047642,0.027796308,16173,32910
18/07/2024,0,0.214546248,0.746658683,0.02788078,16138,32780
19/07/2024,0,0.214362279,0.744258106,0.027670171,16185,32650
20/07/2024,0,,,,,32540
21/07/2024,0,,,,,31200
22/07/2024,0,0.213447168,0.743992269,0.027563397,16206,30990
23/07/2024,0,0.213456273,0.743008256,0.027548211,16220.2002,30610
24/07/2024,0,0.213812277,0.743052423,0.027670171,16222,29110
25/07/2024,0,0.214132756,0.7442137,0.027702367,16246,28470
26/07/2024,0,0.214569256,0.74465704,0.027616682,16337.7998,27960
27/07/2024,0,,,,,27740
28/07/2024,0,,,,,26550
29/07/2024,0,0.214822754,0.744634926,0.027800944,16283,27480
30/07/2024,0,0.215679944,0.74459058,0.027831895,16301.7002,27560
31/07/2024,0,0.216450214,0.745217562,0.027903343,16328.5,26640
01/08/2024,0,0.21777004,0.748671114,0.028169014,16255,27000
02/08/2024,0,0.218986079,0.748077393,0.028111206,16281,26690
03/08/2024,0,,,,,27130
04/08/2024,0,,,,,26520
05/08/2024,0,0.222469419,0.754335523,0.028344672,16012,26460
06/08/2024,0,0.226116449,0.754563212,0.028169014,16208,26490
07/08/2024,0,0.223638609,0.754437983,0.028254174,16152.2998,26490
08/08/2024,0,0.222518921,0.753778279,0.028105676,16023,26670
09/08/2024,0,0.22361359,0.754068196,0.028360751,15979,26940
10/08/2024,0,,,,,26840
11/08/2024,0,,,,,26500
12/08/2024,0,0.226244345,0.755115867,0.028392958,15918,27110
13/08/2024,0,0.224542499,0.755395412,0.028545329,15949.09961,26610
14/08/2024,0,0.224542499,0.759243786,0.028641805,15749,26900
15/08/2024,0,0.226398021,0.759457111,0.028516838,15619.5,26570
16/08/2024,0,0.225540161,0.756292343,0.028535556,15755,26360
17/08/2024,0,,,,,26480
18/08/2024,0,,,,,26590
19/08/2024,0,0.226116449,0.760017037,0.028918449,15683,27000
20/08/2024,0,0.228440881,0.764596105,0.029138379,15523,26920
21/08/2024,0,0.22857143,0.766559601,0.029299736,15442,27020
22/08/2024,0,0.228885338,0.766101539,0.02916302,15484,26610
23/08/2024,0,0.227972195,0.763294697,0.02899391,15728.5,26870
24/08/2024,0,,,,,26930
25/08/2024,0,,,,,26520
26/08/2024,0,0.228675961,0.768556833,0.029455081,15377.2002,26710
27/08/2024,0,0.229937911,0.767018199,0.029437738,15462.59961,26780
28/08/2024,0,0.230414733,0.768420935,0.029486347,15467.09961,26290
29/08/2024,0,0.230282083,0.767153561,0.029374614,15440,26520
30/08/2024,0,0.232072413,0.767683566,0.029507229,15444.7998,26010
31/08/2024,0,,,,,26070
01/09/2024,0,,,,,26390
02/09/2024,0,0.231294081,0.765661657,0.029481133,15525,26730
03/09/2024,0,0.229753017,0.765462399,0.029265439,15520.09961,26240
04/09/2024,0,0.229357794,0.765169442,0.029191114,15532.90039,26110
05/09/2024,0,0.230414733,0.76745975,0.029457685,15444.40039,26080
06/09/2024,0,0.230946884,0.76936686,0.029778743,15417,26150
07/09/2024,0,,,,,25950
08/09/2024,0,,,,,25490
09/09/2024,0,0.23068051,0.767300725,0.029679755,15405,25960
10/09/2024,0,0.229357794,0.765749574,0.029525526,15456.7998,26120
11/09/2024,0,0.2306007,0.76678884,0.029736238,15489,25830
12/09/2024,0,0.23068051,0.766542017,0.029594554,15437,25840
13/09/2024,0,0.231080309,0.768828571,0.029954471,15418.7002,25640
14/09/2024,45.15254237,,,,,25890
15/09/2024,0,,,,,25910
16/09/2024,0,0.232612252,0.770754457,0.03009963,15393,26240
17/09/2024,0,0.232639283,0.771807432,0.030075189,15385,26340
18/09/2024,0,0.234659165,0.771682382,0.029962547,15345,26460
19/09/2024,0,0.235765651,0.771557331,0.029964341,15300.2002,26790
20/09/2024,0,0.237445086,0.773736298,0.030202355,15197.59961,27130
21/09/2024,0,,,,,27140
22/09/2024,0,,,,,27770
23/09/2024,0,0.237953603,0.775073647,0.030339807,15154,27350
24/09/2024,0,0.238066897,0.774647355,0.030376673,15174.09961,27700
25/09/2024,0,0.240963846,0.779812276,0.030709701,15121.09961,28110
26/09/2024,0,0.242218718,0.775326014,0.030515715,15201.5,28110
27/09/2024,0,0.241545901,0.778889,0.030896619,15070,27890
28/09/2024,0,,,,,28150
29/09/2024,0,,,,,28430
30/09/2024,0,0.242777377,0.780822992,0.030911902,15118,28960
