Date,telur ayam,cabai merah,beras,bawang putih,minyak goreng,cabai rawit,bawang merah,gula,daging sapi,daging ayam,tepung terigu
2022-01-01,0.0,,0.0,0.0,0.0,,,0.0,0.0,,0.0
2022-01-02,0.0,,0.0,0.0,0.0,,,0.0,0.0,,0.0
2022-01-03,0.0,,0.0,0.0,0.0,,,55.02326854640021,0.0,,0.0
2022-01-04,0.0,,0.0,0.0,0.0,,,0.0,0.0,,0.0
2022-01-05,0.0,,0.0,0.0,0.0,,,0.0,0.0,,0.0
2022-01-06,0.0,,0.0,0.0,0.0,,,69.805639200657,0.0,,0.0
2022-01-07,0.0,,0.0,0.0,0.0,,,0.0,0.0,,0.0
2022-01-08,0.0,,0.0,0.0,0.0,,,61.59321105940324,0.0,,0.0
2022-01-09,0.0,,0.0,0.0,0.0,,,0.0,0.0,,0.0
2022-01-10,0.0,,0.0,0.0,0.0,,,0.0,0.0,,0.0
2022-01-11,0.0,,0.0,0.0,0.0,,,55.8445113605256,0.0,,0.0
2022-01-12,0.0,,0.0,0.0,0.0,,,0.0,0.0,,0.0
2022-01-13,0.0,,0.0,0.0,0.0,,,81.30303859841226,0.0,,0.0
2022-01-14,0.0,,0.0,0.0,0.0,,,60.77196824527786,0.0,,0.0
2022-01-15,0.0,,0.0,0.0,0.0,,,0.0,0.0,,0.0
2022-01-16,0.0,,0.0,0.0,0.0,,,0.0,0.0,,0.0
2022-01-17,0.0,,0.0,0.0,0.0,,,0.0,0.0,,0.0
2022-01-18,0.0,,43.99999999999999,0.0,0.0,,,0.0,0.0,,0.0
2022-01-19,0.0,,0.0,0.0,55.0,,,0.0,0.0,,0.0
2022-01-20,0.0,,0.0,0.0,0.0,,,0.0,0.0,,0.0
2022-01-21,0.0,,0.0,0.0,48.0,,,59.95072543115248,0.0,,0.0
2022-01-22,0.0,,0.0,0.0,0.0,,,0.0,0.0,,0.0
2022-01-23,0.0,,0.0,0.0,0.0,,,0.0,0.0,,0.0
2022-01-24,0.0,,54.0,0.0,0.0,,,0.0,0.0,,0.0
2022-01-25,0.0,,0.0,0.0,0.0,,,47.63208321927184,0.0,,0.0
2022-01-26,0.0,,0.0,0.0,0.0,,,0.0,0.0,,0.0
2022-01-27,0.0,,0.0,0.0,0.0,,,0.0,0.0,,0.0
2022-01-28,0.0,,0.0,0.0,0.0,,,63.235696687653984,0.0,,0.0
2022-01-29,0.0,,0.0,0.0,0.0,,,0.0,0.0,,0.0
2022-01-30,0.0,,0.0,0.0,0.0,,,0.0,0.0,,0.0
2022-01-31,0.0,,0.0,0.0,0.0,,,0.0,0.0,,0.0
2022-02-01,0.0,,0.0,0.0,0.0,,,80.48179578428689,0.0,,0.0
2022-02-02,0.0,,0.0,0.0,0.0,,,64.05693950177937,0.0,,0.0
2022-02-03,0.0,,0.0,0.0,0.0,,,67.34191075828087,0.0,,0.0
2022-02-04,0.0,,0.0,0.0,0.0,,,0.0,0.0,,0.0
2022-02-05,0.0,,0.0,0.0,0.0,,,0.0,0.0,,0.0
2022-02-06,0.0,,0.0,0.0,0.0,,,0.0,0.0,,0.0
2022-02-07,0.0,,0.0,0.0,0.0,,,47.63208321927184,0.0,,0.0
2022-02-08,0.0,,41.0,0.0,0.0,,,44.34711196277032,0.0,,0.0
2022-02-09,0.0,,0.0,0.0,0.0,,,45.1683547768957,0.0,,0.0
2022-02-10,0.0,,0.0,0.0,0.0,,,0.0,0.0,,0.0
2022-02-11,0.0,,0.0,0.0,0.0,,,0.0,0.0,,0.0
2022-02-12,0.0,,0.0,0.0,0.0,,,0.0,0.0,,0.0
2022-02-13,0.0,,42.0,0.0,38.0,,,0.0,0.0,,0.0
2022-02-14,0.0,,0.0,0.0,31.0,,,52.55954010402409,0.0,,0.0
2022-02-15,0.0,,33.0,0.0,38.0,,,55.8445113605256,0.0,,0.0
2022-02-16,0.0,,29.000000000000004,0.0,0.0,,,39.41965507801806,0.0,,0.0
2022-02-17,0.0,,42.99999999999999,0.0,32.0,,,42.70462633451957,0.0,,0.0
2022-02-18,0.0,,0.0,0.0,28.0,,,46.81084040514646,0.0,,0.0
2022-02-19,0.0,,0.0,0.0,37.0,,,37.77716944976732,0.0,,0.0
2022-02-20,0.0,,0.0,0.0,34.0,,,49.27456884752259,0.0,,0.0
2022-02-21,0.0,,0.0,0.0,27.0,,,64.05693950177937,0.0,,0.0
2022-02-22,0.0,,32.0,0.0,44.0,,,63.235696687653984,0.0,,0.0
2022-02-23,0.0,,37.0,0.0,50.0,,,56.66575417465097,0.0,,0.0
2022-02-24,0.0,,0.0,0.0,35.99999999999999,,,46.81084040514646,0.0,,0.0
2022-02-25,0.0,,31.0,0.0,0.0,,,0.0,0.0,,0.0
2022-02-26,0.0,,41.0,0.0,0.0,,,0.0,0.0,,0.0
2022-02-27,0.0,,55.99999999999999,0.0,0.0,,,0.0,0.0,,0.0
2022-02-28,0.0,,33.99999999999999,0.0,46.99999999999999,,,0.0,0.0,,0.0
2022-03-01,0.0,,0.0,0.0,0.0,,,54.20202573227485,0.0,,0.0
2022-03-02,0.0,,50.0,0.0,0.0,,,0.0,0.0,,0.0
2022-03-03,0.0,,0.0,0.0,0.0,,,64.05693950177937,0.0,,0.0
2022-03-04,78.9580895561745,,0.0,0.0,0.0,,,41.06214070626882,0.0,,0.0
2022-03-05,0.0,,0.0,0.0,0.0,,,0.0,0.0,,0.0
2022-03-06,0.0,,0.0,0.0,0.0,,,38.5984122638927,0.0,,0.0
2022-03-07,0.0,,33.0,0.0,0.0,,,80.48179578428689,0.0,,0.0
2022-03-08,0.0,,0.0,0.0,30.0,,,67.34191075828087,0.0,,0.0
2022-03-09,0.0,,33.99999999999999,0.0,0.0,,,61.59321105940324,0.0,,0.0
2022-03-10,0.0,,30.000000000000004,0.0,0.0,,,35.31344100739119,0.0,,0.0
2022-03-11,0.0,,0.0,0.0,0.0,,,78.83931015603612,0.0,,0.0
2022-03-12,0.0,,0.0,0.0,0.0,,,49.27456884752259,0.0,,71.0
2022-03-13,0.0,,46.00000000000001,0.0,0.0,,,45.98959759102108,0.0,,0.0
2022-03-14,0.0,,42.0,0.0,42.0,,,50.09581166164797,0.0,,0.0
2022-03-15,0.0,,42.99999999999999,0.0,0.0,,,47.63208321927184,0.0,,0.0
2022-03-16,0.0,,33.0,0.0,64.99999999999999,,,54.20202573227485,0.0,,0.0
2022-03-17,0.0,,0.0,0.0,100.0,,,51.73829728989872,0.0,,0.0
2022-03-18,0.0,,0.0,0.0,76.99999999999999,,,64.05693950177937,0.0,,0.0
2022-03-19,69.66890254956573,,67.0,0.0,41.0,,,0.0,0.0,,0.0
2022-03-20,0.0,,0.0,0.0,32.99999999999999,,,46.81084040514646,0.0,,0.0
2022-03-21,0.0,,0.0,0.0,50.0,,,81.30303859841226,0.0,,0.0
2022-03-22,0.0,,0.0,0.0,0.0,,,52.55954010402409,0.0,,0.0
2022-03-23,0.0,,49.0,0.0,44.0,,,55.02326854640021,0.0,,0.0
2022-03-24,0.0,,33.0,0.0,0.0,,,55.02326854640021,0.0,,0.0
2022-03-25,0.0,,41.0,0.0,0.0,,,68.16315357240624,0.0,,0.0
2022-03-26,0.0,,32.0,0.0,27.0,,,54.20202573227485,0.0,,0.0
2022-03-27,0.0,,0.0,0.0,0.0,,,59.12948261702711,0.0,,0.0
2022-03-28,0.0,,35.0,0.0,37.0,,,50.91705447577334,0.0,,0.0
2022-03-29,0.0,,40.0,0.0,27.0,,,32.028469750889684,0.0,,0.0
2022-03-30,0.0,,0.0,0.0,0.0,,,43.52586914864495,0.0,,0.0
2022-03-31,0.0,,29.000000000000004,0.0,0.0,,,45.1683547768957,58.04090413943357,,0.0
2022-04-01,0.0,,46.00000000000001,0.0,0.0,,,45.98959759102108,73.4694989106754,,0.0
2022-04-02,0.0,,38.0,0.0,28.0,,,35.31344100739119,29.38779956427016,,0.0
2022-04-03,0.0,,38.0,0.0,0.0,,,73.0906104571585,28.6531045751634,,100.0
2022-04-04,0.0,,0.0,0.0,32.0,,,43.52586914864495,0.0,,0.0
2022-04-05,0.0,,0.0,0.0,0.0,,,0.0,0.0,,0.0
2022-04-06,0.0,,0.0,0.0,0.0,,,43.52586914864495,27.91840958605665,,0.0
2022-04-07,0.0,,53.0,0.0,0.0,,,0.0,0.0,,0.0
2022-04-08,0.0,,0.0,0.0,0.0,,,68.16315357240624,0.0,,0.0
2022-04-09,0.0,,40.0,0.0,0.0,,,59.12948261702711,0.0,,0.0
2022-04-10,0.0,,0.0,0.0,37.0,,,37.77716944976732,0.0,,0.0
2022-04-11,0.0,,0.0,0.0,32.0,,,52.55954010402409,0.0,,0.0
2022-04-12,0.0,,0.0,0.0,0.0,,,54.20202573227485,0.0,,0.0
2022-04-13,0.0,,46.00000000000001,0.0,35.0,,,0.0,0.0,,0.0
2022-04-14,0.0,,0.0,0.0,0.0,,,32.84971256501506,0.0,,0.0
2022-04-15,0.0,,0.0,0.0,0.0,,,45.1683547768957,30.857189542483667,,0.0
2022-04-16,0.0,,0.0,0.0,29.0,,,0.0,0.0,,0.0
2022-04-17,0.0,,42.0,0.0,0.0,,,0.0,0.0,,0.0
2022-04-18,0.0,,31.0,0.0,0.0,,,52.55954010402409,0.0,,0.0
2022-04-19,0.0,,0.0,0.0,42.99999999999999,,,41.88338352039419,0.0,,0.0
2022-04-20,0.0,,0.0,0.0,41.0,,,0.0,0.0,,0.0
2022-04-21,0.0,,54.99999999999999,0.0,0.0,,,48.4533260333972,0.0,,0.0
2022-04-22,0.0,,0.0,0.0,35.99999999999999,,,45.98959759102108,0.0,,0.0
2022-04-23,0.0,,37.0,0.0,27.0,,,54.20202573227485,0.0,,0.0
2022-04-24,0.0,,39.0,0.0,0.0,,,44.34711196277032,0.0,,0.0
2022-04-25,0.0,,52.0,0.0,0.0,,,0.0,0.0,,0.0
2022-04-26,0.0,,54.0,0.0,0.0,,,49.27456884752259,0.0,,0.0
2022-04-27,0.0,,89.0,0.0,0.0,,,0.0,0.0,,0.0
2022-04-28,0.0,,90.0,0.0,27.0,,,44.34711196277032,0.0,,71.0
2022-04-29,0.0,,100.0,0.0,0.0,,,0.0,0.0,,0.0
2022-04-30,0.0,,90.0,0.0,0.0,,,0.0,0.0,,0.0
2022-05-01,0.0,,45.0,0.0,0.0,,,0.0,62.44907407407409,,0.0
2022-05-02,0.0,,0.0,0.0,0.0,,,0.0,0.0,,0.0
2022-05-03,0.0,,0.0,0.0,0.0,,,0.0,0.0,,0.0
2022-05-04,0.0,,0.0,0.0,0.0,,,0.0,0.0,,0.0
2022-05-05,0.0,,0.0,0.0,0.0,,,0.0,0.0,,87.0
2022-05-06,0.0,,0.0,0.0,0.0,,,45.98959759102108,0.0,,0.0
2022-05-07,0.0,,0.0,0.0,0.0,,,38.5984122638927,0.0,,0.0
2022-05-08,0.0,,0.0,0.0,0.0,,,0.0,0.0,,0.0
2022-05-09,0.0,,0.0,0.0,0.0,,,35.31344100739119,0.0,,0.0
2022-05-10,0.0,,0.0,0.0,0.0,,,45.98959759102108,0.0,,0.0
2022-05-11,0.0,,28.0,0.0,0.0,,,82.12428141253764,0.0,,0.0
2022-05-12,0.0,,0.0,0.0,0.0,,,0.0,0.0,,0.0
2022-05-13,0.0,,0.0,0.0,0.0,,,42.70462633451957,0.0,,0.0
2022-05-14,0.0,,38.0,0.0,0.0,,,45.98959759102108,0.0,,0.0
2022-05-15,0.0,,0.0,0.0,0.0,,,0.0,0.0,,0.0
2022-05-16,0.0,,0.0,0.0,0.0,,,45.98959759102108,0.0,,0.0
2022-05-17,0.0,,0.0,0.0,0.0,,,51.73829728989872,0.0,,0.0
2022-05-18,0.0,,35.0,0.0,0.0,,,51.73829728989872,0.0,,0.0
2022-05-19,0.0,,0.0,0.0,0.0,,,41.88338352039419,0.0,,0.0
2022-05-20,0.0,,0.0,0.0,0.0,,,54.20202573227485,0.0,,0.0
2022-05-21,0.0,,37.0,0.0,0.0,,,0.0,0.0,,0.0
2022-05-22,0.0,,0.0,0.0,0.0,,,0.0,0.0,,0.0
2022-05-23,0.0,,39.0,0.0,0.0,,,45.98959759102108,0.0,,0.0
2022-05-24,0.0,,0.0,0.0,0.0,,,51.73829728989872,0.0,,0.0
2022-05-25,0.0,,31.0,0.0,0.0,,,45.98959759102108,0.0,,0.0
2022-05-26,0.0,,0.0,0.0,0.0,,,45.98959759102108,0.0,,0.0
2022-05-27,0.0,,35.0,0.0,35.0,,,0.0,0.0,,0.0
2022-05-28,0.0,,0.0,0.0,0.0,,,0.0,0.0,,0.0
2022-05-29,0.0,,48.0,0.0,0.0,,,45.98959759102108,0.0,,0.0
2022-05-30,0.0,,0.0,0.0,35.0,,,41.06214070626882,0.0,,0.0
2022-05-31,0.0,,0.0,0.0,0.0,,,42.70462633451957,0.0,,0.0
2022-06-01,0.0,,47.00000000000001,0.0,0.0,,,0.0,0.0,,0.0
2022-06-02,0.0,,0.0,0.0,0.0,,,59.12948261702711,0.0,,0.0
2022-06-03,0.0,,32.0,0.0,0.0,,,47.63208321927184,0.0,,0.0
2022-06-04,0.0,,0.0,0.0,0.0,,,38.5984122638927,0.0,,0.0
2022-06-05,0.0,,0.0,0.0,0.0,,,0.0,0.0,,0.0
2022-06-06,0.0,,32.0,0.0,0.0,,,45.1683547768957,0.0,,0.0
2022-06-07,0.0,,30.000000000000004,0.0,0.0,,,45.98959759102108,0.0,,0.0
2022-06-08,0.0,,0.0,0.0,0.0,,,38.5984122638927,0.0,,0.0
2022-06-09,0.0,,42.0,0.0,0.0,,,45.1683547768957,0.0,,0.0
2022-06-10,0.0,,43.99999999999999,0.0,0.0,,,38.5984122638927,0.0,,0.0
2022-06-11,0.0,,0.0,0.0,0.0,,,0.0,0.0,,0.0
2022-06-12,0.0,,0.0,0.0,0.0,,,0.0,0.0,,0.0
2022-06-13,0.0,,0.0,79.00000000000001,0.0,,,36.13468382151657,0.0,,0.0
2022-06-14,0.0,,33.0,0.0,0.0,,,59.95072543115248,0.0,,0.0
2022-06-15,0.0,,40.0,0.0,0.0,,,37.77716944976732,0.0,,0.0
2022-06-16,0.0,,0.0,0.0,0.0,,,51.73829728989872,0.0,,67.00000000000001
2022-06-17,0.0,,0.0,0.0,0.0,,,54.20202573227485,0.0,,0.0
2022-06-18,0.0,,0.0,0.0,0.0,,,0.0,0.0,,0.0
2022-06-19,0.0,,0.0,0.0,0.0,,,72.26936764303314,0.0,,0.0
2022-06-20,87.3183578621224,,0.0,0.0,0.0,,,44.34711196277032,0.0,,0.0
2022-06-21,0.0,,0.0,0.0,0.0,,,40.24089789214344,0.0,,0.0
2022-06-22,0.0,,0.0,0.0,0.0,,,50.91705447577334,0.0,,0.0
2022-06-23,0.0,,0.0,0.0,0.0,,,59.12948261702711,0.0,,0.0
2022-06-24,0.0,,0.0,0.0,0.0,,,55.02326854640021,0.0,,0.0
2022-06-25,0.0,,0.0,0.0,0.0,,,68.98439638653161,0.0,,0.0
2022-06-26,0.0,,0.0,0.0,0.0,,,42.70462633451957,0.0,,0.0
2022-06-27,0.0,,0.0,0.0,0.0,,,46.81084040514646,0.0,,0.0
2022-06-28,0.0,,0.0,0.0,0.0,,,61.59321105940324,0.0,,0.0
2022-06-29,0.0,,0.0,0.0,0.0,,,0.0,0.0,,0.0
2022-06-30,0.0,,0.0,0.0,0.0,,,0.0,0.0,,0.0
2022-07-01,92.89187006608763,,0.0,0.0,0.0,,,0.0,0.0,,0.0
2022-07-02,0.0,,0.0,0.0,0.0,,,55.8445113605256,0.0,,0.0
2022-07-03,0.0,0.0,46.089980655480446,0.0,0.0,,0.0,0.0,0.0,,0.0
2022-07-04,0.0,0.0,0.0,0.0,0.0,,0.0,0.0,0.0,,0.0
2022-07-05,0.0,0.0,42.75817482496379,0.0,27.882922535211268,,0.0,48.0604583772392,0.0,,0.0
2022-07-06,0.0,0.0,0.0,0.0,0.0,,0.0,43.483271865121175,0.0,,0.0
2022-07-07,0.0,0.0,0.0,0.0,0.0,,0.0,0.0,0.0,,0.0
2022-07-08,0.0,0.0,46.64528162723322,0.0,0.0,,0.0,67.13206884439762,37.0,,0.0
2022-07-09,0.0,0.0,0.0,0.0,0.0,,0.0,0.0,54.00000000000001,,0.0
2022-07-10,0.0,0.0,0.0,0.0,0.0,,0.0,50.34905163329822,96.0,,0.0
2022-07-11,0.0,0.0,0.0,0.0,0.0,,0.0,48.0604583772392,95.0,,0.0
2022-07-12,0.0,0.0,0.0,0.0,0.0,,0.0,0.0,100.0,,0.0
2022-07-13,0.0,0.0,0.0,0.0,0.0,,0.0,0.0,51.0,,0.0
2022-07-14,0.0,0.0,0.0,0.0,0.0,,0.0,48.82332279592554,49.0,,0.0
2022-07-15,0.0,0.0,36.64986413568325,0.0,0.0,,0.0,34.328898840885145,37.0,,0.0
2022-07-16,0.0,0.0,0.0,0.0,0.0,,0.0,0.0,0.0,,0.0
2022-07-17,0.0,0.0,0.0,0.0,0.0,,0.0,0.0,38.00000000000001,,0.0
2022-07-18,0.0,0.0,43.31347579671656,0.0,0.0,,0.0,45.7718651211802,0.0,,0.0
2022-07-19,0.0,0.0,34.98396122042492,0.0,0.0,,0.0,0.0,0.0,,0.0
2022-07-20,0.0,0.0,0.0,0.0,0.0,,0.0,41.95754302774851,0.0,,0.0
2022-07-21,0.0,0.0,0.0,0.0,0.0,,0.0,39.6689497716895,0.0,,0.0
2022-07-22,0.0,0.0,0.0,0.0,0.0,,0.0,0.0,0.0,,0.0
2022-07-23,0.0,0.0,36.09456316393047,0.0,0.0,,0.0,0.0,0.0,,0.0
2022-07-24,0.0,0.0,0.0,0.0,0.0,,0.0,0.0,41.0,,0.0
2022-07-25,0.0,0.0,0.0,0.0,0.0,,0.0,48.82332279592554,0.0,,0.0
2022-07-26,0.0,0.0,0.0,0.0,0.0,,49.50915254237288,37.38035651563049,0.0,,0.0
2022-07-27,0.0,0.0,0.0,0.0,0.0,,0.0,47.29759395855287,0.0,,0.0
2022-07-28,0.0,0.0,29.986252474649927,0.0,0.0,,0.0,32.80317000351247,0.0,,0.0
2022-07-29,0.0,0.0,0.0,0.0,0.0,,0.0,0.0,0.0,,0.0
2022-07-30,0.0,0.0,0.0,0.0,0.0,,0.0,56.451966982788896,0.0,,0.0
2022-07-31,0.0,0.0,0.0,0.0,0.0,,0.0,0.0,0.0,,0.0
2022-08-01,0.0,0.0,0.0,0.0,0.0,,0.0,45.7718651211802,0.0,,0.0
2022-08-02,0.0,0.0,0.0,0.0,0.0,,0.0,34.328898840885145,0.0,,0.0
2022-08-03,0.0,0.0,0.0,0.0,0.0,,0.0,57.97769582016158,0.0,,0.0
2022-08-04,0.0,0.0,29.986252474649927,0.0,0.0,,0.0,0.0,0.0,,0.0
2022-08-05,0.0,0.0,0.0,0.0,0.0,,0.0,0.0,0.0,,0.0
2022-08-06,0.0,0.0,31.65215538990826,0.0,0.0,,0.0,0.0,0.0,,0.0
2022-08-07,0.0,0.0,0.0,0.0,0.0,,0.0,0.0,0.0,,0.0
2022-08-08,0.0,0.0,28.3203495593916,0.0,0.0,,0.0,59.503424657534254,25.0,,0.0
2022-08-09,0.0,0.0,28.3203495593916,0.0,0.0,,0.0,33.56603442219881,0.0,,0.0
2022-08-10,0.0,0.0,0.0,0.0,0.0,,0.0,33.56603442219881,0.0,,0.0
2022-08-11,0.0,0.0,0.0,0.0,0.0,,0.0,0.0,26.000000000000004,,0.0
2022-08-12,0.0,0.0,0.0,0.0,0.0,,0.0,45.00900070249386,0.0,,0.0
2022-08-13,0.0,0.0,0.0,0.0,0.0,,0.0,48.0604583772392,0.0,,0.0
2022-08-14,0.0,0.0,0.0,0.0,0.0,,0.0,0.0,0.0,,0.0
2022-08-15,0.0,0.0,37.7604660791888,0.0,0.0,,0.0,40.43181419037583,0.0,,0.0
2022-08-16,0.0,0.0,0.0,0.0,0.0,,0.0,36.61749209694416,0.0,,0.0
2022-08-17,0.0,0.0,0.0,0.0,0.0,,0.0,0.0,0.0,,0.0
2022-08-18,100.0,0.0,0.0,0.0,0.0,,0.0,37.38035651563049,0.0,,0.0
2022-08-19,97.0,0.0,0.0,0.0,0.0,,0.0,39.6689497716895,0.0,,0.0
2022-08-20,0.0,0.0,35.539262192177695,0.0,0.0,,0.0,38.14322093431683,0.0,,0.0
2022-08-21,0.0,0.0,0.0,0.0,0.0,,0.0,51.111916051984544,0.0,,0.0
2022-08-22,0.0,0.0,28.875650531144373,0.0,0.0,,0.0,76.28644186863366,0.0,,0.0
2022-08-23,0.0,0.0,32.76275733341381,0.0,0.0,,0.0,61.792017913593256,0.0,,0.0
2022-08-24,0.0,0.0,0.0,0.0,0.0,,0.0,46.53472953986653,0.0,,0.0
2022-08-25,0.0,0.0,34.42866024867214,0.0,0.0,,0.0,58.74056023884792,0.0,,0.0
2022-08-26,0.0,0.0,0.0,0.0,0.0,,0.0,0.0,0.0,,0.0
2022-08-27,0.0,0.0,0.0,0.0,0.0,,0.0,51.111916051984544,0.0,,0.0
2022-08-28,0.0,0.0,37.20516510743602,0.0,0.0,,0.0,35.85462767825782,0.0,,0.0
2022-08-29,0.0,0.0,0.0,0.0,0.0,,0.0,51.874780470670885,0.0,,0.0
2022-08-30,0.0,0.0,33.87335927691936,0.0,0.0,,0.0,39.6689497716895,0.0,,0.0
2022-08-31,0.0,0.0,41.09227190970546,0.0,0.0,,0.0,51.874780470670885,0.0,,0.0
2022-09-01,0.0,0.0,0.0,0.0,0.0,,0.0,43.483271865121175,0.0,,0.0
2022-09-02,0.0,0.0,0.0,81.10631994733377,0.0,,0.0,36.61749209694416,0.0,,0.0
2022-09-03,0.0,0.0,29.430951502897152,0.0,0.0,,0.0,0.0,0.0,,76.62363856393708
2022-09-04,0.0,0.0,0.0,0.0,0.0,,0.0,60.2662890762206,0.0,,0.0
2022-09-05,0.0,0.0,0.0,0.0,0.0,,0.0,0.0,0.0,,0.0
2022-09-06,0.0,0.0,31.65215538990826,0.0,0.0,,0.0,0.0,0.0,,0.0
2022-09-07,0.0,0.0,41.64757288145824,0.0,0.0,,0.0,0.0,0.0,,0.0
2022-09-08,0.0,0.0,28.875650531144373,0.0,0.0,,0.0,40.43181419037583,0.0,,55.16901976603469
2022-09-09,0.0,0.0,0.0,0.0,0.0,,0.0,51.874780470670885,0.0,,0.0
2022-09-10,0.0,0.0,55.53009717527765,0.0,0.0,,0.0,40.43181419037583,0.0,,0.0
2022-09-11,0.0,0.0,0.0,0.0,0.0,,0.0,59.503424657534254,0.0,,0.0
2022-09-12,0.0,0.0,36.09456316393047,0.0,0.0,,0.0,0.0,0.0,,0.0
2022-09-13,0.0,0.0,0.0,0.0,0.0,,0.0,28.98884791008079,0.0,,0.0
2022-09-14,0.0,0.0,32.76275733341381,0.0,0.0,,0.0,46.53472953986653,0.0,,0.0
2022-09-15,0.0,0.0,0.0,0.0,0.0,,0.0,49.58618721461188,0.0,,0.0
2022-09-16,0.0,0.0,0.0,0.0,0.0,,0.0,44.24613628380753,0.0,,0.0
2022-09-17,0.0,0.0,0.0,0.0,0.0,,0.0,44.24613628380753,0.0,,0.0
2022-09-18,0.0,0.0,0.0,0.0,0.0,,0.0,0.0,0.0,,0.0
2022-09-19,0.0,0.0,0.0,0.0,0.0,,0.0,40.43181419037583,0.0,,0.0
2022-09-20,0.0,0.0,32.20745636166103,0.0,0.0,,0.0,47.29759395855287,0.0,,0.0
2022-09-21,0.0,0.0,29.430951502897152,0.0,0.0,,0.0,42.72040744643485,0.0,,0.0
2022-09-22,0.0,0.0,29.430951502897152,0.0,0.0,,0.0,0.0,0.0,,0.0
2022-09-23,0.0,0.0,36.09456316393047,0.0,0.0,,0.0,0.0,21.0,,0.0
2022-09-24,0.0,0.0,0.0,0.0,0.0,,0.0,38.90608535300317,0.0,,0.0
2022-09-25,0.0,0.0,0.0,0.0,0.0,,0.0,51.874780470670885,0.0,,0.0
2022-09-26,0.0,0.0,0.0,0.0,0.0,,0.0,61.02915349490692,0.0,,0.0
2022-09-27,0.0,0.0,30.541553446402705,0.0,0.0,,0.0,53.40050930804355,0.0,,0.0
2022-09-28,0.0,0.0,29.986252474649927,0.0,0.0,,0.0,46.53472953986653,0.0,,0.0
2022-09-29,0.0,0.0,39.9816699661999,0.0,0.0,,0.0,41.19467860906217,0.0,,0.0
2022-09-30,0.0,0.0,29.430951502897152,0.0,0.0,,0.0,33.56603442219881,0.0,,0.0
2022-10-01,0.0,0.0,0.0,0.0,0.0,,0.0,57.21483140147525,0.0,,0.0
2022-10-02,0.0,0.0,0.0,0.0,0.0,,0.0,31.2774411661398,0.0,,0.0
2022-10-03,0.0,0.0,0.0,0.0,0.0,,0.0,54.16337372672989,0.0,,0.0
2022-10-04,93.0,0.0,36.09456316393047,0.0,0.0,,0.0,33.56603442219881,0.0,,0.0
2022-10-05,0.0,0.0,28.875650531144373,0.0,0.0,,0.0,45.00900070249386,0.0,,0.0
2022-10-06,0.0,0.0,0.0,0.0,0.0,,0.0,32.80317000351247,0.0,,0.0
2022-10-07,0.0,0.0,0.0,0.0,0.0,,0.0,0.0,0.0,,0.0
2022-10-08,0.0,0.0,0.0,0.0,0.0,,0.0,0.0,0.0,,0.0
2022-10-09,0.0,0.0,0.0,0.0,0.0,,0.0,32.80317000351247,0.0,,0.0
2022-10-10,0.0,0.0,36.09456316393047,0.0,0.0,,0.0,35.09176325957148,0.0,,0.0
2022-10-11,0.0,0.0,0.0,0.0,0.0,,0.0,40.43181419037583,0.0,,0.0
2022-10-12,0.0,0.0,0.0,0.0,0.0,,0.0,45.7718651211802,0.0,,0.0
2022-10-13,0.0,0.0,39.9816699661999,0.0,0.0,,0.0,35.85462767825782,0.0,,0.0
2022-10-14,0.0,0.0,31.65215538990826,0.0,0.0,,0.0,0.0,0.0,,0.0
2022-10-15,0.0,0.0,0.0,0.0,0.0,,0.0,41.95754302774851,0.0,,0.0
2022-10-16,0.0,0.0,0.0,0.0,0.0,,0.0,41.95754302774851,0.0,,0.0
2022-10-17,0.0,100.0,0.0,0.0,0.0,,0.0,46.53472953986653,0.0,,0.0
2022-10-18,0.0,0.0,0.0,0.0,0.0,,0.0,64.08061116965227,0.0,,0.0
2022-10-19,0.0,0.0,0.0,0.0,0.0,,0.0,64.8434755883386,0.0,,0.0
2022-10-20,0.0,0.0,26.09914567238049,0.0,0.0,,0.0,34.328898840885145,0.0,,0.0
2022-10-21,0.0,0.0,0.0,0.0,0.0,,0.0,51.874780470670885,0.0,,0.0
2022-10-22,0.0,0.0,0.0,0.0,0.0,,0.0,38.90608535300317,0.0,,0.0
2022-10-23,0.0,0.0,36.09456316393047,0.0,0.0,,0.0,53.40050930804355,0.0,,0.0
2022-10-24,0.0,0.0,26.65444664413328,0.0,0.0,,0.0,66.36920442571127,0.0,,0.0
2022-10-25,0.0,0.0,0.0,0.0,0.0,,0.0,28.225983491394448,0.0,,0.0
2022-10-26,0.0,0.0,0.0,0.0,0.0,,0.0,54.16337372672989,0.0,,0.0
2022-10-27,0.0,0.0,38.31576705094157,0.0,0.0,,0.0,35.09176325957148,0.0,,0.0
2022-10-28,0.0,0.0,0.0,0.0,0.0,,0.0,35.85462767825782,0.0,,0.0
2022-10-29,0.0,0.0,36.64986413568325,0.0,0.0,,0.0,37.38035651563049,0.0,,0.0
2022-10-30,0.0,0.0,0.0,0.0,0.0,,0.0,40.43181419037583,0.0,,0.0
2022-10-31,0.0,0.0,39.9816699661999,0.0,0.0,,0.0,45.00900070249386,0.0,,0.0
2022-11-01,0.0,0.0,0.0,0.0,0.0,,0.0,66.36920442571127,0.0,,0.0
2022-11-02,0.0,0.0,29.986252474649927,0.0,0.0,,0.0,0.0,0.0,,0.0
2022-11-03,0.0,0.0,27.765048587638827,0.0,0.0,,0.0,38.90608535300317,0.0,,0.0
2022-11-04,0.0,0.0,0.0,0.0,0.0,,0.0,35.85462767825782,0.0,,0.0
2022-11-05,0.0,0.0,0.0,0.0,0.0,,0.0,35.85462767825782,0.0,,0.0
2022-11-06,0.0,0.0,31.09685441815549,0.0,0.0,,0.0,50.34905163329822,0.0,,0.0
2022-11-07,0.0,0.0,0.0,0.0,0.0,,0.0,57.97769582016158,0.0,,0.0
2022-11-08,0.0,0.0,0.0,0.0,0.0,,0.0,47.29759395855287,0.0,,0.0
2022-11-09,0.0,0.0,0.0,0.0,0.0,,0.0,38.90608535300317,0.0,,0.0
2022-11-10,0.0,0.0,33.87335927691936,0.0,0.0,,0.0,42.72040744643485,0.0,,0.0
2022-11-11,0.0,0.0,0.0,0.0,0.0,,0.0,28.98884791008079,0.0,,0.0
2022-11-12,0.0,0.0,0.0,0.0,0.0,,0.0,0.0,0.0,,0.0
2022-11-13,0.0,0.0,30.541553446402705,0.0,0.0,,0.0,0.0,0.0,,0.0
2022-11-14,0.0,0.0,40.53697093795268,0.0,0.0,,0.0,34.328898840885145,0.0,,0.0
2022-11-15,0.0,0.0,0.0,0.0,0.0,,0.0,52.637644889357226,0.0,,0.0
2022-11-16,0.0,0.0,28.875650531144373,0.0,0.0,,93.41349536296772,64.08061116965227,0.0,,0.0
2022-11-17,0.0,0.0,0.0,0.0,0.0,,0.0,48.0604583772392,0.0,,0.0
2022-11-18,0.0,0.0,0.0,0.0,0.0,,0.0,59.503424657534254,0.0,,0.0
2022-11-19,0.0,0.0,0.0,0.0,0.0,,0.0,0.0,0.0,,0.0
2022-11-20,0.0,0.0,0.0,0.0,0.0,,0.0,38.90608535300317,0.0,,0.0
2022-11-21,0.0,0.0,33.87335927691936,0.0,0.0,,0.0,36.61749209694416,0.0,,0.0
2022-11-22,0.0,0.0,0.0,0.0,0.0,,0.0,42.72040744643485,0.0,,0.0
2022-11-23,0.0,0.0,0.0,0.0,0.0,,0.0,45.00900070249386,0.0,,0.0
2022-11-24,0.0,0.0,26.65444664413328,0.0,0.0,,0.0,44.24613628380753,0.0,,0.0
2022-11-25,0.0,0.0,0.0,0.0,0.0,,0.0,48.82332279592554,0.0,,0.0
2022-11-26,0.0,0.0,23.877941785369384,0.0,0.0,,0.0,0.0,0.0,,0.0
2022-11-27,0.0,0.0,0.0,0.0,0.0,,0.0,45.00900070249386,0.0,,0.0
2022-11-28,0.0,0.0,0.0,0.0,0.0,,0.0,39.6689497716895,0.0,,0.0
2022-11-29,0.0,0.0,28.3203495593916,0.0,0.0,,0.0,26.700254654021776,0.0,,0.0
2022-11-30,0.0,0.0,29.986252474649927,0.0,0.0,,0.0,54.92623814541623,0.0,,0.0
2022-12-01,72.00000000000001,0.0,23.32264081361661,0.0,0.0,,0.0,0.0,0.0,,0.0
2022-12-02,0.0,0.0,0.0,0.0,0.0,,0.0,0.0,0.0,,0.0
2022-12-03,0.0,0.0,29.986252474649927,0.0,0.0,,0.0,41.95754302774851,0.0,,0.0
2022-12-04,0.0,0.0,0.0,0.0,19.796875,,0.0,36.61749209694416,0.0,,0.0
2022-12-05,0.0,0.0,0.0,0.0,0.0,,0.0,46.53472953986653,0.0,,0.0
2022-12-06,0.0,0.0,32.20745636166103,0.0,0.0,,0.0,41.19467860906217,0.0,,0.0
2022-12-07,0.0,0.0,33.87335927691936,0.0,19.239216549295776,,0.0,31.2774411661398,0.0,,0.0
2022-12-08,0.0,0.0,0.0,0.0,0.0,,0.0,43.483271865121175,0.0,,0.0
2022-12-09,0.0,0.0,0.0,0.0,0.0,,0.0,43.483271865121175,0.0,,0.0
2022-12-10,0.0,0.0,0.0,0.0,0.0,,0.0,42.72040744643485,0.0,,0.0
2022-12-11,0.0,0.0,0.0,0.0,0.0,,0.0,29.751712328767127,0.0,,0.0
2022-12-12,0.0,0.0,38.31576705094157,0.0,0.0,,0.0,65.60634000702494,0.0,,0.0
2022-12-13,77.0,0.0,22.21203887011105,0.0,0.0,,0.0,35.85462767825782,0.0,,0.0
2022-12-14,0.0,0.0,0.0,0.0,0.0,,0.0,0.0,0.0,,49.8053650665591
2022-12-15,0.0,0.0,0.0,0.0,0.0,,0.0,35.09176325957148,0.0,,0.0
2022-12-16,0.0,0.0,0.0,0.0,0.0,,0.0,56.451966982788896,0.0,,0.0
2022-12-17,0.0,0.0,0.0,0.0,0.0,,0.0,32.80317000351247,0.0,,0.0
2022-12-18,0.0,0.0,0.0,0.0,0.0,,0.0,0.0,0.0,,75.09116579265833
2022-12-19,0.0,0.0,0.0,0.0,0.0,,0.0,57.97769582016158,0.0,,0.0
2022-12-20,0.0,0.0,0.0,0.0,0.0,,0.0,57.97769582016158,0.0,,0.0
2022-12-21,0.0,0.0,0.0,0.0,0.0,,0.0,61.792017913593256,0.0,,0.0
2022-12-22,0.0,0.0,0.0,0.0,0.0,,0.0,50.34905163329822,0.0,,0.0
2022-12-23,0.0,0.0,0.0,0.0,0.0,,0.0,41.19467860906217,0.0,,0.0
2022-12-24,0.0,0.0,33.87335927691936,0.0,0.0,,0.0,0.0,0.0,,0.0
2022-12-25,0.0,0.0,0.0,0.0,0.0,,0.0,0.0,0.0,,0.0
2022-12-26,0.0,0.0,0.0,0.0,0.0,,0.0,32.80317000351247,0.0,,0.0
2022-12-27,0.0,0.0,0.0,0.0,0.0,,0.0,48.82332279592554,0.0,,0.0
2022-12-28,0.0,0.0,32.76275733341381,0.0,0.0,,0.0,48.0604583772392,0.0,,0.0
2022-12-29,0.0,0.0,27.209747615886045,79.48419354838711,0.0,,0.0,31.2774411661398,0.0,,0.0
2022-12-30,0.0,0.0,29.986252474649927,0.0,0.0,,0.0,41.95754302774851,0.0,,0.0
2022-12-31,0.0,0.0,0.0,0.0,0.0,,0.0,44.24613628380753,0.0,,0.0
2023-01-01,0.0,0.0,0.0,0.0,0.0,,0.0,0.0,0.0,,0.0
2023-01-02,57.8670665985464,,0.0,0.0,,,0.0,38.03004026180155,0.0,0.0,0.0
2023-01-03,0.0,,0.0,0.0,,,0.0,48.67845153510599,0.0,0.0,0.0
2023-01-04,0.0,,0.0,0.0,,,0.0,0.0,0.0,0.0,0.0
2023-01-05,0.0,,23.7838089064904,0.0,,,0.0,49.439052340342016,0.0,0.0,0.0
2023-01-06,0.0,,0.0,0.0,,,0.0,38.79064106703758,0.0,0.0,0.0
2023-01-07,0.0,,29.272380192603567,0.0,,,0.0,32.70583462514933,0.0,0.0,0.0
2023-01-08,0.0,,0.0,0.0,,,0.0,36.50883865132949,0.0,0.0,0.0
2023-01-09,0.0,,0.0,0.0,,,0.0,32.70583462514933,0.0,0.0,0.0
2023-01-10,0.0,,0.0,0.0,,,0.0,65.41166925029866,0.0,0.0,0.0
2023-01-11,0.0,,27.442856430565843,69.0,,,0.0,0.0,0.0,0.0,0.0
2023-01-12,0.0,,26.528094549546985,0.0,,,0.0,35.74823784609346,0.0,0.0,0.0
2023-01-13,0.0,,0.0,0.0,,,0.0,45.63604831416186,0.0,0.0,0.0
2023-01-14,0.0,,0.0,0.0,,,0.0,0.0,0.0,0.0,0.0
2023-01-15,0.0,,0.0,0.0,,,0.0,38.79064106703758,0.0,0.0,0.0
2023-01-16,0.0,,26.528094549546985,0.0,,,0.0,52.48145556128613,0.0,0.0,0.0
2023-01-17,0.0,,0.0,0.0,,,0.0,36.50883865132949,0.0,0.0,0.0
2023-01-18,0.0,,24.69857078750926,0.0,,,0.0,55.52385878223026,0.0,0.0,0.0
2023-01-19,0.0,,22.86904702547153,0.0,,,0.0,30.42403220944124,0.0,0.0,0.0
2023-01-20,0.0,,0.0,0.0,,,0.0,41.07244348274568,0.0,0.0,0.0
2023-01-21,0.0,,28.357618311584712,0.0,,,0.0,0.0,0.0,0.0,0.0
2023-01-22,0.0,,0.0,0.0,,,0.0,31.94523381991329,0.0,0.0,0.0
2023-01-23,0.0,,24.69857078750926,0.0,,,0.0,46.39664911939789,0.0,0.0,0.0
2023-01-24,0.0,,28.357618311584712,0.0,,,0.0,38.03004026180155,0.0,0.0,0.0
2023-01-25,0.0,,0.0,0.0,,,0.0,44.1148467036898,0.0,0.0,0.0
2023-01-26,0.0,,24.69857078750926,0.0,,,0.0,0.0,0.0,0.0,0.0
2023-01-27,0.0,,0.0,82.0,,,0.0,53.24205636652218,0.0,0.0,0.0
2023-01-28,0.0,,0.0,0.0,,,0.0,31.94523381991329,0.0,0.0,0.0
2023-01-29,0.0,,27.442856430565843,0.0,,,0.0,47.917850729869954,0.0,0.0,0.0
2023-01-30,0.0,,0.0,0.0,,,0.0,60.08746361364644,0.0,0.0,0.0
2023-01-31,0.0,,24.69857078750926,63.0,,,0.0,34.2270362356214,0.0,0.0,0.0
2023-02-01,0.0,,31.101903954641287,0.0,,,0.0,34.98763704085743,0.0,0.0,0.0
2023-02-02,0.0,,0.0,0.0,,,0.0,38.79064106703758,0.0,0.0,0.0
2023-02-03,0.0,,22.86904702547153,0.0,,,0.0,38.03004026180155,0.0,0.0,0.0
2023-02-04,0.0,,0.0,0.0,,,0.0,34.2270362356214,0.0,0.0,0.0
2023-02-05,0.0,,0.0,0.0,,,0.0,50.960253950814085,0.0,0.0,0.0
2023-02-06,0.0,,0.0,0.0,,,0.0,37.26943945656552,0.0,0.0,0.0
2023-02-07,0.0,,27.442856430565843,0.0,,,0.0,50.960253950814085,0.0,0.0,74.86889874949577
2023-02-08,0.0,,27.442856430565843,0.0,,,0.0,62.36926602935454,0.0,0.0,0.0
2023-02-09,0.0,,24.69857078750926,0.0,,,0.0,0.0,0.0,0.0,0.0
2023-02-10,0.0,,0.0,0.0,,,0.0,33.46643543038536,0.0,100.0,0.0
2023-02-11,0.0,,40.24952276482991,0.0,,,0.0,63.8904676398266,0.0,0.0,0.0
2023-02-12,0.0,,0.0,0.0,,,0.0,44.1148467036898,0.0,0.0,0.0
2023-02-13,0.0,,0.0,0.0,,,0.0,35.74823784609346,0.0,0.0,0.0
2023-02-14,0.0,,21.95428514445268,0.0,,,0.0,0.0,0.0,0.0,0.0
2023-02-15,0.0,,21.95428514445268,0.0,,,0.0,38.03004026180155,0.0,0.0,0.0
2023-02-16,0.0,,0.0,0.0,,,0.0,47.15724992463392,0.0,0.0,0.0
2023-02-17,0.0,,30.187142073622432,0.0,,,0.0,0.0,0.0,0.0,0.0
2023-02-18,0.0,,24.69857078750926,0.0,,,0.0,39.551241872273614,0.0,0.0,0.0
2023-02-19,0.0,,0.0,0.0,,,0.0,40.311842677509645,0.0,0.0,0.0
2023-02-20,0.0,,0.0,0.0,,,0.0,47.15724992463392,0.0,0.0,0.0
2023-02-21,0.0,,27.442856430565843,0.0,,,0.0,34.98763704085743,0.0,0.0,0.0
2023-02-22,0.0,,0.0,0.0,,,0.0,27.38162898849712,0.0,0.0,0.0
2023-02-23,0.0,,33.84618959769788,0.0,,,0.0,45.63604831416186,0.0,0.0,0.0
2023-02-24,0.0,,37.50523712177333,0.0,,,0.0,56.28445958746629,0.0,0.0,0.0
2023-02-25,0.0,,0.0,0.0,,,0.0,34.2270362356214,0.0,0.0,0.0
2023-02-26,0.0,,0.0,0.0,,,0.0,31.94523381991329,0.0,0.0,0.0
2023-02-27,0.0,,22.86904702547153,0.0,,,0.0,31.18463301467727,0.0,0.0,0.0
2023-02-28,0.0,,32.93142771667902,0.0,,,0.0,61.6086652241185,0.0,0.0,0.0
2023-03-01,0.0,,25.613332668528123,0.0,,,0.0,28.142229793733144,0.0,0.0,0.0
2023-03-02,0.0,,43.90857028890535,0.0,,,0.0,0.0,0.0,0.0,0.0
2023-03-03,0.0,,30.187142073622432,0.0,,,0.0,62.36926602935454,0.0,0.0,0.0
2023-03-04,0.0,,0.0,0.0,,,0.0,52.48145556128613,0.0,0.0,0.0
2023-03-05,0.0,,28.357618311584712,70.0,,,0.0,51.72085475605011,0.0,0.0,0.0
2023-03-06,0.0,,25.613332668528123,0.0,,,0.0,0.0,0.0,0.0,0.0
2023-03-07,0.0,,23.7838089064904,0.0,,,0.0,25.099826572789024,0.0,0.0,0.0
2023-03-08,0.0,,0.0,0.0,,,0.0,33.46643543038536,0.0,0.0,0.0
2023-03-09,0.0,,0.0,0.0,,,0.0,0.0,0.0,0.0,0.0
2023-03-10,0.0,,37.50523712177333,0.0,,,0.0,30.42403220944124,13.954748420661463,0.0,0.0
2023-03-11,0.0,,24.69857078750926,0.0,,,0.0,57.045060392702325,0.0,0.0,0.0
2023-03-12,0.0,,25.613332668528123,0.0,,,0.0,49.439052340342016,0.0,0.0,0.0
2023-03-13,0.0,,21.03952326343381,0.0,,,0.0,43.354245898453776,0.0,0.0,0.0
2023-03-14,0.0,,26.528094549546985,77.0,,,0.0,52.48145556128613,0.0,0.0,0.0
2023-03-15,0.0,,29.272380192603567,0.0,,,0.0,35.74823784609346,0.0,0.0,0.0
2023-03-16,0.0,,25.613332668528123,0.0,,,0.0,44.1148467036898,0.0,0.0,0.0
2023-03-17,0.0,,32.01666583566015,0.0,,,0.0,40.311842677509645,0.0,0.0,0.0
2023-03-18,0.0,,27.442856430565843,0.0,,,0.0,50.19965314557805,0.0,0.0,0.0
2023-03-19,0.0,,25.613332668528123,0.0,,,0.0,34.98763704085743,0.0,0.0,0.0
2023-03-20,0.0,,0.0,0.0,,,0.0,28.90283059896917,0.0,0.0,0.0
2023-03-21,0.0,,36.59047524075447,0.0,,,0.0,35.74823784609346,38.87394202898551,0.0,0.0
2023-03-22,0.0,,0.0,0.0,,,0.0,37.26943945656552,31.89656781865478,0.0,0.0
2023-03-23,0.0,,26.528094549546985,0.0,,,0.0,63.12986683459057,0.0,0.0,0.0
2023-03-24,0.0,,0.0,0.0,,,0.0,45.63604831416186,0.0,0.0,0.0
2023-03-25,0.0,,0.0,0.0,,,0.0,46.39664911939789,0.0,0.0,0.0
2023-03-26,0.0,,0.0,0.0,,,0.0,0.0,0.0,0.0,0.0
2023-03-27,0.0,,0.0,0.0,,,0.0,47.917850729869954,0.0,0.0,0.0
2023-03-28,0.0,,66.77761731437688,0.0,,,0.0,53.24205636652218,0.0,0.0,0.0
2023-03-29,0.0,,0.0,0.0,,,0.0,31.18463301467727,0.0,0.0,0.0
2023-03-30,0.0,,29.272380192603567,0.0,,,0.0,38.03004026180155,0.0,0.0,0.0
2023-03-31,0.0,,0.0,0.0,,,0.0,0.0,0.0,0.0,0.0
2023-04-01,0.0,,0.0,0.0,,,0.0,39.551241872273614,0.0,0.0,0.0
2023-04-02,0.0,,26.528094549546985,0.0,,,0.0,0.0,0.0,0.0,0.0
2023-04-03,0.0,,0.0,0.0,,,0.0,0.0,0.0,0.0,0.0
2023-04-04,57.28839593256095,,0.0,0.0,,,0.0,34.98763704085743,0.0,0.0,0.0
2023-04-05,0.0,,0.0,0.0,,,0.0,27.38162898849712,0.0,0.0,0.0
2023-04-06,0.0,,0.0,0.0,,,0.0,0.0,0.0,0.0,0.0
2023-04-07,0.0,,32.01666583566015,0.0,,,0.0,41.07244348274568,0.0,0.0,0.0
2023-04-08,0.0,,26.528094549546985,0.0,,,0.0,0.0,0.0,0.0,0.0
2023-04-09,0.0,,0.0,0.0,,,0.0,34.2270362356214,0.0,0.0,0.0
2023-04-10,0.0,,33.84618959769788,0.0,,,0.0,32.70583462514933,0.0,0.0,0.0
2023-04-11,0.0,,26.528094549546985,0.0,,,0.0,0.0,0.0,0.0,0.0
2023-04-12,0.0,,42.99380840788649,0.0,,,0.0,0.0,0.0,0.0,0.0
2023-04-13,0.0,,42.07904652686764,0.0,,,0.0,39.551241872273614,0.0,0.0,0.0
2023-04-14,0.0,,34.76095147871674,0.0,,,0.0,0.0,0.0,0.0,0.0
2023-04-15,0.0,,46.65285593196194,0.0,,,0.0,67.69347166600677,0.0,0.0,0.0
2023-04-16,0.0,,64.0333316713203,0.0,,,0.0,53.24205636652218,0.0,0.0,0.0
2023-04-17,0.0,,69.52190295743348,0.0,,,0.0,41.07244348274568,0.0,0.0,0.0
2023-04-18,0.0,,91.47618810188617,0.0,,,0.0,0.0,0.0,0.0,0.0
2023-04-19,0.0,,69.52190295743348,0.0,,,0.0,0.0,0.0,0.0,0.0
2023-04-20,0.0,,54.88571286113169,0.0,,,0.0,41.833044287981714,0.0,0.0,0.0
2023-04-21,0.0,,34.76095147871674,0.0,,,0.0,41.833044287981714,22.925658119658124,0.0,0.0
2023-04-22,0.0,,0.0,0.0,,,0.0,0.0,0.0,0.0,0.0
2023-04-23,0.0,,0.0,0.0,,,0.0,0.0,0.0,0.0,0.0
2023-04-24,0.0,,0.0,0.0,,,0.0,0.0,0.0,0.0,0.0
2023-04-25,0.0,,0.0,0.0,,,0.0,0.0,0.0,0.0,0.0
2023-04-26,0.0,,0.0,79.00000000000001,,,0.0,0.0,0.0,0.0,0.0
2023-04-27,0.0,,0.0,0.0,,,0.0,33.46643543038536,0.0,0.0,0.0
2023-04-28,0.0,,0.0,0.0,,,0.0,39.551241872273614,0.0,0.0,86.05620545919054
2023-04-29,0.0,,0.0,0.0,,,0.0,47.15724992463392,0.0,0.0,0.0
2023-04-30,0.0,,0.0,0.0,,,0.0,52.48145556128613,0.0,0.0,0.0
2023-05-01,0.0,,0.0,0.0,,,0.0,41.833044287981714,0.0,0.0,0.0
2023-05-02,0.0,,25.613332668528123,0.0,,,0.0,34.2270362356214,0.0,0.0,0.0
2023-05-03,54.39504260263362,,28.357618311584712,0.0,,,0.0,0.0,0.0,0.0,0.0
2023-05-04,0.0,,0.0,0.0,,,0.0,31.18463301467727,0.0,0.0,0.0
2023-05-05,0.0,,0.0,0.0,,,0.0,0.0,0.0,0.0,0.0
2023-05-06,0.0,,0.0,0.0,,,0.0,31.18463301467727,0.0,0.0,0.0
2023-05-07,0.0,,0.0,0.0,,,0.0,41.833044287981714,0.0,0.0,0.0
2023-05-08,0.0,,26.528094549546985,0.0,,,0.0,41.07244348274568,0.0,0.0,0.0
2023-05-09,0.0,,36.59047524075447,0.0,,,27.29931287219423,31.18463301467727,0.0,0.0,0.0
2023-05-10,0.0,,44.82333216992422,0.0,,,0.0,40.311842677509645,0.0,0.0,0.0
2023-05-11,0.0,,21.95428514445268,0.0,,,0.0,65.41166925029866,0.0,0.0,0.0
2023-05-12,0.0,,0.0,0.0,,,0.0,48.67845153510599,0.0,0.0,0.0
2023-05-13,0.0,,30.187142073622432,0.0,,,0.0,0.0,0.0,0.0,0.0
2023-05-14,0.0,,0.0,0.0,,,0.0,48.67845153510599,0.0,0.0,0.0
2023-05-15,0.0,,0.0,63.0,,,0.0,32.70583462514933,0.0,0.0,0.0
2023-05-16,0.0,,0.0,0.0,,,0.0,43.354245898453776,0.0,0.0,0.0
2023-05-17,0.0,,0.0,0.0,,,0.0,36.50883865132949,0.0,0.0,0.0
2023-05-18,0.0,,0.0,0.0,,,0.0,0.0,0.0,0.0,0.0
2023-05-19,0.0,,0.0,0.0,,,0.0,29.66343140420521,0.0,0.0,0.0
2023-05-20,0.0,,0.0,0.0,,,0.0,42.59364509321774,0.0,0.0,0.0
2023-05-21,0.0,,0.0,0.0,,,0.0,51.72085475605011,0.0,0.0,0.0
2023-05-22,0.0,,0.0,0.0,,,0.0,32.70583462514933,0.0,0.0,0.0
2023-05-23,0.0,,24.69857078750926,0.0,,,0.0,49.439052340342016,0.0,0.0,0.0
2023-05-24,0.0,,0.0,0.0,,,0.0,35.74823784609346,0.0,0.0,0.0
2023-05-25,0.0,,21.95428514445268,0.0,,,0.0,38.03004026180155,0.0,0.0,0.0
2023-05-26,0.0,,28.357618311584712,0.0,,,0.0,61.6086652241185,0.0,0.0,0.0
2023-05-27,0.0,,23.7838089064904,0.0,,,0.0,57.045060392702325,0.0,0.0,0.0
2023-05-28,0.0,,0.0,0.0,,,0.0,32.70583462514933,0.0,0.0,0.0
2023-05-29,0.0,,22.86904702547153,0.0,,,25.49935817732428,69.2146732764788,0.0,0.0,0.0
2023-05-30,0.0,,0.0,0.0,,,0.0,38.03004026180155,0.0,0.0,0.0
2023-05-31,0.0,,25.613332668528123,0.0,,,0.0,36.50883865132949,0.0,0.0,0.0
2023-06-01,0.0,,29.272380192603567,0.0,,,0.0,57.045060392702325,0.0,0.0,0.0
2023-06-02,0.0,,0.0,0.0,,,0.0,0.0,0.0,0.0,0.0
2023-06-03,0.0,,23.7838089064904,0.0,,,0.0,42.59364509321774,0.0,0.0,0.0
2023-06-04,0.0,,0.0,0.0,,,29.99924491449916,34.2270362356214,0.0,0.0,0.0
2023-06-05,0.0,,37.50523712177333,0.0,,,0.0,37.26943945656552,0.0,0.0,0.0
2023-06-06,0.0,,29.272380192603567,0.0,,,0.0,52.48145556128613,0.0,0.0,0.0
2023-06-07,0.0,,22.86904702547153,0.0,,,0.0,45.63604831416186,0.0,0.0,0.0
2023-06-08,0.0,,21.95428514445268,0.0,,,0.0,43.354245898453776,0.0,0.0,0.0
2023-06-09,0.0,,28.357618311584712,0.0,,,0.0,27.38162898849712,0.0,0.0,0.0
2023-06-10,0.0,,24.69857078750926,69.0,,,0.0,59.32686280841042,0.0,0.0,0.0
2023-06-11,0.0,,0.0,0.0,,,0.0,0.0,0.0,0.0,0.0
2023-06-12,0.0,,0.0,100.0,,,0.0,40.311842677509645,0.0,0.0,0.0
2023-06-13,0.0,,34.76095147871674,0.0,,,0.0,0.0,0.0,0.0,0.0
2023-06-14,0.0,,23.7838089064904,0.0,,,0.0,38.79064106703758,0.0,0.0,0.0
2023-06-15,0.0,,0.0,0.0,,,0.0,35.74823784609346,0.0,0.0,0.0
2023-06-16,0.0,,26.528094549546985,0.0,,,0.0,44.875447508925824,0.0,0.0,0.0
2023-06-17,0.0,,0.0,0.0,,,0.0,41.07244348274568,0.0,0.0,0.0
2023-06-18,0.0,,0.0,0.0,,,0.0,0.0,0.0,0.0,0.0
2023-06-19,0.0,,21.03952326343381,0.0,,,0.0,37.26943945656552,0.0,0.0,0.0
2023-06-20,0.0,,21.95428514445268,0.0,,,0.0,0.0,0.0,0.0,0.0
2023-06-21,0.0,,24.69857078750926,0.0,,,0.0,34.2270362356214,0.0,0.0,0.0
2023-06-22,0.0,,29.272380192603567,0.0,,,0.0,33.46643543038536,0.0,0.0,0.0
2023-06-23,0.0,,0.0,0.0,,,0.0,67.69347166600677,0.0,0.0,0.0
2023-06-24,0.0,,0.0,0.0,,,0.0,40.311842677509645,0.0,0.0,0.0
2023-06-25,0.0,,0.0,0.0,,,0.0,32.70583462514933,0.0,0.0,0.0
2023-06-26,0.0,,0.0,0.0,,,0.0,29.66343140420521,0.0,0.0,0.0
2023-06-27,0.0,,0.0,0.0,,,0.0,63.12986683459057,0.0,0.0,0.0
2023-06-28,0.0,,0.0,0.0,,,0.0,0.0,29.40464845782237,0.0,0.0
2023-06-29,0.0,,30.187142073622432,0.0,,,0.0,76.0600805236031,40.36909364548496,0.0,0.0
2023-06-30,0.0,,0.0,0.0,,,0.0,0.0,49.8383872166481,0.0,0.0
2023-07-01,0.0,,0.0,0.0,,,0.0,42.59364509321774,26.41434522482349,0.0,0.0
2023-07-02,0.0,,0.0,0.0,,,0.0,0.0,15.94828390932739,0.0,0.0
2023-07-03,0.0,,0.0,0.0,,,0.0,38.79064106703758,12.957980676328509,0.0,0.0
2023-07-04,0.0,0.0,0.0,0.0,,,0.0,37.449392712550605,,,
2023-07-05,0.0,0.0,0.0,0.0,,,0.0,41.61043634727846,,,
2023-07-06,0.0,0.0,0.0,0.0,,,0.0,32.45614035087719,,,
2023-07-07,0.0,0.0,0.0,0.0,,,0.0,39.94601889338731,,,
2023-07-08,0.0,0.0,0.0,0.0,,,0.0,0.0,,,
2023-07-09,0.0,0.0,0.0,0.0,,,0.0,0.0,,,
2023-07-10,0.0,0.0,0.0,0.0,,,0.0,0.0,,,
2023-07-11,0.0,0.0,0.0,0.0,,,0.0,33.28834907782276,,,
2023-07-12,0.0,0.0,0.0,0.0,,,0.0,34.120557804768325,,,
2023-07-13,0.0,0.0,0.0,0.0,,,0.0,54.92577597840754,,,
2023-07-14,0.0,0.0,0.0,0.0,,,0.0,62.41565452091768,,,
2023-07-15,0.0,0.0,31.26114774464832,0.0,,,0.0,0.0,,,
2023-07-16,0.0,0.0,0.0,0.0,,,0.0,44.93927125506072,,,
2023-07-17,0.0,0.0,0.0,0.0,,,0.0,0.0,,,
2023-07-18,0.0,0.0,0.0,0.0,,,0.0,44.10706252811516,,,
2023-07-19,0.0,0.0,0.0,0.0,,,0.0,0.0,,,
2023-07-20,0.0,0.0,0.0,0.0,,,0.0,41.61043634727846,,,
2023-07-21,0.0,0.0,0.0,0.0,,,0.0,83.22087269455692,,,
2023-07-22,0.0,0.0,0.0,0.0,,,0.0,0.0,,,
2023-07-23,0.0,0.0,0.0,0.0,,,0.0,0.0,,,
2023-07-24,0.0,0.0,0.0,0.0,,,0.0,0.0,,,
2023-07-25,0.0,0.0,0.0,0.0,,,0.0,37.449392712550605,,,
2023-07-26,0.0,0.0,0.0,0.0,,,0.0,36.61718398560503,,,
2023-07-27,0.0,0.0,0.0,0.0,,,0.0,39.11381016644175,,,
2023-07-28,0.0,0.0,0.0,0.0,,,0.0,0.0,,,
2023-07-29,0.0,0.0,0.0,0.0,,,0.0,38.28160143949617,,,
2023-07-30,0.0,0.0,0.0,0.0,,,0.0,49.10031488978857,,,
2023-07-31,0.0,0.0,0.0,0.0,,,0.0,37.449392712550605,,,
2023-08-01,0.0,0.0,0.0,0.0,,,0.0,0.0,,,
2023-08-02,0.0,0.0,0.0,0.0,,,0.0,32.45614035087719,,,
2023-08-03,0.0,0.0,0.0,0.0,,,0.0,54.09356725146199,,,
2023-08-04,0.0,0.0,0.0,0.0,,,0.0,60.751237067026544,,,
2023-08-05,0.0,0.0,30.20144782110092,0.0,,,0.0,44.10706252811516,,,
2023-08-06,0.0,0.0,0.0,0.0,,,0.0,39.11381016644175,,,
2023-08-07,0.0,0.0,23.84324827981651,0.0,,,0.0,0.0,,,
2023-08-08,0.0,0.0,0.0,0.0,,,0.0,36.61718398560503,,,
2023-08-09,0.0,0.0,0.0,0.0,,,0.0,77.39541160593791,,,
2023-08-10,0.0,0.0,0.0,0.0,,,0.0,46.60368870895186,,,
2023-08-11,0.0,0.0,0.0,0.0,,,0.0,33.28834907782276,,,
2023-08-12,0.0,0.0,0.0,0.0,,,0.0,44.93927125506072,,,
2023-08-13,0.0,0.0,31.79099770642202,0.0,,,0.0,48.268106162843,,,
2023-08-14,0.0,0.0,23.84324827981651,0.0,,,0.0,0.0,,,
2023-08-15,0.0,0.0,0.0,0.0,,,0.0,36.61718398560503,,,
2023-08-16,0.0,0.0,0.0,0.0,,,0.0,41.61043634727846,,,
2023-08-17,0.0,0.0,0.0,0.0,,,0.0,0.0,,,
2023-08-18,0.0,0.0,0.0,0.0,,,0.0,0.0,,,
2023-08-19,0.0,0.0,0.0,0.0,,,0.0,0.0,,,
2023-08-20,0.0,0.0,37.61934728593272,0.0,,,0.0,39.94601889338731,,,
2023-08-21,0.0,0.0,26.49249808868502,0.0,,,0.0,33.28834907782276,,,
2023-08-22,0.0,0.0,25.43279816513762,0.0,,,0.0,37.449392712550605,,,
2023-08-23,0.0,0.0,26.49249808868502,0.0,,,0.0,37.449392712550605,,,
2023-08-24,0.0,0.0,28.611897935779822,0.0,,,0.0,0.0,,,
2023-08-25,0.0,0.0,29.671597859327218,0.0,,,0.0,43.27485380116959,,,
2023-08-26,0.0,0.0,0.0,0.0,,,0.0,0.0,,,
2023-08-27,0.0,0.0,0.0,0.0,,,72.00000000000001,35.784975258659465,,,
2023-08-28,0.0,0.0,0.0,91.83632019115892,,,0.0,31.62393162393161,,,
2023-08-29,0.0,0.0,30.73129778287462,0.0,,,0.0,32.45614035087719,,,
2023-08-30,0.0,0.0,0.0,0.0,,,0.0,71.56995051731893,,,
2023-08-31,0.0,0.0,0.0,0.0,,,0.0,30.79172289698605,,,
2023-09-01,0.0,0.0,0.0,0.0,,,0.0,45.7714799820063,,,
2023-09-02,0.0,0.0,0.0,0.0,,,0.0,43.27485380116959,,,
2023-09-03,0.0,0.0,0.0,0.0,,,0.0,0.0,,,
2023-09-04,0.0,0.0,25.96264812691131,0.0,,,0.0,55.75798470535313,,,
2023-09-05,0.0,0.0,0.0,0.0,,,0.0,48.268106162843,,,
2023-09-06,0.0,0.0,29.671597859327218,0.0,,,0.0,42.44264507422402,,,
2023-09-07,0.0,0.0,22.78354835626911,0.0,,,0.0,39.94601889338731,,,
2023-09-08,0.0,0.0,25.96264812691131,0.0,,,0.0,51.59694107062528,,,
2023-09-09,86.00142525174286,0.0,0.0,0.0,,,0.0,0.0,,,
2023-09-10,0.0,0.0,25.96264812691131,0.0,,,0.0,0.0,,,
2023-09-11,0.0,0.0,39.208897171253824,0.0,,,0.0,44.10706252811516,,,
2023-09-12,0.0,0.0,0.0,0.0,,,0.0,30.79172289698605,,,
2023-09-13,94.89812441571624,0.0,32.32084766819572,0.0,,,0.0,37.449392712550605,,,
2023-09-14,0.0,0.0,24.90294820336392,0.0,,,0.0,41.61043634727846,,,
2023-09-15,0.0,0.0,0.0,0.0,,,0.0,63.24786324786324,,,
2023-09-16,0.0,0.0,0.0,0.0,,,0.0,33.28834907782276,,,
2023-09-17,0.0,0.0,31.26114774464832,0.0,,,0.0,55.75798470535313,,,
2023-09-18,0.0,0.0,0.0,0.0,,,0.0,29.959514170040485,,,
2023-09-19,0.0,0.0,32.32084766819572,0.0,,,0.0,34.120557804768325,,,
2023-09-20,0.0,0.0,26.49249808868502,0.0,,,0.0,41.61043634727846,,,
2023-09-21,0.0,0.0,0.0,0.0,,,0.0,29.959514170040485,,,
2023-09-22,0.0,0.0,21.72384843272171,0.0,,,0.0,0.0,,,
2023-09-23,0.0,0.0,0.0,0.0,,,0.0,46.60368870895186,,,
2023-09-24,0.0,0.0,26.49249808868502,0.0,,,0.0,80.7242465137202,,,
2023-09-25,0.0,0.0,0.0,0.0,,,0.0,48.268106162843,,,
2023-09-26,0.0,0.0,28.08204797400612,0.0,,,0.0,0.0,,,
2023-09-27,0.0,0.0,0.0,0.0,,,0.0,0.0,,,
2023-09-28,0.0,0.0,0.0,0.0,,,0.0,0.0,,,
2023-09-29,0.0,0.0,22.25369839449541,0.0,,,0.0,58.25461088618983,,,
2023-09-30,0.0,0.0,23.31339831804281,0.0,,,0.0,0.0,,,
2023-10-01,0.0,0.0,0.0,0.0,,,0.0,58.25461088618983,,,
2023-10-02,0.0,0.0,0.0,0.0,,,0.0,43.27485380116959,,,
2023-10-03,0.0,0.0,32.85069762996942,0.0,,,0.0,27.46288798920377,,,
2023-10-04,0.0,0.0,21.72384843272171,0.0,,,100.0,55.75798470535313,,,
2023-10-05,0.0,0.0,22.25369839449541,0.0,,,0.0,0.0,,,
2023-10-06,0.0,0.0,24.37309824159021,0.0,,,0.0,32.45614035087719,,,
2023-10-07,0.0,0.0,25.96264812691131,0.0,,,0.0,45.7714799820063,,,
2023-10-08,0.0,0.0,0.0,0.0,,,0.0,32.45614035087719,,,
2023-10-09,0.0,0.0,24.37309824159021,0.0,,,0.0,29.959514170040485,,,
2023-10-10,0.0,0.0,30.20144782110092,67.9206118080446,,,0.0,32.45614035087719,,,
2023-10-11,0.0,0.0,34.44024751529052,0.0,,,0.0,49.10031488978857,,,
2023-10-12,0.0,0.0,39.73874713302752,0.0,,,0.0,29.127305443094915,,,
2023-10-13,0.0,0.0,51.92529625382262,0.0,,,0.0,63.24786324786324,,,
2023-10-14,0.0,0.0,0.0,0.0,,,0.0,59.91902834008097,,,
2023-10-15,0.0,0.0,28.611897935779822,0.0,,,0.0,44.10706252811516,,,
2023-10-16,0.0,0.0,29.141747897553515,0.0,,,0.0,49.932523616734144,,,
2023-10-17,0.0,0.0,23.31339831804281,0.0,,,0.0,37.449392712550605,,,
2023-10-18,0.0,0.0,52.98499617737004,0.0,,,0.0,44.93927125506072,,,
2023-10-19,0.0,0.0,24.37309824159021,0.0,,,0.0,0.0,,,
2023-10-20,0.0,0.0,0.0,0.0,,,0.0,50.7647323436797,,,
2023-10-21,0.0,0.0,31.79099770642202,0.0,,,0.0,49.932523616734144,,,
2023-10-22,0.0,0.0,28.611897935779822,0.0,,,0.0,0.0,,,
2023-10-23,0.0,0.0,41.85814698012233,0.0,,,0.0,52.42914979757085,,,
2023-10-24,0.0,0.0,0.0,0.0,,,0.0,49.10031488978857,,,
2023-10-25,0.0,0.0,22.25369839449541,0.0,,,0.0,41.61043634727846,,,
2023-10-26,0.0,0.0,38.679047209480125,0.0,,,0.0,34.9527665317139,,,
2023-10-27,0.0,0.0,38.679047209480125,0.0,,,0.0,45.7714799820063,,,
2023-10-28,0.0,0.0,0.0,0.0,,,0.0,0.0,,,
2023-10-29,98.85221293303776,0.0,0.0,0.0,,,0.0,0.0,,,
2023-10-30,0.0,0.0,0.0,0.0,,,0.0,44.93927125506072,,,
2023-10-31,0.0,0.0,33.91039755351682,0.0,,,0.0,0.0,,,
2023-11-01,0.0,0.0,28.08204797400612,0.0,,,0.0,47.43589743589744,,,
2023-11-02,0.0,0.0,0.0,0.0,,,0.0,35.784975258659465,,,
2023-11-03,0.0,0.0,0.0,0.0,,,0.0,0.0,,,
2023-11-04,0.0,0.0,0.0,0.0,,,0.0,46.60368870895186,,,
2023-11-05,0.0,0.0,24.90294820336392,0.0,,,0.0,0.0,,,
2023-11-06,0.0,0.0,22.25369839449541,77.48689516129032,,,0.0,49.10031488978857,,,
2023-11-07,0.0,0.0,25.96264812691131,0.0,,,0.0,33.28834907782276,,,
2023-11-08,0.0,0.0,0.0,0.0,,,0.0,53.26135852451642,,,
2023-11-09,0.0,0.0,0.0,0.0,,,0.0,0.0,,,
2023-11-10,0.0,0.0,0.0,0.0,,,0.0,0.0,,,
2023-11-11,0.0,0.0,0.0,0.0,,,0.0,0.0,,,
2023-11-12,0.0,0.0,0.0,0.0,,,0.0,39.11381016644175,,,
2023-11-13,0.0,0.0,21.19399847094801,0.0,,,0.0,0.0,,,
2023-11-14,0.0,0.0,0.0,0.0,,,0.0,35.784975258659465,,,
2023-11-15,0.0,0.0,0.0,0.0,,,0.0,50.7647323436797,,,
2023-11-16,70.18507118245681,0.0,0.0,0.0,,,0.0,30.79172289698605,,,
2023-11-17,0.0,0.0,0.0,0.0,,,0.0,47.43589743589744,,,
2023-11-18,0.0,0.0,24.90294820336392,0.0,,,0.0,32.45614035087719,,,
2023-11-19,0.0,0.0,0.0,0.0,,,0.0,69.9055330634278,,,
2023-11-20,0.0,0.0,28.08204797400612,0.0,,,0.0,64.91228070175438,,,
2023-11-21,0.0,0.0,0.0,0.0,,,0.0,36.61718398560503,,,
2023-11-22,0.0,0.0,38.149197247706425,0.0,,,0.0,0.0,,,
2023-11-23,0.0,0.0,0.0,0.0,,,57.00000000000001,46.60368870895186,,,
2023-11-24,0.0,0.0,0.0,0.0,,,0.0,36.61718398560503,,,
2023-11-25,0.0,0.0,0.0,0.0,,,0.0,56.59019343229869,,,
2023-11-26,0.0,0.0,0.0,0.0,,,0.0,34.120557804768325,,,
2023-11-27,0.0,0.0,0.0,95.6628335324572,,,0.0,42.44264507422402,,,
2023-11-28,0.0,0.0,0.0,0.0,,,0.0,59.91902834008097,,,
2023-11-29,0.0,0.0,34.44024751529052,0.0,,,0.0,44.10706252811516,,,
2023-11-30,0.0,100.0,27.02234805045872,0.0,,,0.0,46.60368870895186,,,
2023-12-01,0.0,0.0,0.0,0.0,,,0.0,65.74448942869995,,,
2023-12-02,0.0,0.0,24.37309824159021,0.0,,,0.0,0.0,,,
2023-12-03,0.0,0.0,32.32084766819572,0.0,,,0.0,37.449392712550605,,,
2023-12-04,0.0,0.0,23.84324827981651,0.0,,,0.0,39.94601889338731,,,
2023-12-05,0.0,0.0,21.19399847094801,0.0,,,0.0,39.11381016644175,,,
2023-12-06,0.0,0.0,0.0,0.0,,,0.0,57.42240215924426,,,
2023-12-07,0.0,0.0,20.66414850917431,0.0,,,0.0,47.43589743589744,,,
2023-12-08,0.0,0.0,0.0,0.0,,,0.0,0.0,,,
2023-12-09,0.0,0.0,34.44024751529052,0.0,,,0.0,32.45614035087719,,,
2023-12-10,0.0,0.0,31.79099770642202,0.0,,,0.0,0.0,,,
2023-12-11,0.0,0.0,22.25369839449541,0.0,,,0.0,42.44264507422402,,,
2023-12-12,0.0,0.0,0.0,0.0,,,0.0,64.08007197480882,,,
2023-12-13,0.0,0.0,21.19399847094801,0.0,,,0.0,65.74448942869995,,,
2023-12-14,0.0,0.0,0.0,0.0,,,0.0,61.5834457939721,,,
2023-12-15,0.0,0.0,33.91039755351682,0.0,,,0.0,58.25461088618983,,,
2023-12-16,0.0,0.0,0.0,0.0,,,0.0,62.41565452091768,,,
2023-12-17,0.0,0.0,0.0,0.0,,,0.0,0.0,,,
2023-12-18,0.0,0.0,0.0,0.0,,,0.0,54.92577597840754,,,
2023-12-19,0.0,0.0,0.0,0.0,,,0.0,34.120557804768325,,,
2023-12-20,0.0,0.0,24.90294820336392,0.0,,,0.0,43.27485380116959,,,
2023-12-21,0.0,0.0,0.0,0.0,,,0.0,40.778227620332885,,,
2023-12-22,0.0,0.0,0.0,0.0,,,0.0,37.449392712550605,,,
2023-12-23,0.0,0.0,0.0,0.0,,,0.0,0.0,,,
2023-12-24,0.0,0.0,36.55964736238532,0.0,,,0.0,0.0,,,
2023-12-25,0.0,0.0,0.0,0.0,,,0.0,0.0,,,
2023-12-26,0.0,0.0,25.43279816513762,0.0,,,0.0,0.0,,,
2023-12-27,0.0,0.0,0.0,0.0,,,0.0,38.28160143949617,,,
2023-12-28,0.0,0.0,0.0,0.0,,,0.0,0.0,,,
2023-12-29,0.0,0.0,28.08204797400612,0.0,,,0.0,50.7647323436797,,,
2023-12-30,0.0,0.0,0.0,0.0,,,0.0,0.0,,,
2023-12-31,0.0,0.0,0.0,0.0,,,0.0,0.0,,,
2024-01-01,0.0,0.0,0.0,0.0,,,0.0,43.27485380116959,,,
2024-01-02,0.0,0.0,0.0,0.0,,,0.0,0.0,,,
2024-01-03,0.0,,0.0,0.0,,,,0.0,0.0,,
2024-01-04,0.0,,0.0,0.0,,,,0.0,0.0,,
2024-01-05,0.0,,0.0,0.0,,,,0.0,0.0,,
2024-01-06,0.0,,0.0,0.0,,,,68.85786444272684,0.0,,
2024-01-07,0.0,,0.0,0.0,,,,0.0,0.0,,
2024-01-08,0.0,,0.0,0.0,,,,48.70434314241654,0.0,,
2024-01-09,0.0,,41.77178899082569,0.0,,,,36.10839232972261,0.0,,
2024-01-10,0.0,,41.77178899082569,0.0,,,,54.58245352167371,0.0,,
2024-01-11,0.0,,0.0,0.0,,,,0.0,0.0,,
2024-01-12,0.0,,0.0,0.0,,,,38.6275824922614,0.0,,
2024-01-13,0.0,,0.0,0.0,,,,47.86461308823695,0.0,,
2024-01-14,0.0,,0.0,0.0,,,,52.902993413314526,0.0,,
2024-01-15,0.0,,0.0,0.0,,,,34.42893222136342,0.0,,
2024-01-16,0.0,,0.0,0.0,,,,0.0,0.0,,
2024-01-17,0.0,,24.88532110091743,0.0,,,,33.58920216718382,0.0,,
2024-01-18,0.0,,0.0,0.0,,,,0.0,0.0,,
2024-01-19,0.0,,0.0,0.0,,,,52.902993413314526,0.0,,
2024-01-20,0.0,,0.0,0.0,,,,41.14677265480018,0.0,,
2024-01-21,0.0,,0.0,0.0,,,,47.02488303405735,0.0,,
2024-01-22,0.0,,25.77408256880734,0.0,,,,35.268662275543015,0.0,,
2024-01-23,0.0,,0.0,0.0,,,,47.02488303405735,0.0,,
2024-01-24,0.0,,0.0,0.0,,,,47.02488303405735,0.0,,
2024-01-25,0.0,,0.0,0.0,,,,0.0,0.0,,
2024-01-26,0.0,,42.6605504587156,0.0,,,,56.26191363003291,0.0,,
2024-01-27,0.0,,0.0,0.0,,,,45.34542292569816,0.0,,
2024-01-28,0.0,,36.43922018348624,0.0,,,,53.74272346749412,0.0,,
2024-01-29,0.0,,25.77408256880734,0.0,,,,52.06326335913493,0.0,,
2024-01-30,0.0,,0.0,0.0,,,,0.0,0.0,,
2024-01-31,0.0,,55.10321100917431,0.0,,,,63.81948411764926,0.0,,
2024-02-01,0.0,,29.32912844036697,0.0,,,,37.7878524380818,0.0,,
2024-02-02,0.0,,39.10550458715596,0.0,,,,0.0,0.0,,
2024-02-03,0.0,,32.8841743119266,0.0,,,,69.69759449690643,0.0,,
2024-02-04,0.0,,39.99426605504587,69.91623309053071,,,,0.0,0.0,,
2024-02-05,0.0,,39.99426605504587,0.0,,,,53.74272346749412,0.0,,
2024-02-06,0.0,,39.10550458715596,0.0,,,,46.18515297987776,0.0,,
2024-02-07,0.0,,0.0,0.0,,,,53.74272346749412,0.0,,
2024-02-08,0.0,,0.0,0.0,,,,53.74272346749412,0.0,,
2024-02-09,0.0,,0.0,0.0,,,,0.0,0.0,,
2024-02-10,0.0,,0.0,0.0,,,,0.0,0.0,,
2024-02-11,0.0,,0.0,0.0,,,,54.58245352167371,0.0,,
2024-02-12,0.0,,40.88302752293578,0.0,,,,0.0,0.0,,
2024-02-13,0.0,,0.0,0.0,,,,0.0,0.0,,
2024-02-14,0.0,,0.0,0.0,,,,0.0,0.0,,
2024-02-15,0.0,,0.0,0.0,,,,41.14677265480018,0.0,,
2024-02-16,0.0,,0.0,0.0,,,,0.0,0.0,,
2024-02-17,0.0,,0.0,0.0,,,,0.0,0.0,,
2024-02-18,0.0,,0.0,0.0,,,,68.85786444272684,0.0,,
2024-02-19,0.0,,0.0,0.0,,,,57.101643684212505,0.0,,
2024-02-20,0.0,,36.43922018348624,0.0,,,,0.0,0.0,,
2024-02-21,0.0,,32.8841743119266,0.0,,,,0.0,0.0,,
2024-02-22,0.0,,0.0,0.0,,,,44.50569287151857,0.0,,
2024-02-23,0.0,,33.772935779816514,0.0,,,,40.30704260062059,0.0,,
2024-02-24,0.0,,33.772935779816514,0.0,,,,0.0,0.0,,
2024-02-25,0.0,,37.32798165137615,0.0,,,,52.06326335913493,0.0,,
2024-02-26,0.0,,31.106651376146782,0.0,,,,36.9481223839022,0.0,,
2024-02-27,61.300814369753176,,28.440366972477065,0.0,,,,47.86461308823695,0.0,,
2024-02-28,0.0,,0.0,0.0,,,,44.50569287151857,0.0,,
2024-02-29,0.0,,25.77408256880734,0.0,,,,36.9481223839022,0.0,,
2024-03-01,0.0,,0.0,0.0,,,,67.17840433436764,0.0,,
2024-03-02,0.0,,35.55045871559633,0.0,,,,57.941373738392095,0.0,,
2024-03-03,0.0,,0.0,0.0,,,,0.0,0.0,,
2024-03-04,0.0,,38.216743119266056,0.0,,,,45.34542292569816,39.195794743429296,,
2024-03-05,0.0,,26.662844036697244,0.0,,,,52.06326335913493,0.0,,
2024-03-06,0.0,,26.662844036697244,0.0,,,,36.10839232972261,0.0,,
2024-03-07,0.0,,32.8841743119266,0.0,,,,0.0,0.0,,
2024-03-08,0.0,,0.0,0.0,,,,0.0,23.16115143929913,,
2024-03-09,0.0,,0.0,0.0,,,,0.0,0.0,,
2024-03-10,0.0,,31.995412844036696,0.0,,,,0.0,42.313642052565726,,
2024-03-11,0.0,,0.0,0.0,,,,37.7878524380818,37.85957446808512,,
2024-03-12,0.0,,32.8841743119266,0.0,,,,0.0,0.0,,
2024-03-13,0.0,,0.0,0.0,,,,67.17840433436764,0.0,,
2024-03-14,0.0,,0.0,0.0,,,,0.0,0.0,,
2024-03-15,0.0,,0.0,0.0,,,,61.30029395511048,0.0,,
2024-03-16,0.0,,0.0,0.0,,,,41.14677265480018,0.0,,
2024-03-17,0.0,,0.0,0.0,,,,0.0,0.0,,
2024-03-18,0.0,,0.0,0.0,,,,55.4221835758533,0.0,,
2024-03-19,0.0,,38.216743119266056,0.0,,,,43.665962817338965,0.0,,
2024-03-20,0.0,,0.0,0.0,,,,55.4221835758533,0.0,,
2024-03-21,0.0,,0.0,0.0,,,,0.0,0.0,,
2024-03-22,0.0,,0.0,0.0,,,,48.70434314241654,0.0,,
2024-03-23,0.0,,0.0,0.0,,,,0.0,0.0,,
2024-03-24,0.0,,33.772935779816514,0.0,,,,55.4221835758533,0.0,,
2024-03-25,0.0,,0.0,0.0,,,,0.0,0.0,,
2024-03-26,0.0,,0.0,0.0,,,,36.10839232972261,0.0,,
2024-03-27,0.0,,0.0,0.0,,,,54.58245352167371,0.0,,
2024-03-28,0.0,,0.0,0.0,,,,0.0,0.0,,
2024-03-29,0.0,,0.0,0.0,,,,0.0,0.0,,
2024-03-30,0.0,,39.99426605504587,0.0,,,,41.98650270897978,0.0,,
2024-03-31,0.0,,0.0,0.0,,,,0.0,0.0,,
2024-04-01,0.0,,0.0,0.0,,,,0.0,0.0,,
2024-04-02,0.0,,0.0,0.0,,,,0.0,0.0,,
2024-04-03,0.0,,36.43922018348624,0.0,,,,41.14677265480018,0.0,,
2024-04-04,0.0,,46.21559633027523,0.0,,,,46.18515297987776,0.0,,
2024-04-05,0.0,,58.65825688073394,0.0,,,,0.0,0.0,,
2024-04-06,0.0,,79.09977064220183,0.0,,,,0.0,0.0,,
2024-04-07,0.0,,47.99311926605505,0.0,,,,0.0,0.0,,
2024-04-08,0.0,,88.87614678899082,0.0,,,,0.0,0.0,,
2024-04-09,0.0,,32.8841743119266,0.0,,,,0.0,0.0,,
2024-04-10,0.0,,0.0,0.0,,,,0.0,0.0,,
2024-04-11,0.0,,35.55045871559633,0.0,,,,0.0,0.0,,
2024-04-12,0.0,,0.0,0.0,,,,0.0,0.0,,
2024-04-13,0.0,,0.0,0.0,,,,0.0,0.0,,
2024-04-14,0.0,,0.0,0.0,,,,0.0,0.0,,
2024-04-15,0.0,,0.0,0.0,,,,0.0,0.0,,
2024-04-16,0.0,,0.0,0.0,,,,0.0,0.0,,
2024-04-17,0.0,,0.0,0.0,,,,40.30704260062059,0.0,,
2024-04-18,0.0,,0.0,0.0,,,,0.0,0.0,,
2024-04-19,0.0,,0.0,0.0,,,,0.0,0.0,,
2024-04-20,0.0,,0.0,0.0,,,,50.383803250775735,0.0,,
2024-04-21,0.0,,0.0,0.0,,,,0.0,0.0,,
2024-04-22,0.0,,0.0,0.0,,,,53.74272346749412,0.0,,
2024-04-23,0.0,,0.0,0.0,,,,37.7878524380818,0.0,,
2024-04-24,0.0,,0.0,0.0,,,,44.50569287151857,0.0,,
2024-04-25,0.0,,31.995412844036696,0.0,,,,37.7878524380818,0.0,,
2024-04-26,0.0,,0.0,0.0,,,,0.0,0.0,,
2024-04-27,0.0,,31.995412844036696,0.0,,,,0.0,0.0,,
2024-04-28,0.0,,0.0,0.0,,,,0.0,0.0,,
2024-04-29,0.0,,0.0,0.0,,,,36.10839232972261,0.0,,
2024-04-30,45.36260263361735,,0.0,0.0,,,,0.0,0.0,,
2024-05-01,0.0,,0.0,0.0,,,,0.0,0.0,,
2024-05-02,0.0,,0.0,0.0,,,,0.0,0.0,,
2024-05-03,0.0,,36.43922018348624,0.0,,,,38.6275824922614,0.0,,
2024-05-04,0.0,,0.0,0.0,,,,0.0,0.0,,
2024-05-05,0.0,,0.0,0.0,,,,0.0,0.0,,
2024-05-06,0.0,,0.0,0.0,,,,65.49894422600845,0.0,,
2024-05-07,0.0,,0.0,0.0,,,,38.6275824922614,0.0,,
2024-05-08,0.0,,0.0,0.0,,,,0.0,0.0,,
2024-05-09,0.0,,0.0,0.0,,,,56.26191363003291,0.0,,
2024-05-10,0.0,,0.0,0.0,,,,46.18515297987776,0.0,,
2024-05-11,0.0,,0.0,0.0,,,,52.06326335913493,0.0,,
2024-05-12,0.0,,0.0,0.0,,,,68.01813438854722,0.0,,
2024-05-13,0.0,,0.0,0.0,,,,50.383803250775735,0.0,,
2024-05-14,0.0,,0.0,0.0,,,,51.22353330495534,0.0,,
2024-05-15,0.0,,0.0,0.0,,,,70.53732455108603,0.0,,
2024-05-16,0.0,,33.772935779816514,0.0,,,,0.0,0.0,,
2024-05-17,0.0,,0.0,0.0,,,,0.0,0.0,,
2024-05-18,0.0,,0.0,0.0,,,,52.902993413314526,0.0,,
2024-05-19,0.0,,29.32912844036697,0.0,,,,0.0,28.506032540675857,,
2024-05-20,0.0,,24.88532110091743,0.0,,,,58.78110379257169,0.0,,
2024-05-21,0.0,,0.0,0.0,,,,0.0,0.0,,
2024-05-22,0.0,,0.0,0.0,,,,0.0,0.0,,
2024-05-23,0.0,,0.0,0.0,,,,50.383803250775735,0.0,,
2024-05-24,0.0,,0.0,65.02209677419356,,,,48.70434314241654,0.0,,
2024-05-25,0.0,,0.0,0.0,,,,0.0,0.0,,
2024-05-26,0.0,,0.0,0.0,,,,53.74272346749412,0.0,,
2024-05-27,0.0,,0.0,0.0,,,,0.0,0.0,,
2024-05-28,0.0,,0.0,0.0,,,,51.22353330495534,0.0,,
2024-05-29,0.0,,0.0,0.0,,,,52.902993413314526,0.0,,
2024-05-30,0.0,,0.0,0.0,,,,36.10839232972261,0.0,,
2024-05-31,0.0,,0.0,0.0,,,,0.0,0.0,,
2024-06-01,0.0,,30.21788990825688,0.0,,,,0.0,0.0,,
2024-06-02,0.0,,0.0,0.0,,,,38.6275824922614,0.0,,
2024-06-03,0.0,,32.8841743119266,0.0,,,,43.665962817338965,0.0,,
2024-06-04,0.0,,29.32912844036697,0.0,,,,47.02488303405735,0.0,,
2024-06-05,0.0,,32.8841743119266,0.0,,,,62.14002400929007,0.0,,
2024-06-06,0.0,,0.0,0.0,,,,46.18515297987776,0.0,,
2024-06-07,0.0,,0.0,0.0,,,,44.50569287151857,0.0,,
2024-06-08,0.0,,39.10550458715596,0.0,,,,0.0,0.0,,
2024-06-09,0.0,,0.0,0.0,,,,0.0,0.0,,
2024-06-10,0.0,,0.0,0.0,,,,52.902993413314526,0.0,,
2024-06-11,0.0,,0.0,0.0,,,,46.18515297987776,0.0,,
2024-06-12,0.0,,0.0,0.0,,,,0.0,0.0,,
2024-06-13,0.0,,0.0,0.0,,,,0.0,0.0,,
2024-06-14,0.0,,0.0,0.0,,,,83.97300541795956,0.0,,
2024-06-15,0.0,,0.0,0.0,,,,0.0,0.0,,
2024-06-16,0.0,,0.0,0.0,,,,0.0,25.38818523153943,,
2024-06-17,0.0,,0.0,0.0,,,,0.0,0.0,,
2024-06-18,0.0,,0.0,0.0,,,,0.0,42.75904881101378,,
2024-06-19,0.0,,0.0,0.0,,,,0.0,44.54067584480603,,
2024-06-20,0.0,,0.0,0.0,,,,0.0,0.0,,
2024-06-21,0.0,,0.0,0.0,,,,41.98650270897978,24.497371714643307,,
2024-06-22,0.0,,0.0,0.0,,,,0.0,0.0,,
2024-06-23,0.0,,0.0,0.0,,,,0.0,0.0,,
2024-06-24,0.0,,34.66169724770642,0.0,,,,52.902993413314526,0.0,,
2024-06-25,0.0,,0.0,0.0,,,,54.58245352167371,0.0,,
2024-06-26,0.0,,0.0,0.0,,,,0.0,0.0,,
2024-06-27,0.0,,30.21788990825688,0.0,,,,50.383803250775735,0.0,,
2024-06-28,0.0,,0.0,0.0,,,,0.0,0.0,,
2024-06-29,0.0,,0.0,0.0,,,,40.30704260062059,0.0,,
2024-06-30,0.0,,0.0,0.0,,,,52.902993413314526,0.0,,
2024-07-01,0.0,,0.0,0.0,,,,37.7878524380818,0.0,,
2024-07-02,0.0,,26.662844036697244,0.0,,,,0.0,0.0,,
2024-07-03,0.0,,0.0,0.0,,,,0.0,0.0,,
2024-07-04,0.0,,0.0,0.0,,,0.0,0.0,,,0.0
2024-07-05,0.0,,0.0,0.0,,,0.0,0.0,,,0.0
2024-07-06,0.0,,0.0,0.0,,,0.0,0.0,,,0.0
2024-07-07,0.0,,0.0,0.0,,,0.0,0.0,,,0.0
2024-07-08,0.0,,0.0,0.0,,,0.0,0.0,,,0.0
2024-07-09,0.0,,0.0,0.0,,,0.0,62.00000000000001,,,0.0
2024-07-10,0.0,,0.0,0.0,,,0.0,51.0,,,0.0
2024-07-11,0.0,,0.0,0.0,,,0.0,0.0,,,0.0
2024-07-12,0.0,,0.0,0.0,,,0.0,0.0,,,0.0
2024-07-13,0.0,,0.0,0.0,,,0.0,52.00000000000001,,,0.0
2024-07-14,0.0,,0.0,0.0,,,0.0,57.0,,,0.0
2024-07-15,0.0,,0.0,0.0,,,0.0,0.0,,,0.0
2024-07-16,0.0,,0.0,0.0,,,0.0,0.0,,,0.0
2024-07-17,0.0,,0.0,0.0,,,0.0,0.0,,,0.0
2024-07-18,0.0,,0.0,0.0,,,0.0,45.0,,,0.0
2024-07-19,0.0,,0.0,0.0,,,0.0,53.00000000000001,,,0.0
2024-07-20,0.0,,0.0,0.0,,,0.0,71.00000000000001,,,0.0
2024-07-21,0.0,,0.0,0.0,,,0.0,0.0,,,0.0
2024-07-22,0.0,,0.0,67.94000000000001,,,0.0,0.0,,,0.0
2024-07-23,0.0,,0.0,0.0,,,0.0,68.0,,,0.0
2024-07-24,0.0,,0.0,0.0,,,0.0,78.0,,,0.0
2024-07-25,0.0,,0.0,0.0,,,0.0,0.0,,,0.0
2024-07-26,0.0,,0.0,0.0,,,0.0,50.0,,,0.0
2024-07-27,0.0,,0.0,0.0,,,0.0,93.0,,,0.0
2024-07-28,0.0,,0.0,0.0,,,0.0,64.0,,,0.0
2024-07-29,0.0,,0.0,0.0,,,0.0,63.0,,,0.0
2024-07-30,0.0,,0.0,0.0,,,0.0,68.99999999999999,,,0.0
2024-07-31,0.0,,0.0,0.0,,,0.0,76.0,,,0.0
2024-08-01,0.0,,0.0,0.0,,,0.0,57.0,,,0.0
2024-08-02,0.0,,0.0,0.0,,,0.0,0.0,,,0.0
2024-08-03,0.0,,63.36240296400848,0.0,,,0.0,0.0,,,0.0
2024-08-04,0.0,,0.0,0.0,,,0.0,53.00000000000001,,,0.0
2024-08-05,0.0,,0.0,0.0,,,0.0,68.99999999999999,,,0.0
2024-08-06,0.0,,0.0,0.0,,,0.0,91.0,,,0.0
2024-08-07,0.0,,58.77092448835569,0.0,,,0.0,71.00000000000001,,,0.0
2024-08-08,0.0,,0.0,0.0,,,0.0,70.0,,,0.0
2024-08-09,0.0,,0.0,0.0,,,0.0,0.0,,,50.92254941508672
2024-08-10,0.0,,0.0,0.0,,,0.0,74.00000000000001,,,0.0
2024-08-11,0.0,,0.0,0.0,,,0.0,0.0,,,0.0
2024-08-12,0.0,,0.0,0.0,,,0.0,66.0,,,0.0
2024-08-13,0.0,,64.28069865913903,0.0,,,0.0,0.0,,,0.0
2024-08-14,0.0,,91.82956951305576,0.0,,,0.0,56.0,,,0.0
2024-08-15,0.0,,0.0,0.0,,,0.0,0.0,,,0.0
2024-08-16,0.0,,0.0,0.0,,,0.0,0.0,,,0.0
2024-08-17,0.0,,0.0,0.0,,,0.0,0.0,,,0.0
2024-08-18,0.0,,0.0,0.0,,,0.0,65.0,,,0.0
2024-08-19,0.0,,0.0,0.0,,,0.0,0.0,,,0.0
2024-08-20,0.0,,51.42455892731122,0.0,,,0.0,56.0,,,0.0
2024-08-21,0.0,,0.0,0.0,,,0.0,54.0,,,0.0
2024-08-22,0.0,,0.0,0.0,,,0.0,0.0,,,0.0
2024-08-23,0.0,,0.0,0.0,,,0.0,84.0,,,0.0
2024-08-24,0.0,,0.0,0.0,,,0.0,50.0,,,0.0
2024-08-25,0.0,,0.0,0.0,,,0.0,0.0,,,0.0
2024-08-26,0.0,,0.0,0.0,,,0.0,0.0,,,0.0
2024-08-27,0.0,,0.0,0.0,,,0.0,53.00000000000001,,,0.0
2024-08-28,0.0,,0.0,0.0,,,0.0,0.0,,,0.0
2024-08-29,0.0,,0.0,0.0,,,0.0,49.0,,,0.0
2024-08-30,0.0,,0.0,0.0,,,0.0,74.00000000000001,,,0.0
2024-08-31,0.0,,0.0,0.0,,,0.0,0.0,,,0.0
2024-09-01,0.0,,0.0,0.0,,,0.0,0.0,,,0.0
2024-09-02,0.0,,0.0,0.0,,,0.0,39.0,,,0.0
2024-09-03,0.0,,48.66967184191955,0.0,,,0.0,59.00000000000001,,,0.0
2024-09-04,0.0,,0.0,0.0,,,0.0,43.00000000000001,,,0.0
2024-09-05,0.0,,0.0,0.0,,,0.0,0.0,,,0.0
2024-09-06,0.0,,0.0,0.0,,,0.0,0.0,,,0.0
2024-09-07,0.0,,0.0,0.0,,,0.0,53.00000000000001,,,0.0
2024-09-08,0.0,,0.0,0.0,,,0.0,56.0,,,0.0
2024-09-09,0.0,,0.0,0.0,,,0.0,0.0,,,0.0
2024-09-10,0.0,,45.91478475652788,0.0,,,0.0,50.0,,,0.0
2024-09-11,0.0,,75.30024700070571,0.0,,,0.0,55.0,,,0.0
2024-09-12,0.0,,0.0,0.0,,,0.0,57.0,,,0.0
2024-09-13,0.0,,54.17944601270289,0.0,,,0.0,46.0,,,0.0
2024-09-14,0.0,,62.44410726887792,0.0,,,45.15254237288136,78.0,,,0.0
2024-09-15,90.41744384198296,,0.0,0.0,,,0.0,0.0,,,0.0
2024-09-16,0.0,,0.0,0.0,,,0.0,0.0,,,0.0
2024-09-17,0.0,,0.0,0.0,,,0.0,47.0,,,0.0
2024-09-18,0.0,,54.17944601270289,0.0,,,0.0,0.0,,,54.75542947858788
2024-09-19,0.0,,0.0,0.0,,,0.0,50.0,,,0.0
2024-09-20,0.0,,72.54535991531404,0.0,,,0.0,62.00000000000001,,,0.0
2024-09-21,0.0,,72.54535991531404,0.0,,,0.0,47.0,,,0.0
2024-09-22,0.0,,0.0,0.0,,,0.0,52.00000000000001,,,0.0
2024-09-23,0.0,,0.0,0.0,,,0.0,58.0,,,0.0
2024-09-24,0.0,,59.68922018348624,0.0,,,0.0,63.0,,,0.0
2024-09-25,0.0,,0.0,0.0,,,0.0,51.0,,,0.0
2024-09-26,0.0,,0.0,0.0,,,0.0,68.0,,,0.0
2024-09-27,0.0,,0.0,0.0,,,0.0,68.99999999999999,,,0.0
2024-09-28,0.0,,66.11729004940015,0.0,,,0.0,0.0,,,0.0
2024-09-29,0.0,,0.0,0.0,,,0.0,45.0,,,0.0
2024-09-30,0.0,,0.0,0.0,,,0.0,44.0,,,0.0
